epoch,train_rmse,val_rmse,train_kl,val_kl,train_recon_loss,val_recon_loss,train_loss,val_loss
1,0.05830040136336581,0.028771362719079322,0.0,0.0,0.6459956070224144,0.041619328215070396,0.6459956070224144,0.041619328215070396
2,0.02412321981165344,0.01882922684892165,0.0,0.0,0.029586792999950286,0.018026871355447747,0.029586792999950286,0.018026871355447747
3,0.019780411983521408,0.017937604373231646,0.0,0.0,0.019774572187457453,0.016296141651129907,0.019774572187457453,0.016296141651129907
4,0.017636661424542326,0.017917511012891064,0.0,0.0,0.015758004480487205,0.016226980669077157,0.015758004480487205,0.016226980669077157
5,0.01631101566595132,0.0163715931097899,0.0,0.0,0.013484222780120632,0.013592422169445284,0.013484222780120632,0.013592422169445284
6,0.015139724879870363,0.017675419170887042,0.0,0.0,0.01162518661402661,0.01580864723892249,0.01162518661402661,0.01580864723892249
7,0.01417982491853349,0.013034612355689408,0.0,0.0,0.010229324223083668,0.008670294587785916,0.010229324223083668,0.008670294587785916
8,0.013354523913411706,0.0159479769864592,0.0,0.0,0.009081714328987881,0.012873736399131409,0.009081714328987881,0.012873736399131409
9,0.01277044980143499,0.016623948737065262,0.0,0.0,0.008287745954844288,0.014038909342941499,0.008287745954844288,0.014038909342941499
10,0.012850133034997083,0.013063168439727563,0.0,0.0,0.008388528326294364,0.008701092841305096,0.008388528326294364,0.008701092841305096
11,0.012430639808559671,0.00944961632893669,0.0,0.0,0.007863906318751345,0.004615927842905623,0.007863906318751345,0.004615927842905623
12,0.012138273033439813,0.01597817116515626,0.0,0.0,0.007518105388014244,0.012932921276991582,0.007518105388014244,0.012932921276991582
13,0.01202155897494703,0.013935152960395068,0.0,0.0,0.007366430237452488,0.009880577354227819,0.007366430237452488,0.009880577354227819
14,0.011881851959850854,0.019182448374022342,0.0,0.0,0.007177766277296193,0.01859180093093992,0.007177766277296193,0.01859180093093992
15,0.011552411941723042,0.012541314542351691,0.0,0.0,0.006804284991177516,0.008015861675047722,0.006804284991177516,0.008015861675047722
16,0.01150016088427644,0.01491739308729419,0.0,0.0,0.006750873611883236,0.011310325846192296,0.006750873611883236,0.011310325846192296
17,0.011457813392527971,0.016508095878007154,0.0,0.0,0.006704997169639081,0.013806069685081841,0.006704997169639081,0.013806069685081841
18,0.010153014853488527,0.013312308290099087,0.0,0.0,0.005226224357452574,0.00896552120571086,0.005226224357452574,0.00896552120571086
19,0.00996790857000733,0.01942211603839262,0.0,0.0,0.005036264802274642,0.01909100092789667,0.005036264802274642,0.01909100092789667
20,0.009910393231727769,0.014275507699311976,0.0,0.0,0.0049767689265899405,0.01032486135594821,0.0049767689265899405,0.01032486135594821
21,0.00990231141462581,0.012761089003903412,0.0,0.0,0.0049678317873334665,0.00825037612603643,0.0049678317873334665,0.00825037612603643
22,0.00977004532265986,0.017403121566277418,0.0,0.0,0.0048358337815886335,0.015302597899135273,0.0048358337815886335,0.015302597899135273
23,0.009691794511577659,0.017581100186276993,0.0,0.0,0.004756172128086197,0.015640085022128214,0.004756172128086197,0.015640085022128214
24,0.009240735595757771,0.014555916978189578,0.0,0.0,0.004325293069252966,0.01071231881594711,0.004325293069252966,0.01071231881594711
25,0.009168034474537535,0.012597755983745972,0.0,0.0,0.004256014035112994,0.00804282972690885,0.004256014035112994,0.00804282972690885
26,0.009090735118665604,0.017178117479285934,0.0,0.0,0.004186450338796081,0.014926150081930484,0.004186450338796081,0.014926150081930484
27,0.00905995325735,0.014353070013565629,0.0,0.0,0.00416022446201537,0.01039015252554297,0.00416022446201537,0.01039015252554297
28,0.009019037281718918,0.01516985574087238,0.0,0.0,0.004122148547425558,0.011643758540975144,0.004122148547425558,0.011643758540975144
29,0.00897725010711943,0.015404740521848335,0.0,0.0,0.004079261820686389,0.012015077294812953,0.004079261820686389,0.012015077294812953
30,0.008787832955560959,0.01414105774255401,0.0,0.0,0.003910009379512701,0.010108096207364347,0.003910009379512701,0.010108096207364347
31,0.008752043494701985,0.013260066857065178,0.0,0.0,0.0038820298153039697,0.008897753674308525,0.0038820298153039697,0.008897753674308525
32,0.00870143683312127,0.015404250525735493,0.0,0.0,0.0038338618656950066,0.012013365833323403,0.0038338618656950066,0.012013365833323403
33,0.008668882938726929,0.014310442472921233,0.0,0.0,0.0038068855098396174,0.010372221756439943,0.0038068855098396174,0.010372221756439943
34,0.008678678165245562,0.01493969844361412,0.0,0.0,0.0038146573066345345,0.011290847790015315,0.0038146573066345345,0.011290847790015315
35,0.008640687963662701,0.01357378219664429,0.0,0.0,0.003782315403046237,0.009318606048581526,0.003782315403046237,0.009318606048581526
36,0.008551933428783246,0.015321275268119647,0.0,0.0,0.0037048211311354676,0.011882533598587399,0.0037048211311354676,0.011882533598587399
37,0.008515928874009652,0.014942579097015869,0.0,0.0,0.003672063385257586,0.011305218628932667,0.003672063385257586,0.011305218628932667
38,0.008522834747380748,0.014474084083750893,0.0,0.0,0.0036803059054238045,0.010601689640345382,0.0036803059054238045,0.010601689640345382
39,0.008487665693996872,0.015486672173857423,0.0,0.0,0.0036507809068227633,0.012134139902615627,0.0036507809068227633,0.012134139902615627
40,0.008482886630925284,0.01515420566239252,0.0,0.0,0.0036464932252195863,0.011623192107182415,0.0036464932252195863,0.011623192107182415
41,0.00844965480077681,0.014061330874744333,0.0,0.0,0.0036161937696275797,0.010004548985124831,0.0036161937696275797,0.010004548985124831
42,0.008434471018541665,0.014815571981636909,0.0,0.0,0.003601031422891692,0.011094317270013003,0.003601031422891692,0.011094317270013003
43,0.008393963891700834,0.015176417724485847,0.0,0.0,0.0035708021177036147,0.011652674815651765,0.0035708021177036147,0.011652674815651765
44,0.008411124021039535,0.014272650416188748,0.0,0.0,0.0035846536793958735,0.010300158317446908,0.0035846536793958735,0.010300158317446908
45,0.008394234939070136,0.014854805842000439,0.0,0.0,0.0035710480233934142,0.01115648800023357,0.0035710480233934142,0.01115648800023357
46,0.008378663945824557,0.015029852168474642,0.0,0.0,0.0035584755616271915,0.011429912318271007,0.0035584755616271915,0.011429912318271007
47,0.00838028597798862,0.015127587293086775,0.0,0.0,0.003561388715240524,0.011564854428653865,0.003561388715240524,0.011564854428653865
48,0.008370268486215542,0.014652850223682332,0.0,0.0,0.00354616159452557,0.010858049460478053,0.00354616159452557,0.010858049460478053
49,0.00836891655683817,0.014205278094687655,0.0,0.0,0.0035464718853633606,0.01021247215095571,0.0035464718853633606,0.01021247215095571
50,0.0083500101386519,0.015056996115191592,0.0,0.0,0.0035347136492580424,0.011465062733029443,0.0035347136492580424,0.011465062733029443
51,0.008329948706792626,0.014192087552951463,0.0,0.0,0.003514918425114693,0.010188659662411963,0.003514918425114693,0.010188659662411963
52,0.008345965765591342,0.014433314550331604,0.0,0.0,0.003531472143986991,0.01054165732642945,0.003531472143986991,0.01054165732642945
53,0.008352014005531535,0.014873081447562844,0.0,0.0,0.0035339948754510124,0.011188992250341104,0.0035339948754510124,0.011188992250341104
54,0.008343878061219941,0.014413360708757587,0.0,0.0,0.003526504584034309,0.01050892569448637,0.003526504584034309,0.01050892569448637
55,0.008307208327627479,0.0150314678355985,0.0,0.0,0.003497062104461389,0.011428438469667897,0.003497062104461389,0.011428438469667897
56,0.008328517128275068,0.014765636973631223,0.0,0.0,0.0035118908210049656,0.011021121912776028,0.0035118908210049656,0.011021121912776028
57,0.008311034214544037,0.01486076277015168,0.0,0.0,0.003500872248594427,0.011170606282534475,0.003500872248594427,0.011170606282534475
58,0.008302034314624063,0.014581878767156747,0.0,0.0,0.0034908756545091193,0.010759489938882549,0.0034908756545091193,0.010759489938882549
59,0.00832228067667457,0.014623911720113942,0.0,0.0,0.0035105074390806446,0.010820326994410991,0.0035105074390806446,0.010820326994410991
60,0.008303266770551153,0.014645796362622128,0.0,0.0,0.0034947934919798726,0.01085101440341244,0.0034947934919798726,0.01085101440341244
61,0.008322125498885585,0.014921239901172079,0.0,0.0,0.003510278585407985,0.011260975181325489,0.003510278585407985,0.011260975181325489
62,0.008311260652290018,0.014694770947597099,0.0,0.0,0.0034987274947353144,0.010920010660769815,0.0034987274947353144,0.010920010660769815
63,0.008310316098538825,0.014676115121547062,0.0,0.0,0.003496854277696858,0.010890350972978169,0.003496854277696858,0.010890350972978169
64,0.008301361443163928,0.014653284146285375,0.0,0.0,0.0034877304940644106,0.010862661468502604,0.0034877304940644106,0.010862661468502604
65,0.008306354538307201,0.014387737067754784,0.0,0.0,0.0034980367101356594,0.010470540957357173,0.0034980367101356594,0.010470540957357173
66,0.008300574152667484,0.014725305149362837,0.0,0.0,0.003491651497173915,0.010967816684058678,0.003491651497173915,0.010967816684058678
67,0.008308348853280429,0.014830424857337272,0.0,0.0,0.00349765078482878,0.01112532499895214,0.00349765078482878,0.01112532499895214
68,0.008309880526874699,0.01482354017823868,0.0,0.0,0.0034970343188345764,0.011112080203782489,0.0034970343188345764,0.011112080203782489
69,0.008301800625978037,0.014750726496096838,0.0,0.0,0.0034910152938751487,0.011006378656961314,0.0034910152938751487,0.011006378656961314
70,0.008315556568245959,0.014679417293414956,0.0,0.0,0.0035040741404159686,0.010899209173410765,0.0035040741404159686,0.010899209173410765
71,0.008298015726874788,0.014800312330815505,0.0,0.0,0.00349187078854014,0.011080583586557918,0.00349187078854014,0.011080583586557918
72,0.008296005869838594,0.014684087274971946,0.0,0.0,0.0034844249959864525,0.010906444947622558,0.0034844249959864525,0.010906444947622558
73,0.008305644063203112,0.014805376947075627,0.0,0.0,0.0034964133432579068,0.011087800503823669,0.0034964133432579068,0.011087800503823669
74,0.008288871185954958,0.014804151960946577,0.0,0.0,0.0034827968424954673,0.011085555367504009,0.0034827968424954673,0.011085555367504009
75,0.008300024145587006,0.01486605962109207,0.0,0.0,0.003493151968601927,0.011178101501204364,0.003493151968601927,0.011178101501204364
76,0.00831975007459879,0.014779330295621684,0.0,0.0,0.0035072972752062353,0.011049652174156712,0.0035072972752062353,0.011049652174156712
77,0.008301935147749918,0.014766313180269273,0.0,0.0,0.0034916334193239393,0.011029920835616928,0.0034916334193239393,0.011029920835616928
78,0.008302099497324258,0.014630325328571142,0.0,0.0,0.003491598065726205,0.010827070426033892,0.003491598065726205,0.010827070426033892
79,0.00831342150344363,0.014687059047437764,0.0,0.0,0.003500724282185378,0.010910036634142981,0.003500724282185378,0.010910036634142981
80,0.008292752848485706,0.014613330894780067,0.0,0.0,0.0034832569007672855,0.010800914727815882,0.0034832569007672855,0.010800914727815882
81,0.008306264761879017,0.014703391876732027,0.0,0.0,0.003496176330632692,0.01093518797416186,0.003496176330632692,0.01093518797416186
82,0.00829533613866714,0.014676646543344858,0.0,0.0,0.003488541819417297,0.01089461780814589,0.003488541819417297,0.01089461780814589
83,0.008302652558893182,0.0146931641036385,0.0,0.0,0.0034896761729131857,0.01091941549684624,0.0034896761729131857,0.01091941549684624
84,0.00830361058146161,0.01469979674629078,0.0,0.0,0.003494625172454558,0.010929275163913451,0.003494625172454558,0.010929275163913451
85,0.00829065900341733,0.014767986949670275,0.0,0.0,0.003484938609076322,0.011030861177588652,0.003484938609076322,0.011030861177588652
86,0.008293389026564403,0.014708840115870056,0.0,0.0,0.00348260320800017,0.010942441989629298,0.00348260320800017,0.010942441989629298
87,0.008290867120212663,0.01471157435539574,0.0,0.0,0.0034807406779012572,0.010946645158464495,0.0034807406779012572,0.010946645158464495
88,0.008307987575521687,0.01472970813205476,0.0,0.0,0.0034979892138543574,0.010973859205634366,0.0034979892138543574,0.010973859205634366
89,0.008303733984562753,0.01472804920463392,0.0,0.0,0.0034917745175540014,0.010971783554449329,0.0034917745175540014,0.010971783554449329
90,0.008308892371782972,0.014773688718277873,0.0,0.0,0.0034930249080706716,0.011039970463417977,0.0034930249080706716,0.011039970463417977
91,0.008302582229738759,0.014747579766846488,0.0,0.0,0.0034927654545234194,0.01100015877086748,0.0034927654545234194,0.01100015877086748
92,0.008312892904042333,0.01473130924895057,0.0,0.0,0.0035003130620585715,0.010976428154610937,0.0035003130620585715,0.010976428154610937
93,0.008295857532668519,0.014673053909927906,0.0,0.0,0.003485657420583456,0.010888809803354169,0.003485657420583456,0.010888809803354169
94,0.008299435001638334,0.014703879877301962,0.0,0.0,0.003485871112574202,0.010935344962754112,0.003485871112574202,0.010935344962754112
95,0.008304566832385138,0.014714301674893602,0.0,0.0,0.00349503697316297,0.010950977299383186,0.00349503697316297,0.010950977299383186
96,0.008291427452441685,0.014745060076216525,0.0,0.0,0.0034831667716481263,0.010996917430872104,0.0034831667716481263,0.010996917430872104
97,0.008295159532138916,0.014700153819726594,0.0,0.0,0.0034851923973379124,0.010930070619295074,0.0034851923973379124,0.010930070619295074
98,0.008303613268309036,0.014702417375883264,0.0,0.0,0.0034986681084911426,0.010933181052921608,0.0034986681084911426,0.010933181052921608
99,0.008311911532369357,0.014715549186154486,0.0,0.0,0.0034963925862305247,0.010952635926745807,0.0034963925862305247,0.010952635926745807
100,0.008305029052302931,0.014730407430716647,0.0,0.0,0.003491134093143566,0.010974615520549525,0.003491134093143566,0.010974615520549525
101,0.00829279608452523,0.014727518630059335,0.0,0.0,0.0034829512547123356,0.010970621298138913,0.0034829512547123356,0.010970621298138913
102,0.008302704806817619,0.014723269294826946,0.0,0.0,0.003494427817218975,0.010964040412934063,0.003494427817218975,0.010964040412934063
103,0.008272098035706048,0.01472757929269486,0.0,0.0,0.003466019237394242,0.010970687410620808,0.003466019237394242,0.010970687410620808
104,0.008300084001912476,0.014707692803289646,0.0,0.0,0.003489892938372428,0.01094092280004867,0.003489892938372428,0.01094092280004867
105,0.008284337772342462,0.014704145842056343,0.0,0.0,0.003477646262836832,0.010935884139343781,0.003477646262836832,0.010935884139343781
106,0.008300048405214071,0.014721148825949317,0.0,0.0,0.0034921015290380157,0.010961022340135032,0.0034921015290380157,0.010961022340135032
107,0.008289045581437069,0.014719842768034409,0.0,0.0,0.003480457459248307,0.010959112022067924,0.003480457459248307,0.010959112022067924
108,0.008313422294365817,0.014718852864543065,0.0,0.0,0.00350270956590364,0.010957423001610848,0.00350270956590364,0.010957423001610848
109,0.008303032351823109,0.014732168721597862,0.0,0.0,0.003491377076295286,0.010977468945484696,0.003491377076295286,0.010977468945484696
110,0.008306689177692303,0.01472265108767793,0.0,0.0,0.0034992361553314926,0.010963319085430408,0.0034992361553314926,0.010963319085430408
111,0.008308843776608631,0.01472489516600684,0.0,0.0,0.0034948839472699338,0.010966540919564905,0.0034948839472699338,0.010966540919564905
112,0.008312393516241788,0.014724695325155256,0.0,0.0,0.0034996331909890868,0.010966386757126554,0.0034996331909890868,0.010966386757126554
113,0.0083060715543049,0.01472007638879677,0.0,0.0,0.003494895401211598,0.010959224316520967,0.003494895401211598,0.010959224316520967
114,0.008295675655925726,0.01470705879376651,0.0,0.0,0.003491068912523376,0.010940169902059479,0.003491068912523376,0.010940169902059479
115,0.008292111296192152,0.014735835598140058,0.0,0.0,0.0034825621016265325,0.010983246864508028,0.0034825621016265325,0.010983246864508028
116,0.008297019344320316,0.014728104219114701,0.0,0.0,0.0034865510219937927,0.010971706595226142,0.0034865510219937927,0.010971706595226142
117,0.008310434049164896,0.014724246256360774,0.0,0.0,0.003497562725835343,0.010965772245158188,0.003497562725835343,0.010965772245158188
118,0.00831012717499655,0.01472165723463132,0.0,0.0,0.0035000878052358552,0.010962160511841476,0.0035000878052358552,0.010962160511841476
119,0.008297856768675352,0.014694582617975597,0.0,0.0,0.0034900483682321092,0.010921770021518735,0.0034900483682321092,0.010921770021518735
120,0.008292798067290712,0.01471321779918943,0.0,0.0,0.003482571825133413,0.010949432977590472,0.003482571825133413,0.010949432977590472
121,0.008303159643235003,0.01472769880411916,0.0,0.0,0.00349414568926904,0.01097100943850235,0.00349414568926904,0.01097100943850235
122,0.008291476722837893,0.014719731493156358,0.0,0.0,0.003483546726948502,0.010958997821362653,0.003483546726948502,0.010958997821362653
123,0.008292172593181607,0.014703048271653444,0.0,0.0,0.0034843544928915486,0.010934171926151284,0.0034843544928915486,0.010934171926151284
124,0.008285076771345403,0.014720077923350576,0.0,0.0,0.003476740534992973,0.010959313685072372,0.003476740534992973,0.010959313685072372
125,0.008295049506074752,0.014742136210277926,0.0,0.0,0.00348429255019031,0.010992740762680604,0.00348429255019031,0.010992740762680604
126,0.008304921416165375,0.014718704396981327,0.0,0.0,0.0034931191644412404,0.01095782047181225,0.0034931191644412404,0.01095782047181225
127,0.008292439409819214,0.014732488047917153,0.0,0.0,0.003484919383843174,0.010978501264126339,0.003484919383843174,0.010978501264126339
128,0.008297344739899863,0.014730858590574302,0.0,0.0,0.003487588615572191,0.010975955555645319,0.003487588615572191,0.010975955555645319
129,0.008299651454316711,0.01472814111796975,0.0,0.0,0.00349088305945959,0.010971947605311538,0.00349088305945959,0.010971947605311538
130,0.00830370984505602,0.014717859573197139,0.0,0.0,0.0034899852682676712,0.01095622100887058,0.0034899852682676712,0.01095622100887058
131,0.00830546205281995,0.014731252688495079,0.0,0.0,0.003496563733003655,0.010976363737613726,0.003496563733003655,0.010976363737613726
132,0.008277648992291513,0.01472101948943525,0.0,0.0,0.003471642990800953,0.010960987832401375,0.003471642990800953,0.010960987832401375
133,0.008296466224511231,0.014720481256627319,0.0,0.0,0.0034894908792409466,0.010960399705829429,0.0034894908792409466,0.010960399705829429
134,0.008293730585348633,0.014723437452022248,0.0,0.0,0.0034860857223674847,0.010964530840964621,0.0034860857223674847,0.010964530840964621
135,0.008296430874293506,0.014706258352642408,0.0,0.0,0.0034882378259269153,0.010939057812576442,0.0034882378259269153,0.010939057812576442
136,0.008307676193460881,0.01470048457940619,0.0,0.0,0.0034966369056559387,0.010930777279246877,0.0034966369056559387,0.010930777279246877
137,0.008283315688196938,0.01472192773763651,0.0,0.0,0.0034740108490668316,0.010962607760559621,0.0034740108490668316,0.010962607760559621
138,0.008293385119793602,0.014705383137840292,0.0,0.0,0.003485701631365676,0.010937629894684655,0.003485701631365676,0.010937629894684655
139,0.008289549734790787,0.014719183859908528,0.0,0.0,0.0034859185107052326,0.010958530372185186,0.0034859185107052326,0.010958530372185186
140,0.008297848778333262,0.014692900527928984,0.0,0.0,0.003492252982186704,0.010919053961991134,0.003492252982186704,0.010919053961991134
141,0.008286787162673732,0.014727800738776607,0.0,0.0,0.0034805771150890922,0.010971272871969735,0.0034805771150890922,0.010971272871969735
142,0.00829590882613032,0.014720052457855829,0.0,0.0,0.0034878719062453405,0.010959813775185291,0.0034878719062453405,0.010959813775185291
143,0.008287574591490559,0.014704061088587262,0.0,0.0,0.0034784276177768666,0.01093562916045803,0.0034784276177768666,0.01093562916045803
144,0.008294083108883174,0.014712682824453116,0.0,0.0,0.003485115241864618,0.010948555252266635,0.003485115241864618,0.010948555252266635
145,0.008301292696373879,0.014725727642758634,0.0,0.0,0.00349278023881429,0.010968223674100311,0.00349278023881429,0.010968223674100311
146,0.008295437880328403,0.014719527155584515,0.0,0.0,0.003486115573050006,0.010958894888933752,0.003486115573050006,0.010958894888933752
147,0.008298535965952975,0.014735716509289102,0.0,0.0,0.0034926731052581225,0.010983034231208904,0.0034926731052581225,0.010983034231208904
148,0.008292193547419533,0.01472849588023048,0.0,0.0,0.0034820446448160375,0.010972419776512496,0.0034820446448160375,0.010972419776512496
149,0.0083110602822161,0.01472627920894951,0.0,0.0,0.0034976065260764275,0.010969144003538451,0.0034976065260764275,0.010969144003538451
150,0.008292750611439522,0.014719279830779053,0.0,0.0,0.003482514868075957,0.010958630409934781,0.003482514868075957,0.010958630409934781
151,0.008295437341346912,0.014712110073528894,0.0,0.0,0.003485443455851957,0.0109477729028882,0.003485443455851957,0.0109477729028882
152,0.008297199007936991,0.014721496733592838,0.0,0.0,0.0034891296519223435,0.010961892917013022,0.0034891296519223435,0.010961892917013022
153,0.008290304726957942,0.014730997366982293,0.0,0.0,0.0034820811508669575,0.010976032166011888,0.0034820811508669575,0.010976032166011888
154,0.008301266944342689,0.014722870226737647,0.0,0.0,0.0034891432086198207,0.010963957706921077,0.0034891432086198207,0.010963957706921077
155,0.008288804967411897,0.014729484984258745,0.0,0.0,0.0034835497878069636,0.010973615964320192,0.0034835497878069636,0.010973615964320192
156,0.008279470580987245,0.01472554184442413,0.0,0.0,0.0034752295231358222,0.010967820313828711,0.0034752295231358222,0.010967820313828711
157,0.008310827512412614,0.014700918136540397,0.0,0.0,0.0034963142378739327,0.01093088248547337,0.0034963142378739327,0.01093088248547337
158,0.00830174715943023,0.014730685708240722,0.0,0.0,0.003489263478192303,0.010975846300190242,0.003489263478192303,0.010975846300190242
159,0.008287890732344521,0.01471965956951231,0.0,0.0,0.0034791442879180813,0.010959361595752646,0.0034791442879180813,0.010959361595752646
160,0.008300237909597951,0.014719994647330797,0.0,0.0,0.0034899254595223317,0.01095988728114328,0.0034899254595223317,0.01095988728114328
161,0.008296267508821887,0.014709310048574389,0.0,0.0,0.0034909727265574723,0.010943713764075517,0.0034909727265574723,0.010943713764075517
162,0.008285315277284747,0.014718211377444475,0.0,0.0,0.0034771139352852277,0.010956914334401173,0.0034771139352852277,0.010956914334401173
163,0.00829243869949725,0.014713295310768927,0.0,0.0,0.003484281225599003,0.010949407586850715,0.003484281225599003,0.010949407586850715
164,0.008297416355537842,0.014724851802921747,0.0,0.0,0.0034872369691500743,0.010967117552557252,0.0034872369691500743,0.010967117552557252
165,0.008295052573303232,0.014699233440451797,0.0,0.0,0.003489103841390991,0.010928589380330665,0.003489103841390991,0.010928589380330665
166,0.008295785262348731,0.014713315850740491,0.0,0.0,0.0034860291883311977,0.010949589866509405,0.0034860291883311977,0.010949589866509405
167,0.008318328596589155,0.014704737632661028,0.0,0.0,0.003507956896899741,0.010936947728412739,0.003507956896899741,0.010936947728412739
168,0.008294809281530658,0.014720515059379897,0.0,0.0,0.003483957973205381,0.010960381119870223,0.003483957973205381,0.010960381119870223
169,0.00830559039905476,0.0147218225262187,0.0,0.0,0.0034959729441604356,0.01096223833386183,0.0034959729441604356,0.01096223833386183
170,0.008306374808743239,0.01472456158640293,0.0,0.0,0.0034904138771125488,0.010966513953779055,0.0034904138771125488,0.010966513953779055
171,0.008304264994170715,0.014713569165289469,0.0,0.0,0.0034961777445166003,0.010949874597880885,0.0034961777445166003,0.010949874597880885
172,0.008304771058789715,0.014697028125699613,0.0,0.0,0.0034946265608583964,0.010925009738707888,0.0034946265608583964,0.010925009738707888
173,0.008289397434689757,0.01473132112876428,0.0,0.0,0.0034778149201030806,0.010976262355312589,0.0034778149201030806,0.010976262355312589
174,0.008287984228342989,0.014735391709243375,0.0,0.0,0.003482550885195525,0.010982357480520654,0.003482550885195525,0.010982357480520654
175,0.008289337967325361,0.014727817881549215,0.0,0.0,0.003480890780736212,0.010971144811481802,0.003480890780736212,0.010971144811481802
176,0.008300981951314833,0.01473001412083805,0.0,0.0,0.003490691245879327,0.010974453828622532,0.003490691245879327,0.010974453828622532
177,0.008289018072841022,0.014727154339652264,0.0,0.0,0.0034828257782354593,0.010970041795385589,0.0034828257782354593,0.010970041795385589
178,0.008303415569742505,0.01471647985566121,0.0,0.0,0.003493158258539315,0.010954374484842438,0.003493158258539315,0.010954374484842438
179,0.008297838361144465,0.0147146641462626,0.0,0.0,0.0034867394579047185,0.010951551180976623,0.0034867394579047185,0.010951551180976623
180,0.008308864905827043,0.01471365758071476,0.0,0.0,0.0034961667115161,0.010950278294549937,0.0034961667115161,0.010950278294549937
181,0.008291909176313398,0.0147170018313355,0.0,0.0,0.0034821943320398436,0.01095506900437633,0.0034821943320398436,0.01095506900437633
182,0.008296161433468644,0.014726830531148408,0.0,0.0,0.0034864304123403706,0.010969878125566171,0.0034864304123403706,0.010969878125566171
183,0.008293142250522197,0.014724277140553979,0.0,0.0,0.0034859732425465374,0.010965897083913736,0.0034859732425465374,0.010965897083913736
184,0.008292710434828455,0.014721532429100213,0.0,0.0,0.0034850294425374283,0.010961922732832838,0.0034850294425374283,0.010961922732832838
185,0.008316669205441813,0.014720789372813011,0.0,0.0,0.003505171804040429,0.01096066108353461,0.003505171804040429,0.01096066108353461
186,0.008283101863085824,0.014719399613190189,0.0,0.0,0.0034766615392345913,0.010958536823956066,0.0034766615392345913,0.010958536823956066
187,0.008308368796895563,0.01471377178142003,0.0,0.0,0.0035011391389422383,0.010950355835200818,0.0035011391389422383,0.010950355835200818
188,0.008302242706240155,0.014725852148231522,0.0,0.0,0.0034909117405288784,0.010968220416028697,0.0034909117405288784,0.010968220416028697
189,0.008281289395215307,0.014722550380248223,0.0,0.0,0.0034726848220010664,0.010963614684308452,0.0034726848220010664,0.010963614684308452
190,0.00830092636992118,0.01471830966052835,0.0,0.0,0.0034932031507834186,0.010957039991308547,0.0034932031507834186,0.010957039991308547
191,0.008295988156249625,0.014722977288341443,0.0,0.0,0.003488213304609127,0.01096401622242719,0.003488213304609127,0.01096401622242719
192,0.008289030310554854,0.014730773539123528,0.0,0.0,0.00348161813027695,0.010975557843528464,0.00348161813027695,0.010975557843528464
193,0.008297454406903035,0.014721166135882388,0.0,0.0,0.003485726253563743,0.01096124130165165,0.003485726253563743,0.01096124130165165
194,0.008271361532710006,0.014721336905349257,0.0,0.0,0.0034689650987079945,0.010961501968146168,0.0034689650987079945,0.010961501968146168
195,0.008282774717181439,0.014732201245209511,0.0,0.0,0.003473442114914582,0.010977701015081028,0.003473442114914582,0.010977701015081028
196,0.008305044518185686,0.014726573308574714,0.0,0.0,0.003496005936171641,0.01096918490593848,0.003496005936171641,0.01096918490593848
197,0.008291994243608564,0.01472803144513265,0.0,0.0,0.0034849261502318796,0.010971444358876849,0.0034849261502318796,0.010971444358876849
198,0.00830301756454223,0.014722688025987002,0.0,0.0,0.003491381548047648,0.010963518582616695,0.003491381548047648,0.010963518582616695
199,0.00829600659940061,0.014710580717269725,0.0,0.0,0.00348561111653545,0.010945418839204803,0.00348561111653545,0.010945418839204803
200,0.008290067582382363,0.014726812738422699,0.0,0.0,0.003482407593469399,0.010969480333503008,0.003482407593469399,0.010969480333503008
201,0.00829091522216564,0.014964314347907586,321.67346876390417,291.818419287436,0.003485061144555068,0.011327639240833827,2.188349677090669,1.9934113477517663
202,0.008295362998301394,0.015151881382342764,320.95872012787464,291.27124754906765,0.003488872790712258,0.011613619400638934,2.292850075987449,2.0892175339004533
203,0.008316799541202123,0.015330854909226647,320.2956580114658,290.6805719654164,0.003502251568137518,0.011890550255110963,2.402773633873842,2.189321180516927
204,0.008337193667121118,0.01557969146614755,319.69398163710804,290.1343609864098,0.003518659699217342,0.012278898917097046,2.5184851406274196,2.2947059500310467
205,0.008380503525790025,0.015740888797519198,318.81256611289956,289.53206808883346,0.0035559349014236065,0.012535178811687026,2.6375072797139487,2.404578217163001
206,0.008381638533967723,0.01589717816897858,318.2205071036607,288.9923758788518,0.0035562082869793734,0.01278633328410096,2.7646370586371836,2.5202655762998822
207,0.008449183949095154,0.016080673472538443,317.3956661767496,288.35841383237636,0.0036166909016618876,0.013083501101171426,2.895852077746112,2.6407199032197695
208,0.008494565486471158,0.016205230563746117,316.8423836440231,287.8914833706757,0.0036521275566255393,0.01328747889178586,3.0358643553098577,2.768436794695647
209,0.008498784679335,0.016268271286302188,316.35695472261483,287.3596119960415,0.003652559005978269,0.01339224481346748,3.1832952997259825,2.9015882895011433
210,0.008520522792909413,0.016300799433087956,315.58231454718253,286.81742789141975,0.0036727072901676433,0.013446550082245066,3.3348524346822868,3.0409939020639545
211,0.00854191088779621,0.01634903447941328,315.0649692316018,286.2569935265991,0.0036915355510978493,0.0135276667086393,3.496452533486567,3.186927946913601
212,0.008569332988363848,0.016465364754980755,314.2132275622361,285.5370011515708,0.0037139717455420876,0.013721650913814571,3.6619724411328103,3.338114328873463
213,0.008612552834523916,0.016504529055826774,313.4049048240061,285.0036758882146,0.0037512289397085698,0.013787408735200247,3.835822678091538,3.498590715487001
214,0.008616004678426442,0.01648719236254692,313.00035915662295,284.5215371428525,0.003757077006655389,0.013759188214888009,4.023018369988847,3.6673217808522507
215,0.008616132831220718,0.016491413274271168,312.3346417212473,283.9470999046845,0.003753746399528018,0.013766976660003299,4.215767161796906,3.8429579721512472
216,0.008651872206581231,0.016484868240313255,311.57745393703,283.36879797417714,0.003786019334805654,0.01375581624366368,4.41641477524136,4.026887341619468
217,0.008678210641833106,0.016481276726144613,310.86905842690015,282.8906608930267,0.0038114358799189894,0.013750484923405392,4.627228515098908,4.221057294071585
218,0.008694047000132281,0.01649630488360606,310.255003690054,282.3520559185458,0.0038222626630593317,0.013775400098915749,4.8494482429116745,4.4236074405636145
219,0.008677869686250544,0.016440847516890487,309.67348171385356,281.8017091612885,0.0038098815000719493,0.013683881608555415,5.082724375807327,4.6354770671032215
220,0.008715859038411057,0.016480250327682813,308.84927497663557,281.1712725074794,0.0038403118214357305,0.013748545944067747,5.322941553785706,4.856170366174534
221,0.008749982301043872,0.016491494420812016,308.4071410757945,280.7095046027448,0.0038723225929186223,0.013767551147942758,5.581233696588786,5.090233479588061
222,0.008746882167913639,0.01658584351299399,307.68354252954225,280.13649087180795,0.003867267268943319,0.013925526209109139,5.846492562062377,5.333457840193342
223,0.008804192419706244,0.01665371181516012,307.0510359891362,279.46976994032843,0.003920809909470467,0.014040129983936797,6.126003181515028,5.586198299624848
224,0.008827048474491174,0.01663416511106119,306.3210752009014,278.9301236257904,0.003937598878553107,0.01400745990026821,6.416543042306991,5.853203586910082
225,0.008823275551021033,0.016634111908350634,305.79573458656125,278.41502951937775,0.003933859493875681,0.014006381395502367,6.725043491435943,6.133313253970449
226,0.008838826591551453,0.016645013584174972,305.13029990310713,277.96509712755085,0.003951361567969681,0.014024738814170943,7.0448550259447975,6.428089377340531
227,0.008872781054437626,0.016748833302886058,304.54241733774666,277.4278874391962,0.003978575169020928,0.014199198691907403,7.381399603544967,6.734781331707668
228,0.008928516992518084,0.01675332721775458,303.97883092218905,276.81717521131634,0.004027412084099228,0.014206894643297429,7.734261018613542,7.05371496004936
229,0.008943575305426374,0.016778004902893617,303.2156948343061,276.2901272981063,0.004040695102609765,0.014248521581142643,8.098181477743177,7.389629249721599
230,0.008978799861683684,0.01678574543940516,302.6589563690305,275.8473763014029,0.004073788720276155,0.014261391094845274,8.484511787567905,7.743444783498877
231,0.008991870620937436,0.01688652722748493,301.88720091410283,275.25763943096996,0.0040835752268906815,0.014433579989724533,8.88237444186996,8.109567708129202
232,0.009028535025815168,0.016940696443220313,301.4408862243346,274.78099650337276,0.004115945374877059,0.014526708875943718,9.308324891585068,8.49585726375431
233,0.00906453901092719,0.016957138686824004,300.7940580452174,274.1647274225718,0.004151481149914726,0.01455430697479442,9.747542866909724,8.895362247458536
234,0.009130242629063022,0.016990915040507364,299.98110423468796,273.6201591023899,0.004210075786667977,0.014612281535115661,10.201100704591411,9.315447545237632
235,0.009148301363525894,0.017024499878137804,299.3651672056572,272.99644730481816,0.004226616469364237,0.014668972536697236,10.681873137294614,9.751805752549018
236,0.009188172184887676,0.01708484530955586,298.7519478427838,272.5050543505478,0.004263258476610052,0.014773695590545567,11.184504047843213,10.21277291107603
237,0.00921449144768655,0.017034945542298032,298.2804727815237,271.98963052160633,0.004286001917673665,0.01468744956646343,11.715316307072131,10.69349182250109
238,0.009237156497103452,0.017068106888761224,297.6384267120106,271.43019141427914,0.004307831652901364,0.014745791431271379,12.263192574582508,11.194187466250348
239,0.009292655390968607,0.01715114270207143,296.9757656521267,270.9505419268656,0.004357908351767012,0.01488860427020917,12.834585305900298,11.720749685995555
240,0.009340336435021534,0.017229701171202403,296.3585432213422,270.46175080876685,0.004401032224511764,0.015026236654839653,13.433281553450541,12.270446674215089
241,0.009374709478524862,0.017269322692251524,295.77957235109466,270.0221681116417,0.004433403910662394,0.015095103949457905,14.060212716252227,12.846853434840174
242,0.009424019699561602,0.01730359145289613,295.01931628084,269.5087372982914,0.004481131152163032,0.015154560803619516,14.705747809907965,13.445189786462349
243,0.009469526428323695,0.017342458966052122,294.61197834877515,268.9684251596032,0.004523401868039257,0.015222200989897634,15.397512450822568,14.068377946664391
244,0.009516171427232503,0.017386687581023512,293.84046979485646,268.42305661204665,0.004565969983787634,0.015298949901342658,16.099927166864767,14.718399733603997
245,0.009537157264087269,0.017370535025462392,293.3403468725736,267.8965348293683,0.004582873894508027,0.015269310972596225,16.84772893957823,15.397471304588361
246,0.009562914501532438,0.01736138020138544,292.7492692309475,267.38336225869,0.004613574241178286,0.015252023011263265,17.622452459542995,16.106554418370344
247,0.009595936475740773,0.01743779754226689,292.1097671278757,266.8771983203016,0.004646553839429472,0.015386651319928193,18.42714967413497,16.846545852014717
248,0.00961591696833629,0.01739062121970664,291.62092407158406,266.3974890735503,0.004659542052615029,0.015302210239487947,19.275673139434762,17.619490449112263
249,0.00963907867580619,0.017471994045984787,290.93772962305013,265.8802014609244,0.004685168195877792,0.015445407875579934,20.146743569941176,18.422733269673394
250,0.00969706452334646,0.017574525298083506,290.32965728572333,265.29623125601506,0.00473690295793711,0.015627274383170946,21.059223756518595,19.254709047085733
251,0.009747943837800916,0.017605035373714724,289.7889469728198,264.86063911497524,0.004786734660075471,0.01568143434797641,22.01442904554886,20.13200398086837
252,0.009798065830481779,0.017691835187948667,289.07037811875676,264.2301097687006,0.0048393011090539645,0.015835474217217104,22.994781133118188,21.030215764125455
253,0.009887084320170929,0.01770397449699267,288.28826694712166,263.7105187593628,0.004924582744392684,0.01585599624758447,24.009068603558223,21.973549023121098
254,0.009901902999776759,0.017722044893879955,287.72895229388587,263.30834018532914,0.004938666412236594,0.015887624942339383,25.082549126570214,22.965069250916955
255,0.00996135523629082,0.017679660625697643,287.3561366436403,262.743342030673,0.004999045813263777,0.01580970227477476,26.2158592283759,23.98164205221561
256,0.009958548750572368,0.017723105010994965,286.8414527982523,262.22839178555256,0.0049945378537216475,0.015889039144767168,27.381123619995456,25.04294928526267
257,0.010056300622284712,0.017805707056403428,286.11872295505304,261.72957615336713,0.005092507897107121,0.016037481563911257,28.57133298370174,26.147253023740838
258,0.010094918755243472,0.017882368356039294,285.4645090960445,261.2040025589857,0.0051323306195059345,0.016176637949436537,29.813561524178713,27.291304617023787
259,0.010160110977185565,0.01796412667303181,284.9927206119301,260.71489677301616,0.005197052075046607,0.0163232884914879,31.122387098507268,28.482716931414313
260,0.010200219021903144,0.018010783429727905,284.37515746116105,260.24795198812666,0.0052378780314088335,0.01640791927309605,32.46409493408544,29.721362274493128
261,0.010247517358418086,0.018135537026884033,283.8179586592631,259.66133279279455,0.00528412303663187,0.016635960547322016,33.86221221889749,30.991895926570148
262,0.01032434140983605,0.018202319116214314,283.3588328401447,259.1849762098978,0.005366883187860018,0.01675849029567994,35.32346795538429,32.32180822918912
263,0.010372462811906335,0.018218579269123316,282.6759447942294,258.784208861216,0.005414756774145222,0.016787421593697973,36.80854192251336,33.709318898859095
264,0.010419494930565324,0.01822589487751059,282.12147800566964,258.2202314293903,0.005463550376093784,0.01679881365602232,38.36250572055495,35.12424382238484
265,0.010468638558221522,0.018294222509631745,281.6012197352867,257.7258577548806,0.005512553706062133,0.016925014758953947,39.97511202685997,36.597729913632875
266,0.010553323168729783,0.018379214667240646,280.8702952322648,257.2647337812511,0.005600963815909434,0.0170829999514979,41.611591500985696,38.126325288345186
267,0.010638524868147524,0.018446455826960015,280.1392719177212,256.8027076338446,0.005693633427052009,0.017207663419055302,43.30116833847106,39.70602058061921
268,0.01068518329037344,0.018506457219305245,279.63430746942174,256.20858104625006,0.005743736344000137,0.01731873106381699,45.080790367957135,41.3163060238263
269,0.010742869283764772,0.01858487419177723,279.1313176668935,255.73364325856153,0.005804080894660976,0.01746610861059814,46.91795807268152,42.997294116578374
270,0.010812728288248056,0.018645654464661744,278.48118547858104,255.22994253441377,0.005879336870564039,0.017579887498381942,48.787081089584206,44.72589053065747
271,0.010865079740292197,0.01869851587716087,277.9558170388891,254.75711265402362,0.005939196250263637,0.017679106143023923,50.73489845271619,46.5127061399462
272,0.010898280472794702,0.018747086575464526,277.5017224284672,254.35291350671946,0.005968113110043496,0.017769713945263204,52.75420726390607,48.36582382015028
273,0.010955921639462112,0.01881708299020594,277.00470619052567,253.8093310880289,0.006034718692252783,0.01790286107414476,54.824249849047895,50.24583851400692
274,0.011003162512178198,0.018831559048847212,276.28620538333485,253.31274985629182,0.006087374674298788,0.017928497209613405,56.907171486876386,52.18763456908091
275,0.011082131433285593,0.018917186302003123,275.5934543662867,252.83434538059808,0.006170275362155446,0.018091817159068626,59.05030556726163,54.186233656595114
276,0.01115539457413952,0.018977620882898935,275.2816569521599,252.37695635707348,0.006252643543580003,0.018207402453407927,61.33291474325839,56.24220911236511
277,0.011203929741873647,0.019070050754940497,274.78789233575645,251.92236351940278,0.006305559065623499,0.01838518297060942,63.63400910727343,58.351528478173776
278,0.011297535349363758,0.019125639711202454,274.0425150587464,251.4576778007856,0.006412937325627727,0.018491277230307544,65.93145936191715,60.51041535257363
279,0.011342500872589702,0.01924040928532846,273.58196401249955,250.83010532545006,0.006466041543712868,0.018713518595084164,68.35132427204927,62.67981789715447
280,0.011456305935400648,0.019283117244690822,272.80890446358853,250.31577259348654,0.0065932050659329045,0.01879613732746745,70.7457207105201,64.92547309305623
281,0.011532745772836462,0.019370534487375978,272.2533675661838,249.8344608506763,0.006678017358114139,0.018966332377,73.24679179913102,67.22806852717065
282,0.011593393470295343,0.019434412442970037,271.7967335218028,249.3974620942421,0.006749908662895661,0.01909054134668182,75.82632951507483,69.59023807147142
283,0.011628869178406956,0.01940742451303048,271.2053363742541,248.92041827045554,0.006790291146171919,0.01903481358494049,78.41811051360726,71.98730375615251
284,0.011707163495409428,0.01948987534570787,270.65413897081436,248.47728604217835,0.006882217999741161,0.01919684951985826,81.06858419293734,74.43886712455962
285,0.0117540763439387,0.01957614791092599,270.26481356639425,248.00590020119148,0.006935747399081703,0.019366988552985517,83.81456939339438,76.9246341913706
286,0.01185452372006269,0.01968446150920463,269.5653467567056,247.55350231566158,0.00705617701396604,0.01958196149638531,86.50766584182304,79.45682830980655
287,0.011945266550118733,0.019773278300263146,269.13507304998296,247.09666914073387,0.007163026427048285,0.019760184978428758,89.32745509570967,82.02596766919463
288,0.01200784015454173,0.019849314654418325,268.47692985257777,246.57754764960893,0.007237551720851397,0.01991154340696973,92.10965745799173,84.60963305980465
289,0.012008103538389847,0.019799802120081426,268.03851108774666,246.10138017703326,0.007238435368654217,0.019808152630310525,95.00230190036417,87.2401710603814
290,0.012080683800355973,0.019849713023756127,267.40040969209656,245.69840287258526,0.00732579871144776,0.01990773811429706,97.85657344884143,89.92778753410347
291,0.012157016025574296,0.019878895376022977,267.07977031663034,245.2104427205812,0.007418103403001524,0.019963153929697764,100.8575153957859,92.61213834628612
292,0.012172267264735925,0.01989835572357361,266.4509007269147,244.71901989514745,0.007435165776229983,0.02000135232340399,103.76923009551882,95.31892753099253
293,0.012238581935780998,0.01998737239078468,265.8610515924621,244.24778121556992,0.0075172429378100245,0.020179799513905874,106.71675092823874,98.0544477822124
294,0.012324818599259867,0.020056809777333717,265.27961147357337,243.72167121606526,0.0076228969801677,0.02031989106358161,109.68511509216411,100.78487384332595
295,0.012413471163937428,0.02020087092284242,264.57075146920585,243.2257666274191,0.007732575844051883,0.020612952946254374,112.61299250446704,103.54112867952855
296,0.012458271315266205,0.0202445842142953,264.3182688616695,242.83242372578735,0.007787930105237206,0.02070206051760892,115.74739523695409,106.35209351266374
297,0.012532234125334347,0.02031349082588485,263.6697100240515,242.34430673316436,0.007880185894555782,0.02084236615103822,118.71751330539144,109.12933167592605
298,0.012600621143548367,0.02041759115198384,263.14993528092396,241.84373822844813,0.007965802516120562,0.021055123969131756,121.74741362247435,111.90374743101191
299,0.01269710558715694,0.020478915416925248,262.49311978560064,241.39134163574764,0.008088729316228298,0.021180872515741002,124.71156330630474,114.69976415389624
300,0.012788495853842802,0.020566570239272403,262.00633937509815,240.90354169252325,0.008202606086717478,0.021362202950112662,127.75040574236198,117.47481490085224
301,0.012853291664129027,0.020566415446607964,261.45921563383325,240.46945406468285,0.008286408123225888,0.021358934055635895,130.75096930371257,120.26811174033345
302,0.012915967172713734,0.020639787327369454,260.9702098171249,240.01554350071527,0.008367145961303408,0.021511008493693643,133.76763613992134,123.04054669366367
303,0.01300823578526776,0.020745995654875088,260.43397659139885,239.5516785416449,0.00848410737928001,0.021732664553899165,136.74327013280922,125.79275473570212
304,0.013095156675478156,0.020824849316922984,260.0017092229267,239.05854982782233,0.008598050322552123,0.021896162638264223,139.75330829460617,128.51015864513656
305,0.013191151179452305,0.020895173254037648,259.4513846971947,238.66396448311863,0.008726187948905045,0.022044258514043347,142.6755977611446,131.2583500618653
306,0.01323725170045592,0.02095224336204986,258.93826975521597,238.20799450996594,0.00878587132345808,0.02216378094186153,145.58913164761796,133.9475276781165
307,0.013317215846074586,0.02109467174853702,258.3687413576127,237.69174932609567,0.008892774873109984,0.022466762329855623,148.4378755570523,136.57282658537628
308,0.013417635277841325,0.02111443161233479,257.8557958810573,237.29262390476936,0.00902585035095346,0.022506469534658135,151.2824220726571,139.23233511934313
309,0.013450838609311016,0.021221340499992754,257.46836347808926,236.75961257781472,0.009071059408532648,0.02273397750679067,154.16252803323258,141.777287265263
310,0.013544394715784284,0.021309222614884774,256.7917080042683,236.35507576388525,0.009197266722989275,0.02292349883495366,156.8262941753445,144.35981477463125
311,0.013632472836433809,0.021363093697340328,256.2628695063588,235.90093766194389,0.009315405894821745,0.023037783872157568,159.5322037893324,146.87068315759018
312,0.013716253681843638,0.021419704155612285,255.67724590631653,235.5051675411637,0.009429651522610622,0.02315889610394985,162.15283148598897,149.37398942417923
313,0.013816329210139665,0.02153591862739528,255.22920043025184,235.02023012635433,0.009568333238392386,0.023411440782440014,164.80895818883917,151.77403584185785
314,0.013883055771723399,0.021603937336599814,254.6702559496157,234.6079614101312,0.0096621112487191,0.023557606008871475,167.33942133457816,154.1714914634475
315,0.01398191982667034,0.02166469069976472,254.2726991143325,234.19823669297506,0.009800035115445811,0.023687974847811655,169.92014166631225,156.5198537769126
316,0.014041399816181126,0.021806665479206587,253.71804674958997,233.6513683442421,0.009882474669667678,0.023999607425137376,172.33791525546297,158.72252868516256
317,0.014160414795754743,0.021896445833005367,253.0183482039647,233.16814758572957,0.010051191879601734,0.024198297701917233,174.5940979702522,160.91149834300097
318,0.014233902422269252,0.02195665701484534,252.65893786423436,232.77529219985672,0.01015373146538958,0.024328732993889813,177.0222750886867,163.10602519397884
319,0.014293428034106158,0.022068662988385362,252.1462301300066,232.23503221662813,0.01023734826542591,0.024577363636116255,179.2807578337652,165.1386668652861
320,0.014375467165381066,0.022110133763057996,251.7045545892167,231.8043281954932,0.010356920756220751,0.0246681308118396,181.5253517666321,167.18875286225625
321,0.014465737987532255,0.022137338087926207,251.10449049207898,231.39760889842225,0.010487786780716253,0.024727093248961364,183.5893343228458,169.19615909061835
322,0.014539082969852428,0.0222727437228496,250.59853832898762,230.89719025985053,0.010592926105371006,0.02502983331539094,185.65419002939774,171.073852045746
323,0.01464648933437435,0.022359350258058793,250.0258969339427,230.4329512137899,0.010748330945703386,0.025224459418817242,187.60145115599428,172.9156325392367
324,0.014753464742504904,0.022450579257646666,249.59124685997807,230.03368171002953,0.010905255432516785,0.025428113260762216,189.5841815124205,174.74404987177854
325,0.014822896903288191,0.02253109678509775,249.14198609080015,229.59856551732773,0.01100880123148628,0.025610281708946196,191.48857219787632,176.48311734917172
326,0.01493472147718413,0.02263809459173892,248.58267458985466,229.16586659239022,0.011175921842006583,0.025854344146457004,193.2399861278779,178.1615502603078
327,0.015008551660365629,0.022653196605053234,248.04101519901482,228.81013206388374,0.011285139992417136,0.02588576764707249,194.93591081117665,179.8377977624253
328,0.015116352857299052,0.02276666369392986,247.51415435433188,228.37228458196157,0.011447196550738005,0.026148469977437985,196.57487105258278,181.38805226950078
329,0.015188298645231193,0.022840560412858774,247.12489982532563,227.926613321804,0.011556166464942317,0.026316024421183692,198.2560546210463,182.86987920482554
330,0.015291269210810471,0.02295805622876488,246.6381944137735,227.48798150070004,0.011714261175470768,0.02658800134142506,199.7929449800271,184.2958127024979
331,0.015353929941474326,0.023050007706252627,246.18131078467695,227.02398579575146,0.011809954817013192,0.026799152155667378,201.2878626275502,185.63996189759592
332,0.015471478596034328,0.023104763543077535,245.5575818988879,226.59955562051456,0.011988433587532812,0.026925344192480032,202.58011493863904,186.9559830715558
333,0.015529227315639065,0.023172083893248867,245.1532181271756,226.19575580439573,0.01208030082241724,0.02707910938697183,203.98818329044855,188.2299061310597
334,0.015618102086290908,0.023244490932129165,244.63753865219107,225.7123457994748,0.012220283850116446,0.02724695364958134,205.240408449583,189.3789555306153
335,0.015729154374331884,0.02338265412909663,244.09314334598884,225.18889261541293,0.012392570994199487,0.027571808866566773,206.40539378683238,190.43608125582455
336,0.01578260611353774,0.02336707761056447,243.68543259169655,224.80061932311807,0.01247671983214662,0.027530676964566594,207.6245778572087,191.5503817997383
337,0.01583459674854441,0.023458255222326804,243.13010654843498,224.407285692434,0.012559091838181751,0.027746953246668562,208.65784959990108,192.6058022659625
338,0.015921414873990715,0.023527898866197338,242.6194649019566,223.91006592205136,0.012696430573290883,0.027909656693803825,209.6700480432899,193.5177084966381
339,0.015995933040394122,0.023610952790980223,242.1435827002853,223.52142245527628,0.012818098953279752,0.028106805462485705,210.65461474513955,194.4704028143399
340,0.0160393579558811,0.023608777096854272,241.73249576638892,223.14413445344073,0.01288393809289023,0.028098734533839934,211.63979121069212,195.38165699970497
341,0.01613363000137356,0.023757885364917342,241.10504408537642,222.64047870614723,0.013038438928403513,0.02845482759119542,212.38053350485882,196.13219452754842
342,0.016226478110289586,0.023812876256346836,240.71622087488223,222.28389109735903,0.013185965877997682,0.02858666532414414,213.27789528152917,196.9630062141546
343,0.01628981414082029,0.02389856689758059,240.3486155004624,221.833822073878,0.013290711332763593,0.028789634705254332,214.14325688126232,197.66366529517882
344,0.016399854147262843,0.024013941810614822,239.81061651505684,221.3786614799712,0.01346912789447124,0.029068489663859408,214.8068584056622,198.31333819573274
345,0.016511218646246918,0.0241213447124663,239.3005289986172,220.975610212073,0.013653960105994772,0.029328080456924012,215.44622691126258,198.96471853266857
346,0.016626551911642536,0.02421848485692754,238.77305263943143,220.60166014264126,0.013843591649985925,0.02956528102806712,216.02228461371527,199.59907262965854
347,0.016701869944257153,0.024301890362731057,238.29496081004524,220.1584050785605,0.01396863870967506,0.029768324813233438,216.5969543031046,200.12869022841437
348,0.016784704802531827,0.02439817882359958,237.8756446178102,219.74726214456717,0.014108006730634098,0.030003624533198218,217.18099999441108,200.64671630178938
349,0.016895512993578003,0.02450039731951196,237.38567729291805,219.27716205643705,0.014294357834116565,0.03025478766680827,217.65793593857688,201.07136450589965
350,0.01700106630489721,0.024576376629380742,236.76253733163702,218.86064323161625,0.014472827611731324,0.03044119971485574,217.97082469264998,201.50685645266122
351,0.017081751244268494,0.024710994301033656,236.46099976199355,218.41992350804765,0.01460938491468021,0.03077691302965982,218.53989927120412,201.88341682969926
352,0.017156948698949775,0.024771694629686734,235.9175735039128,217.91112383073786,0.0147400520547459,0.03092360172790362,218.84734562160847,202.16109205435217
353,0.017282787813388524,0.02489595134911795,235.39023991791913,217.4809417044173,0.014956481979420436,0.03123122175434893,219.13231760746004,202.47739057423942
354,0.017402938502101777,0.02497328410014394,234.86666231991393,217.09012645436502,0.015162620533284763,0.03142368923685822,219.38475835769287,202.79742227509666
355,0.01747713980354922,0.02501656997579263,234.4701954273456,216.72779997588532,0.015293864887946148,0.03153080925337115,219.72158994946247,203.11261801150863
356,0.017583217326237594,0.025120674841180694,234.07694836078178,216.32634838023446,0.015480255529217918,0.03179525855592262,220.0289337737543,203.36111662831726
357,0.017683990674102725,0.02521596011085853,233.45095573864057,215.91087550542824,0.015661217092361148,0.032034996195115906,220.08557019002075,203.56723386494477
358,0.017767622104899503,0.025295999459714662,233.07312666883954,215.5553414505328,0.015804685352215183,0.032240747911243005,220.3454536595603,203.80190526309485
359,0.01783782531705434,0.02541743897300301,232.676027316078,215.11880338364753,0.01593164906440285,0.03254892442421105,220.5582896477014,203.93326356817647
360,0.0179799207029131,0.025505314173058524,232.21039469264727,214.76092437437944,0.016184803241960567,0.03277422266377919,220.67839585330353,204.113303959569
361,0.01804312037034683,0.025588667026431266,231.7738706161695,214.30895989289385,0.01629707898886376,0.03298723817270336,220.7991830473303,204.17916842899726
362,0.018114327835277895,0.025683491539579703,231.33178745868284,213.92316885005138,0.01642640978243516,0.033231869908911464,220.88902724035486,204.28430897043967
363,0.01822242312786434,0.025759335804560378,230.947355320439,213.54210915453857,0.01662359963572105,0.03342500810356709,221.0094734673258,204.3712460316942
364,0.018313406488745323,0.02589725978556219,230.46944680951415,213.0743499041401,0.016790415787999686,0.03378305221215273,221.01690441240217,204.35351536983632
365,0.01841683776051821,0.025989136451994427,229.96587584392776,212.7039051374863,0.016980492916542647,0.03402321915263715,220.97697815929692,204.4080601652862
366,0.018547135611683013,0.026081367160132363,229.3951725451258,212.21991386966428,0.017220303679372863,0.034263059679613996,220.8506363059874,204.33345567582043
367,0.018664550753793925,0.026190237514882315,228.90422067477144,211.7852212316881,0.017440107594374702,0.034549169312983984,220.78007763767295,204.28706984163793
368,0.01877901570310911,0.02633822601965505,228.33467765735688,211.29043572297198,0.01765459171995013,0.03494038492640524,220.6136596867121,204.16436389935853
369,0.018873144297885003,0.026395721307051354,227.84263594652407,210.9461754296004,0.017830386511369964,0.035092363887806004,220.50291558739062,204.16934151367732
370,0.01896220017879752,0.026489277539511056,227.44874562530262,210.5728309656864,0.01800083719705617,0.03534145414862479,220.4691099745145,204.12973682484366
371,0.019055079695800375,0.026616561717645513,226.92434654896118,210.13422049327838,0.018176311619750352,0.03568115118587828,220.2915353354364,204.01102014582028
372,0.019141603980914367,0.02670169260805533,226.51431122763339,209.76513260210902,0.018340408076110464,0.035909410977243976,220.20842410225498,203.94444703577355
373,0.019244269151209387,0.026809314693611867,226.13025938339703,209.39266846995955,0.01853968357716207,0.036196632329436845,220.13501376988566,203.86020494543988
374,0.019313114295369884,0.02687970828368778,225.8391919245206,209.02290999158436,0.018669947846634036,0.03638885597985989,220.13731288856664,203.76470969379812
375,0.01944198461362831,0.027011723258639524,225.29176874123493,208.57921659029446,0.01892049854911452,0.03674658671137747,219.8756106156733,203.58406885119453
376,0.019563164957188017,0.0270764835473719,224.85113040619493,208.22982704732462,0.019158023927986854,0.03692204885209683,219.70431447841148,203.48265067178139
377,0.019639583257724292,0.027197417525892272,224.39418415727727,207.83480195350603,0.019305772692514225,0.03725315122517322,219.50395225639917,203.32482166779346
378,0.01973085499684249,0.027292812174578573,224.1450293800273,207.48677765538991,0.019487542500131825,0.0375099779005965,219.49461944937906,203.20145328653564
379,0.019869522250344274,0.027381599292059407,223.6466359490459,207.09381300842216,0.01976215274664425,0.03775309160384978,219.22962196814422,203.0231705477405
380,0.019968492018983458,0.027573372541595594,223.15616117357075,206.56929953414593,0.019956156040480986,0.038284566178668704,218.9609051847644,202.705682505732
381,0.020091223961552516,0.02767334206480379,222.55702472731497,206.09294773131575,0.02020483465354613,0.038559635683744646,218.57467716116935,202.42505151584928
382,0.02021754565812535,0.027698229643263943,222.13312841912742,205.7782270246525,0.020457262358415534,0.0386234704226488,218.35014933677175,202.29344850878252
383,0.020259071489882364,0.027781862283796237,221.7493918124422,205.3967041559974,0.020543677450507662,0.03885415656577252,218.15523054079262,202.08741568030587
384,0.020372004563842718,0.027886501099154304,221.39294368844003,204.99759907972322,0.02077229786508247,0.03914798646666932,217.97809840659733,201.85555650930075
385,0.020495908908932853,0.028006136180664783,220.83831950687684,204.58683526795045,0.021025139986137517,0.03948658254566533,217.59700282281634,201.60405563643678
386,0.020584403878854747,0.028106851698446567,220.38710268192088,204.18283433180588,0.0212053370462873,0.03977077619204819,217.30917456375028,201.3513391296999
387,0.020697962125583377,0.028208202841289866,219.9651922569935,203.85138354519404,0.021442169678204556,0.040057366225897534,217.04226972536293,201.16276984071254
388,0.02079905968186477,0.028301119152352696,219.53433066516666,203.50745397799523,0.021651734373860358,0.04032294117869475,216.75887618498854,200.9548696902816
389,0.02090536385965973,0.028407106637007816,219.14847962993406,203.07872531512376,0.021872274902098542,0.040622408698035725,216.51269004732322,200.65656710043135
390,0.02102644032565227,0.028535504544043754,218.6491255256998,202.65727531577699,0.022129442802792085,0.040988306353987924,216.14747140821567,200.35906790198555
391,0.021110941677253917,0.02861803256540062,218.20462326654703,202.33924307764707,0.022305780246912068,0.041225387483270405,215.8297656393131,200.1575999010101
392,0.02121165365454939,0.028677708416379812,217.72836934169,201.96343397057575,0.022519533585347255,0.04139556660999024,215.4743933067982,199.8931672129211
393,0.021305050653062808,0.028790858398745026,217.35698978971465,201.5701482936557,0.022717030969563307,0.04172410815123597,215.21682694955354,199.60608447701105
394,0.02138218811662719,0.028823384388018743,217.02138782971934,201.16617573171422,0.022880956274730278,0.04181104936660864,214.9890529903069,199.30292200537164
395,0.021519676149349052,0.028978766300357305,216.35398027259234,200.63738979650049,0.023177301292767877,0.04226579253407094,214.42728869226775,198.8714307702106
396,0.021591814139172525,0.029091572906061958,215.91354848924527,200.27963205803198,0.023331742469556233,0.042594188747464484,214.08506947852325,198.60450190073138
397,0.021706196992740758,0.02915634829737869,215.56584827757493,199.96314543146752,0.023580939235973798,0.0427826535135275,213.83002745832297,198.3738724486352
398,0.02176634972007131,0.029178745369764343,215.25526942812752,199.54969862445674,0.02371246359996926,0.04283943911858626,213.6071405799478,198.04267956447708
399,0.021845670053990175,0.029296747127437805,214.7532563329342,199.15442466097932,0.02388456114164815,0.04318788278860392,213.1899433572621,197.72570236018936
400,0.021945998437665214,0.029383977868883904,214.30680158775922,198.81527226851006,0.02410592484880199,0.043440542043650825,212.823715610387,197.46047124788248
401,0.022013491168327,0.02948149410154309,214.04049387835445,198.4620409469009,0.024252183316249478,0.0437300724528705,214.06474611760518,198.50577081618633
402,0.022104122700395364,0.029594652865543015,213.48012487772522,198.03661134649678,0.02445185863808638,0.04406675373680616,213.5045765121179,198.08067857621106
403,0.022232924771585123,0.02968654684813791,213.07654491873976,197.67014580666023,0.024738803304136966,0.044340156056111475,213.10128365010272,197.71448563625714
404,0.022346877061883076,0.02981849871326649,212.6720896198522,197.31610417020494,0.024990211349627547,0.04473855720216215,212.6970800232581,197.3608424464197
405,0.022462726482785595,0.029965269866263456,212.22597912181894,196.92136210395873,0.02525152171073281,0.04517864566317104,212.25123037298854,196.96654048651754
406,0.022547316175351457,0.030049452225915433,211.87498507347937,196.57004964737058,0.02544210764248234,0.045432285043341396,211.90042693597655,196.6154821389495
407,0.02265698907013914,0.030163780257620808,211.43343478085143,196.1663307521654,0.02568947709264834,0.04577897408916932,211.45912404702003,196.21210999419725
408,0.02279303449511295,0.030301964533418716,210.99410339389547,195.78006115831525,0.02599911801288209,0.046200825227476414,211.0201024961232,195.82626237305777
409,0.022936955884739648,0.03040512012672863,210.43505771622054,195.3338231115437,0.026327487968411743,0.04651143541403838,210.4613852189414,195.38033453729773
410,0.023030629752818464,0.030504521447646045,210.0730724153673,194.95676434877325,0.026543042787347076,0.04681491996332953,210.09961542398952,195.00357940231544
411,0.02314139908311721,0.03059574921792965,209.64198438685943,194.60087883140199,0.026799025210603396,0.04709204465748873,209.6687832081005,194.6479708906533
412,0.023244408706524465,0.030675888713553066,209.23760963324926,194.26728089331516,0.027037604707269812,0.04733754542460011,209.26464756849023,194.31461833498815
413,0.023364581670019296,0.030808318721975637,208.83396702036387,193.88718199118588,0.027317747383236484,0.04774631563171229,208.8612849556621,193.93492817107915
414,0.02347282617389823,0.03091252132535911,208.4232904635482,193.5528023506088,0.027572325739171302,0.04807184784441622,208.45086301870683,193.60087388122628
415,0.023575576458028547,0.031004230152304756,208.00089126322803,193.22368915264423,0.02781522332985497,0.04835512636929186,208.02870650214234,193.27204379588864
416,0.023674619249429603,0.03112221257958391,207.6839820610485,192.81763957522253,0.028048796836122464,0.04871841233510237,207.71203067168253,192.86635797983294
417,0.023814074738790443,0.031244361478266376,207.22927260066064,192.41496805894866,0.028378557968137985,0.04910036851729836,207.25765102605857,192.46406873279855
418,0.023936634680484008,0.03134601379857879,206.8740895759587,192.07693678771903,0.028671822052538428,0.049420295937304515,206.90276146254547,192.1263571816809
419,0.024028512764158426,0.03143868283051977,206.49155060956093,191.75032700078276,0.028892473276602628,0.04971254347027212,206.5204430883121,191.80003914891543
420,0.02412168271236417,0.03157519357467907,206.21961195544782,191.32457802048495,0.02911602484820476,0.05014317267166332,206.24872783786554,191.3747211230904
421,0.024232115727573184,0.03168388074440435,205.66592746310764,190.98220660189455,0.029383790901316605,0.050489832455066004,205.69531117092623,191.03269621680013
422,0.024370063506045998,0.03177486230290122,205.2608196316053,190.62866597085227,0.029721235012971508,0.05077752142878812,205.2905409497166,190.67944310421132
423,0.024460767213273886,0.03192214660944548,204.79510499750816,190.16110021959048,0.029940315622613792,0.05124846820116309,204.8250451527249,190.21234858926456
424,0.024596201783199007,0.032023299566429596,204.30032547141906,189.82832280289767,0.030272167476569054,0.05157289483741241,204.33059753724677,189.87989541758662
425,0.02470658079417873,0.03214160774480406,203.9007318561667,189.4220068005548,0.030545529177789913,0.05195476944530289,203.93127737039964,189.47396146334134
426,0.024827968849192646,0.03227829634977158,203.4681458507817,189.0464535376167,0.030845936057056413,0.0523975963684561,203.49899188051805,189.09885099447158
427,0.024933722301785137,0.03237651243864028,203.13818511025724,188.68710403697546,0.031109917944267033,0.05271475405796715,203.16929505485052,188.73981922366548
428,0.025026583403457082,0.03248847544259717,202.7196793292635,188.33876399930105,0.031339952188670334,0.05308135694418198,202.75101920361627,188.39184543095038
429,0.025158283064097148,0.03257842493371222,202.30764008846316,188.01078328586607,0.031672433553245866,0.053372021735445446,202.33931265723965,188.06415545103144
430,0.02526526458016459,0.032699565562017786,201.94577753949872,187.6613838255339,0.031940932197902935,0.0537717672295395,201.9777185044962,187.71515557704828
431,0.025366464275128345,0.03277104091077811,201.6434266193162,187.3350722399045,0.032197958226604276,0.05400415822248927,201.67562426594233,187.38907615636106
432,0.025467529430120168,0.032928004069721024,201.18946011967662,186.94185047298504,0.03245749316864144,0.05452005545647115,201.2219175746626,186.99637043250178
433,0.025582282479991798,0.03301986601772649,200.78110284768024,186.63968448362488,0.032747433780334234,0.054828678294102616,200.81385033041454,186.6945130040946
434,0.025671341200112167,0.03309533465549831,200.44233539183003,186.3202900626056,0.03297723059104116,0.055076171979391186,200.4753127872844,186.37536648311212
435,0.025759868750204126,0.03323579123171011,199.99216700159326,185.89641998869388,0.03320428213215886,0.05554253146999257,200.02537099560303,185.95196213397958
436,0.025889973701635663,0.033365735362637934,199.64789241788642,185.55356350391605,0.033541812960293495,0.0559775400969097,199.68143420110263,185.6095407543374
437,0.02604546761821429,0.03347876797967,199.15918604319884,185.13967904013268,0.03394541891093097,0.05635626568410176,199.1931313536541,185.19603561690553
438,0.026128210539194806,0.03357156268928362,198.81178473680797,184.7858274495987,0.03415831258506964,0.056665254210681554,198.84594299725353,184.84249240020446
439,0.026271468877068518,0.0337186856413366,198.26262632846033,184.36032713482876,0.03453726682963816,0.05716275868557369,198.29716365607607,184.41749007991592
440,0.02640553948114299,0.03380678392273925,197.86122326448867,184.04239816995235,0.034889633338305616,0.057462303788134356,197.89611296704334,184.099860371023
441,0.026490275777714137,0.0339311150919102,197.61863992202223,183.6854480415948,0.03511360902932022,0.05788512660840416,197.65375357350445,183.74333338912913
442,0.02660634940659647,0.03402634026480625,197.12341001884423,183.38059951629128,0.03542108490380876,0.05821086323862623,197.15883110382916,183.43881004444066
443,0.026703249540394207,0.03416692222174726,196.87417824903326,183.04641580741142,0.0356789025462985,0.05869412210374373,196.90985714024768,183.10511012592974
444,0.026815998010724235,0.03429975569530607,196.4487161045298,182.6355416628562,0.03598474194714305,0.05915101993841471,196.4847009382988,182.69469260531525
445,0.02697092512365595,0.03441849267452855,195.90963453743325,182.2944540748894,0.036397532502211116,0.0595575933954123,195.94603180153152,182.3540116972482
446,0.02706391950377634,0.03449228593670538,195.58048533275098,181.98807851393752,0.03665132962254623,0.05980967942920151,195.61713678220474,182.04788822101776
447,0.02718698060621535,0.034619282960160785,195.20888825570452,181.6422888204007,0.03698180620165959,0.06025397986871343,195.24587006518323,181.70254246128044
448,0.027280710691649578,0.03471660526799518,194.98490132172637,181.30655688027474,0.037238406592544265,0.06059099419443238,195.02213960836082,181.3671479156052
449,0.027367386414702214,0.034815358502609674,194.53641164535787,180.99082574238346,0.03747823033201036,0.06093673411353907,194.5738897105291,181.05176249050112
450,0.027479804140197905,0.03496490917692881,194.14464601892655,180.52598694255917,0.037785866791262834,0.06145792740211306,194.18243209694032,180.58744468391274
451,0.027618702901459687,0.03510957760705198,193.7424927780177,180.19644729801377,0.03816962379614845,0.06196541980806003,193.78066209785635,180.25841218571998
452,0.02775758306019004,0.03520650248413899,193.4508454681175,179.9024827972038,0.03855598329382859,0.062308854366358836,193.48940139506396,179.96479201981322
453,0.02788590832022167,0.03533607392822088,193.0277521675489,179.5256406173791,0.03890750270559427,0.06276538872981284,193.06665968562157,179.5884061577328
454,0.028014091540820636,0.03548550242381617,192.53339848180246,179.1344871223305,0.039267510855866834,0.06329708607449978,192.57266616182312,179.19778359029337
455,0.028108289506908305,0.03555718220463033,192.16002809661916,178.84463004257898,0.0395308015946068,0.06355225573913709,192.19955867765205,178.9081823546751
456,0.028186918647636387,0.03565116155240581,191.92226141115464,178.52561823101746,0.039754926609234194,0.06388505148714867,191.9620164948958,178.5895033616286
457,0.028290233008526077,0.03573761335101681,191.5280627192631,178.19994955583826,0.040046105838351116,0.06418727298860034,191.56810887015644,178.2641366811899
458,0.028430758729485545,0.035869907841103,191.1555698891048,177.81092693282076,0.040444571630938765,0.06466814666288752,191.19601431058013,177.8755949056534
459,0.028592752127391808,0.03601179818478449,190.65700668599072,177.43536887280518,0.04090937490339455,0.06517907056787207,190.69791628328,177.5005488401007
460,0.028697577251577962,0.036099573611847666,190.33773989440476,177.13795447376128,0.041205313691109136,0.06550087481571015,190.3789450828088,177.20345479057252
461,0.028805489686698903,0.03618975514867898,189.93429103661754,176.82404962750184,0.0415184833920581,0.06582027215224046,189.9758096904744,176.88987007268696
462,0.02890501730144024,0.03631077492931482,189.6942237330042,176.46016598704668,0.04180399610935011,0.06625843703863081,189.73602774581184,176.52642488851728
463,0.029041045796207247,0.03645990382352535,189.194030122741,176.0837639986206,0.0422000599383376,0.06680737762663144,189.23623047215787,176.15057102573357
464,0.029176706846518467,0.03660568203299473,188.78476470998385,175.70694818571127,0.042596713232634656,0.06733934180925256,188.8273612170962,175.77428762038284
465,0.029323622687303243,0.03673303845352021,188.3881078024672,175.3681541961704,0.04302577555620557,0.06780506661338286,188.43113371967803,175.4359592705666
466,0.029458608698788333,0.03685471722430476,187.92479568217334,175.0060791389865,0.04342017430106999,0.06825395464614747,187.96821571235083,175.0743334035544
467,0.02957451949442052,0.03698900226117376,187.69988628581274,174.65978194186786,0.04376858520664229,0.0687535419694689,187.74365484002314,174.72853528961556
468,0.029724990797194272,0.03709386463132723,187.23465361134558,174.31794189317037,0.04421152649546122,0.06914163134169818,187.27886524977862,174.3870834299553
469,0.02977615439903463,0.03720024503858858,186.96721986976166,174.01416636523328,0.044364731469712135,0.06953954381853708,187.01158484581927,174.08370571923228
470,0.029883013056442434,0.037283021578754204,186.63718294604806,173.73166199751122,0.04468446999730044,0.06985100151902457,186.68186758138293,173.80151324660218
471,0.029990893214034142,0.03740657197774586,186.2819920065415,173.39283492174437,0.04500405829855345,0.07031176218486816,186.32699630967338,173.46314640108957
472,0.03007950123746857,0.03752774783849318,185.98018224088923,173.0365510598207,0.04527408952472731,0.07076915084418645,186.02545638859172,173.10732038789237
473,0.030213940976003505,0.03762063941811372,185.54931441263938,172.74308547208142,0.045676764662391574,0.07111591794668233,185.59499126116967,172.8142013294641
474,0.03031370011410488,0.037734044651389784,185.23982701389434,172.4353150842979,0.045983980394720965,0.07155045181712179,185.2858109551392,172.5068653833906
475,0.03040233306432822,0.03778213855614231,184.84003646569437,172.10696741144528,0.04624984278809019,0.07172453896025219,184.88628631540678,172.17869191929913
476,0.030473413796588935,0.03787836150464539,184.54448264168335,171.80430177754516,0.046463875448417555,0.07208896476937376,184.59094637003378,171.87639043801605
477,0.030576851146138628,0.03799672323874008,184.27074748880034,171.4581596008777,0.046780193055028826,0.07253884641638435,184.31752758782247,171.53069874434965
478,0.030734410440826934,0.03816166515550353,183.6848703594197,171.0327465180702,0.04726258835883729,0.07316864345019213,183.73213309964808,171.10591503130553
479,0.030845226974776176,0.038278405329289375,183.31655466323588,170.72884560269256,0.04760603002251226,0.07362122516435392,183.3641606708401,170.80246745676234
480,0.030973611920572804,0.03841383074106049,182.9041678526094,170.36399234018995,0.04800196124281316,0.0741387147335969,182.9521697793574,170.43813139406203
481,0.03111923292761805,0.03855800230799444,182.55221073698027,169.9733365164154,0.04845794465856669,0.0746962379003847,182.60066858714416,170.04803262665916
482,0.03123079844771784,0.038629487975019805,182.1975138380433,169.61197409741456,0.048802789103079613,0.07496748034039734,182.24631659988583,169.68694151471158
483,0.03129426998334314,0.038758124188502364,181.76784514954875,169.29823949637355,0.04900048881361499,0.07546365342477758,181.81684569630923,169.37370319004972
484,0.031409659232093524,0.0388940095428041,181.53807092578234,168.98635850649083,0.04936543685274374,0.07599527455259991,181.5874361754928,169.06235401234366
485,0.03152901471276845,0.038981224922099905,181.15179088939706,168.70528909434444,0.0497406031905207,0.07633888204826028,181.20153154280518,168.78162785490753
486,0.03166359671121666,0.03909876893628534,180.79637076986495,168.39328144120267,0.050168165624025214,0.07679789377544637,180.8465391549899,168.47007974307806
487,0.03178270087519682,0.039225890908552254,180.40338489185294,168.0696823562401,0.050545226562079736,0.07729485310373232,180.45393004382808,168.14697695150556
488,0.03186990089593887,0.03933313471932741,180.12716547009134,167.7935492218936,0.05082047906860768,0.07772253982830739,180.17798580849123,167.87127159059114
489,0.03194789046193886,0.03940493707340564,179.83395423228882,167.48469256823145,0.051068395629966144,0.0780063928951122,179.88502263037736,167.56269861091604
490,0.032114423912315976,0.03952519270023508,179.42006965777782,167.1295090827389,0.05160193615772417,0.07848134091998156,179.47167168749837,167.20799070802687
491,0.032194760507924275,0.03964931882477657,179.0944713803392,166.81797032691165,0.05186112984673794,0.07897069305181503,179.1463325624024,166.89694100744615
492,0.032296683660088005,0.0397703606249098,178.83926677863602,166.4549857897636,0.05219018016070843,0.07944956204232032,178.8914569660913,166.53443526796406
493,0.03240155679704689,0.03986111408309261,178.38459859621184,166.17151533826404,0.052531381082028934,0.07981403618469551,178.43713005743234,166.25132941136525
494,0.03251875634344179,0.039993803300287414,178.10458084353516,165.8502578990515,0.052910493845915674,0.0803465369586296,178.15749143156376,165.93060415006403
495,0.03268415957589445,0.04014730012436774,177.64701025370178,165.5201350438555,0.05345044448131426,0.08095930354750674,177.7004607523839,165.6010940534747
496,0.032831700493767234,0.04029020451117253,177.27570138970677,165.1425280278609,0.0539340909002614,0.08154053373081628,177.32963544972313,165.22406892978495
497,0.03296072716397789,0.040412416010928924,176.9009802907223,164.84220249171773,0.05435750330629328,0.08203479690828185,176.95533773740664,164.92423739906405
498,0.033080030382428335,0.0405076785530135,176.56885143899837,164.5040245013625,0.05475704408953271,0.08242274746880218,176.62360826382618,164.58644709592414
499,0.03322620485196361,0.04070348643937637,176.16759469241552,164.13045703288304,0.05523738985759529,0.08322190006607219,176.22283214779955,164.21367936150287
500,0.03335485710137919,0.040790442339951376,175.74301165352315,163.81443778115639,0.05566843059943549,0.08357333025605383,175.79868030814336,163.8980112065174
