epoch,train_loss,val_loss,train_recon_loss,val_recon_loss,train_kl_loss,val_kl_loss,beta
1,0.08673315259379957,0.038404016777324836,0.086722965272677,0.03833324797326904,1.3253030177935883,9.207340071432567,7.686158073360571e-06
2,0.01743501242580925,0.007155082654207945,0.017198510482826175,0.006938042589478868,25.834747908702447,23.708796115224576,9.154408582006738e-06
3,0.0058302998354025125,0.003398241080424708,0.00554214807272494,0.003032449312059576,26.334828017345025,33.43051789197634,1.0941850065037413e-05
4,0.00260495042687335,0.0020105926924226278,0.0021516649681182463,0.0014913960844340631,34.55892767978074,39.58405598669148,1.3116306549289961e-05
5,0.0018513142595370262,0.0015689899333531541,0.001174870964550761,0.0008297562813324025,42.92354874475118,46.90789421107059,1.5759257661579782e-05
6,0.0016633160872512826,0.0016036032540194167,0.0007300435618452191,0.000638285840053211,49.20189469942895,50.89129137275211,1.896822375212947e-05
7,0.0017384517734318073,0.0017374071711518592,0.0005566204762143993,0.0005914398009988501,51.70003929329877,50.13114749308813,2.285938966519435e-05
8,0.0019211681954362984,0.0018422595703395015,0.0005648435075717418,0.00056683872090528,49.19496366286797,46.260519008572686,2.7570396583288997e-05
9,0.0020768982873078266,0.0019802484820195068,0.0006244093714199236,0.000646194809289294,43.66658269859838,40.10603155180762,3.326316923375208e-05
10,0.0022124002607292817,0.002156325206347433,0.000720984828670102,0.0008212203435587345,37.167790328238276,33.27235061747573,4.012655707396759e-05
11,0.0023737614490778203,0.002259437992302919,0.0008875458285608758,0.000935128558642016,30.720616358209096,27.373958409031896,4.837844730438922e-05
12,0.0025046246003053796,0.0024776189412024606,0.0010293194896602376,0.0011740693266512857,25.319801908841285,22.37206170710433,5.826685172296986e-05
13,0.0025870126076947453,0.002544024604120382,0.0011288501553150079,0.0012604461898746897,20.810295414884685,18.318703941676926,7.006928192300347e-05
14,0.002678570041192736,0.002555808851364564,0.001255952624621266,0.0012884219352274286,16.917891912923587,15.071876535447545,8.408952379742846e-05
15,0.002774597773908745,0.0026204193946921008,0.0014026189011161277,0.0013873395190751772,13.631086031595865,12.251076561152736,0.00010065073863056549
16,0.0028084613354736237,0.002612910971643534,0.0014982016476719848,0.0014555964772324746,10.91121763520105,9.637562975038254,0.00012008371910009542
17,0.0028217416709067434,0.002787550919873011,0.0015089371506049854,0.0015823921028300372,9.199156764364323,8.444856123780726,0.00014270921383558732
18,0.002900776061755129,0.0028509172551757517,0.001572664729023112,0.0016490185444856867,7.867322333094663,7.119678280425311,0.0001688136332512095
19,0.002922479347193261,0.0028076927095066046,0.0016022339904715169,0.0016403900043584132,6.647148713793986,5.877115780693233,0.0001986182953299768
20,0.0030475091111145827,0.002739512261134077,0.0018141567453561066,0.0016315782884210597,5.310594799131205,4.770565402946344,0.0002322437412844814
21,0.002994700955847899,0.002789387146920514,0.001819016213194971,0.0017826097346157034,4.3596762895983465,3.733333822875517,0.00026967247994862516
22,0.0029525363094749014,0.0028235434295989597,0.0018985928053822574,0.00190139842767854,3.391988939176652,2.967811620355051,0.0003107154933535152
23,0.0028130750240480383,0.002762168356183181,0.0018556344910201864,0.0019364240221106089,2.697096567856806,2.3261104395557006,0.00035498935008043036
24,0.0026874947634648837,0.002614016254529058,0.0018476191783320763,0.0018820435491649053,2.08970526434868,1.821230831752254,0.00040191102754766046
25,0.002521907018772147,0.0024274745636797173,0.0017858370518470978,0.0018016557336900147,1.6331132402771482,1.3884997403741282,0.0004507158366848345
26,0.0023493682786235757,0.0021886593712039017,0.0017260757976537647,0.001644985273365168,1.2453395403809284,1.0862617867447462,0.0005005
27,0.002220924202293482,0.002206001496160509,0.0016702738219257476,0.0017106260346672357,1.0006655217015763,0.900217396160432,0.0005502841633151655
28,0.0021534788896527823,0.0020221311717378257,0.0016357434608925202,0.0015349113542032131,0.8642045863509378,0.8132679424557,0.0005990889724523396
29,0.0020574344520205927,0.0020342894006726087,0.0015560224903061037,0.0015663394465400872,0.7761667523551826,0.7243688571014532,0.0006460106499195698
30,0.0020188964284032934,0.001989145943097596,0.0015444799591170957,0.0015502636450152832,0.6872766799663179,0.6357990670762333,0.0006902845066464847
31,0.0019997164791908544,0.0019633909597849618,0.001559949856153198,0.0015567784048897218,0.6013265363934451,0.5559922998964189,0.0007313275200513749
32,0.0019466532729690898,0.0018689971912440448,0.001542314677616235,0.0014933873653991217,0.5259646636057939,0.4885941883393355,0.0007687562587155186
33,0.0018087569581285443,0.0018239783751544695,0.0014364448507820293,0.0014786782805312636,0.46400869137278355,0.43034393452481684,0.0008023817046700233
34,0.001778103434207726,0.0017979896571300301,0.0014390464896691878,0.001483268136809577,0.407429086503072,0.3781863690219994,0.0008321863667487907
35,0.0017258345609268725,0.0017871008675863162,0.0014164416711087927,0.0014976830335402468,0.36047562822025625,0.33720258436474115,0.0008582907861644128
36,0.001657861901893338,0.0016328605393377633,0.0013735150228842618,0.0013665048978649653,0.32278538139621216,0.30236201621218267,0.0008809162808999045
37,0.0015829720698574705,0.0015484185131690324,0.0013241482609212148,0.0013081286103312037,0.28747043472837963,0.2668852010698223,0.0009003492613694345
38,0.0015228616159137843,0.0015301559993336881,0.0012912148920978283,0.0013143854557589494,0.25263832112652573,0.23532349065594052,0.0009169104762025716
39,0.0014618430974997793,0.0014566737955224304,0.0012529083588854776,0.0012612295220995379,0.22443641482585638,0.20994502146507188,0.0009309307180769967
40,0.0014294739520111725,0.0014319154044557176,0.0012395959084235768,0.0012525136603578227,0.20141228906173803,0.19029958282027357,0.0009427331482770302
41,0.0014038042596680185,0.0013498182044081066,0.001229964687108332,0.0011852719333571035,0.18248544870509176,0.17272994450502172,0.0009526215526956109
42,0.001303671506838795,0.0012800878705768331,0.0011433569417636173,0.0011282486488332468,0.16684255830107422,0.15802205261777477,0.0009608734429260324
43,0.0012732467936255175,0.0012425154865716263,0.0011269057236246802,0.0011046376892281417,0.15121992097128575,0.14247449719188204,0.0009677368307662479
44,0.0012156441152545076,0.0011737042910304157,0.0010828787614583619,0.0010484614297373838,0.13638926730483422,0.12866143089871743,0.000973429603416711
45,0.001201785505332764,0.0011448942835015996,0.0010802031871418108,0.0010289204763217414,0.12429943734427393,0.11856556561678946,0.0009781406103348057
46,0.0011532585962614672,0.0011112185983130564,0.0010408105992070918,0.0010041619402225625,0.11450544883258379,0.10901550345596263,0.0009820317762478706
47,0.0010856561640814146,0.0010563376691366817,0.0009822523926495508,0.0009584157499110943,0.10495279577109881,0.09938882049609188,0.0009852407423384202
48,0.0010425543449226287,0.000994044113094392,0.0009482649033670774,0.0009047464618652461,0.09544590235355511,0.09039289942852231,0.00098788369345071
49,0.001025545609712451,0.0009693807694923917,0.0009391496307606586,0.000887038120392548,0.08726355450936099,0.0831694876320386,0.0009900581499349627
50,0.0009565839301747968,0.0009401544946460769,0.0008770357199259713,0.000864756042854144,0.08020220100380468,0.07601832725531281,0.0009918455914179935
51,0.0009304391035156471,0.0008838557261338202,0.000857291767729362,0.0008144099960324782,0.07314732298878969,0.06944573595870697,0.001
52,0.0008806696434043523,0.000861807235938662,0.0008136745876908751,0.0007981900308735943,0.06699505107636428,0.06361720245020047,0.001
53,0.000846635532222994,0.0008352492933230082,0.0007854680333971366,0.0007774036943781685,0.06116749272624052,0.05784559900246336,0.001
54,0.0008204517864787536,0.0007688238160500932,0.0007647016583715677,0.0007158413828805364,0.05575012742000409,0.05298242739161919,0.001
55,0.0008122303698233749,0.0007700322146829603,0.0007608856842424127,0.0007207136457929244,0.05134468071998863,0.04931858284118582,0.001
56,0.0007596773116294002,0.0007404679314538612,0.0007119112607314746,0.0006950205054919058,0.04776604795575741,0.045447414124191406,0.001
57,0.0007399623459704233,0.0007083069489891937,0.0006962081619656927,0.0006669008145404724,0.04375417584824802,0.041406113193385975,0.001
58,0.0006895784934681577,0.0006458998360300443,0.0006499515330205224,0.0006085267608960386,0.03962695460073912,0.03737308817563647,0.001
59,0.0006707239007051578,0.0006275658758924059,0.0006347166874892136,0.0005934114420372233,0.03600721524238986,0.03415442847438082,0.001
60,0.0006309681767215593,0.0006369628720016633,0.0005981484993549698,0.0006060020594754844,0.032819665824897724,0.030960795871390147,0.001
61,0.0006112852601811814,0.0005784599183681717,0.0005816390317275034,0.0005505541431013632,0.029646226930333742,0.027905778249221105,0.001
62,0.0005706670765033369,0.0005617122084874173,0.0005438887187353081,0.000536483669665994,0.026778352532654353,0.025228541911296223,0.001
63,0.0005592703949925264,0.0005252026056521962,0.0005350606095777447,0.0005023856565549372,0.02420978704576616,0.02281696191773965,0.001
64,0.0005291818789911568,0.0005043116396208945,0.0005072399513570551,0.0004836093699777605,0.021941920149590902,0.020702281100893498,0.001
65,0.0005153729351217136,0.0004917295092100085,0.0004955198143108107,0.0004729875655421196,0.019853114389145193,0.018741955557046927,0.001
66,0.0004962304497053426,0.00047387771213420956,0.0004782371168470219,0.0004568315196952107,0.01799334296441857,0.01704619740164001,0.001
67,0.0004626452017823543,0.000444313353663435,0.00044627727480867324,0.00042891773931763095,0.01636792826380462,0.015395613779690752,0.001
68,0.0004533992169995853,0.0004467492184156309,0.00043863319327557145,0.00043281909864065687,0.014766023601943524,0.01393011621009546,0.001
69,0.00044006974996189263,0.0004438744190368602,0.00042667399522094946,0.000431255384968955,0.0133957575314009,0.012619034882423072,0.001
70,0.00041812298948318077,0.0003954514232892418,0.0004060927329396196,0.000384180778252073,0.012030252987141386,0.011270644666508687,0.001
71,0.00039960963757228185,0.0003867221770949824,0.0003887870211709584,0.000376469824762149,0.010822613079294288,0.010252351629669252,0.001
72,0.0003824567401210717,0.0003776452139083819,0.000372579365871594,0.00036832517387507403,0.009877372767083609,0.009320039006205505,0.001
73,0.0003758472947394429,0.0003641608949278771,0.00036695958737212184,0.00035579762667616873,0.008887706775299369,0.00836326101838446,0.001
74,0.0003603977736021693,0.0003513880956872837,0.0003523266641423106,0.00034371233865677887,0.00807110596076902,0.0076757554793387755,0.001
75,0.0003437801046605835,0.0003488333628125127,0.0003363941904836782,0.00034185130385460836,0.007385916034480435,0.006982061602362123,0.001
76,0.00033587785138377305,0.000333333141026383,0.00032917738399176644,0.0003269905848179424,0.006700467032035641,0.006342564452514301,0.001
77,0.0003212629056436601,0.0003144648006882045,0.0003151458022543471,0.0003086316823082537,0.006117107776435126,0.005833113352677794,0.001
78,0.00031383620988276526,0.00031127930867227174,0.00030819753563605636,0.00030588887600355895,0.0056386721566930986,0.005390433759668399,0.001
79,0.0002974795281514213,0.00029943712709010596,0.00029225885837652426,0.00029447676571487855,0.005220667760931517,0.004960368511992753,0.001
80,0.0002970987100386602,0.0002813931631646976,0.0002923164179531461,0.00027683588993863316,0.004782292906856367,0.004557275244449094,0.001
81,0.0002811106775089368,0.0002774307186003575,0.0002766944251765795,0.00027320837254720087,0.004416250034080978,0.004222345557126114,0.001
82,0.00027358672050041593,0.0002637074474380803,0.00026951062554841427,0.00025984046723379013,0.004076095362672804,0.0038669839973271792,0.001
83,0.00026343765068359337,0.0002500564467323863,0.0002597043076672449,0.0002465055278972738,0.0037333414214390207,0.0035509280837063106,0.001
84,0.0002563881837336621,0.0002541182119629804,0.00025296234011426224,0.0002508618466690008,0.0034258461992569904,0.0032563658904620637,0.001
85,0.00024298124929493796,0.0002540484961705519,0.00023983421654442803,0.0002510546433391286,0.0031470368882263676,0.0029938462265085017,0.001
86,0.0002410506934285947,0.00023156581376445633,0.00023816257471572045,0.00022880983695443906,0.0028881196500468295,0.002755978534054198,0.001
87,0.00023408105038808444,0.00023256486465135918,0.00023141499024533497,0.000230015859731635,0.0026660612211024492,0.002549007674367681,0.001
88,0.00022591371839972123,0.00022223969385336249,0.00022344752869075805,0.00021988822909011304,0.002466188526479917,0.0023514679126927385,0.001
89,0.00022138853372059844,0.0002126543152198214,0.0002191069378838149,0.00021045739388904757,0.00228159728505254,0.0021969198574776135,0.001
90,0.00021283864882155328,0.00020437850753144427,0.00021070862324753156,0.000202342285044619,0.0021300254462963872,0.0020362265255414323,0.001
91,0.0002066291071085721,0.00019850607566811133,0.0002046548487451645,0.00019662091456919,0.0019742603149729933,0.0018851632489059681,0.001
92,0.0002029469314049243,0.0001988165269576225,0.00020112119081458997,0.00019707082304324842,0.001825739991877671,0.0017457046292186482,0.001
93,0.00019628413789769106,0.00018849432966586228,0.00019459328644400403,0.0001868709782060597,0.0016908510371658894,0.0016233504342575585,0.001
94,0.00019173185479803045,0.0001876329993700646,0.00019015178960998398,0.0001861147377052092,0.0015800646476999824,0.0015182615640140249,0.001
95,0.00018525963339200352,0.00018856471654979268,0.00018378803696131592,0.0001871500250997869,0.0014715969957991612,0.001414690530753031,0.001
96,0.00018100444158426854,0.00016887158713767611,0.00017962376254616958,0.00016754208668758066,0.0013806806683034903,0.0013295024252624366,0.001
97,0.0001768180430173356,0.00017418658559796178,0.00017553001551161922,0.0001729520135204834,0.0012880268982897077,0.0012345731622044208,0.001
98,0.00017077389708096145,0.0001644571947383953,0.00016956967269004148,0.00016329645085379007,0.0012042232404168153,0.001160740253926694,0.001
99,0.00016170309100809415,0.00016179210777950463,0.000160575008038915,0.0001607131185500655,0.0011280823518074364,0.0010789891936190202,0.001
100,0.00016491529491314294,0.00015865401086478454,0.00016386659086215462,0.00015763943050489652,0.0010487037126623855,0.0010145765084486741,0.001
101,0.00015547148995663054,0.00015110808388052826,0.00015447329314151808,0.00015014469925116397,0.0009981969900279488,0.0009633827933895224,0.001
102,0.0001519353621492281,0.00015135549491054897,0.0001510034494054811,0.0001504633439503093,0.0009319108838318431,0.0008921478721188587,0.001
103,0.0001480157209559885,0.00014305726744166035,0.0001471480487754578,0.00014221898976434646,0.0008676721787757211,0.0008382789253718204,0.001
104,0.00014473132646199583,0.00014280723064264165,0.00014391418301615042,0.0001420189492092203,0.0008171428635738279,0.0007882817941530916,0.001
105,0.00013930872534136514,0.00014152465306220883,0.00013853949511234947,0.00014077795895842842,0.0007692290166973244,0.0007466942998175712,0.001
106,0.00013850305029159876,0.00013108473831988608,0.0001377729220338044,0.00013038336715379101,0.000730131889679399,0.000701368848885095,0.001
107,0.00013405126093912534,0.00013851914589875768,0.00013336667431379206,0.000137857141848856,0.000684584006281036,0.000662006864115521,0.001
108,0.00013023400833768616,0.00012600795587993548,0.0001295882887688623,0.00012538259876012042,0.0006457199559974448,0.0006253564871230901,0.001
109,0.00012372554015833105,0.00012035746661553714,0.00012311473687415727,0.00011976833444460136,0.0006108044393569656,0.0005891288201991207,0.001
110,0.0001228839318229781,0.00012236549503428482,0.00012230997775411045,0.00012181086221789275,0.0005739558138299603,0.000554635370715543,0.001
111,0.00012047263611858037,0.00011297244047430689,0.0001199305490256206,0.00011244719527505282,0.0005420870729722083,0.0005252449967926462,0.001
112,0.00011795870470794907,0.00011634909864016699,0.00011744553057648089,0.00011585140019210591,0.0005131739011725451,0.0004977001757968379,0.001
113,0.00011290857657888464,0.00011328096991330137,0.00011242303713162428,0.00011281185765633122,0.0004855384633363922,0.000469114669181257,0.001
114,0.0001113582540064983,0.00010792073777356625,0.00011089903849857225,0.00010747099207168333,0.000459214775942787,0.00044974844124445377,0.001
115,0.00010818735986877422,0.00010355469897949296,0.00010774451666704646,0.00010312722184474153,0.0004428439907487045,0.00042747773376471023,0.001
116,0.0001056895601702386,9.862566960548801e-05,0.00010527461685345179,9.822547419699856e-05,0.00041494202827200156,0.000400196350129776,0.001
117,9.92917365155072e-05,0.0001038136980548909,9.889986184780553e-05,0.0001034351746823458,0.00039187540480370946,0.0003785227855042956,0.001
118,9.942366673834966e-05,0.00010132072973793161,9.90549120780001e-05,0.00010096372548454943,0.00036875569136615163,0.0003570041139952739,0.001
119,9.679762531310582e-05,9.463031145601524e-05,9.645015024502061e-05,9.42942079384017e-05,0.000347476383851345,0.0003361013227564448,0.001
120,9.553196450328405e-05,9.243715987431764e-05,9.520138391627816e-05,9.211513949585394e-05,0.00033058053884074917,0.0003220218667498849,0.001
121,9.313028752953952e-05,9.296797823809542e-05,9.281412729333581e-05,9.266194002371886e-05,0.0003161603087439222,0.0003060402476538695,0.001
122,8.983929542387044e-05,9.207657845356007e-05,8.954173277907925e-05,9.178759924499754e-05,0.0002975632353015774,0.0002889765758825821,0.001
123,8.823921851268961e-05,9.06518970650814e-05,8.79546951273826e-05,9.037519446543003e-05,0.0002845241200690543,0.0002767027014660895,0.001
124,8.723462004925497e-05,8.87733496169569e-05,8.696257421219179e-05,8.850577420727927e-05,0.0002720464067085111,0.00026757601404447343,0.001
125,8.574229842502314e-05,8.370868590493752e-05,8.547836067381205e-05,8.345029380014415e-05,0.0002639380537544438,0.0002583924143257423,0.001
126,8.268160954883348e-05,8.292615941330871e-05,8.242983108061136e-05,8.268294288768249e-05,0.0002517779564919415,0.00024321495883757044,0.001
127,8.269245680725791e-05,8.029033151341533e-05,8.245299536527339e-05,8.00549387106404e-05,0.0002394625342069225,0.00023539269731004712,0.001
128,7.872745407674262e-05,7.785000411710269e-05,7.849529631901143e-05,7.762531738710374e-05,0.00023215884329919615,0.00022468439390552683,0.001
129,7.921961794825352e-05,7.38998369160373e-05,7.90001564562458e-05,7.368430224567321e-05,0.00021946213070761064,0.00021553478147452978,0.001
130,7.506441762725474e-05,7.552623067516055e-05,7.485227572423182e-05,7.532090210491311e-05,0.00021214089333450258,0.00020532962951978924,0.001
131,7.369429964772652e-05,7.589151448162154e-05,7.349378052027195e-05,7.569634726070129e-05,0.00020051813726621514,0.00019516653858629807,0.001
132,7.22418731959713e-05,7.185421873450148e-05,7.205050156817973e-05,7.166770576631002e-05,0.0001913709706153761,0.00018651140592898863,0.001
133,6.93445509695292e-05,6.883049091845159e-05,6.916186354449487e-05,6.865347830682252e-05,0.00018268708824402367,0.00017701164229631263,0.001
134,6.850001468889452e-05,6.929698806484993e-05,6.832613902134505e-05,6.912732519245204e-05,0.00017387628350742286,0.0001696627272194077,0.001
135,6.75949781625711e-05,6.409702872402692e-05,6.742860492138689e-05,6.393555023323551e-05,0.000166373661142256,0.00016147745526933039,0.001
136,6.562676903276145e-05,6.5944210419246e-05,6.546785520813607e-05,6.578808601121776e-05,0.00015891352100953012,0.0001561232042100972,0.001
137,6.4138734891476e-05,6.435890289772625e-05,6.398522755429671e-05,6.420931753151144e-05,0.00015350577227558342,0.000149587126169198,0.001
138,6.364752792417293e-05,6.191158290463032e-05,6.350064661390486e-05,6.176743315327228e-05,0.00014688127000045525,0.0001441479526634599,0.001
139,6.277715978806432e-05,6.004399700299759e-05,6.263490515808657e-05,5.9904876483579394e-05,0.00014225542058304757,0.0001391205291519172,0.001
140,6.0091287968358514e-05,6.0130650859737276e-05,5.995473010850434e-05,5.999741349957204e-05,0.00013655791023743793,0.00013323761110060092,0.001
141,5.995354941680285e-05,5.950931050654276e-05,5.982203500823491e-05,5.938019493986451e-05,0.0001315144537593171,0.00012911621908101264,0.001
142,5.804768639559728e-05,5.7101118253068187e-05,5.792175091588963e-05,5.697843986479674e-05,0.00012593635292006174,0.0001226782194886942,0.001
143,5.6500661038576e-05,5.6448994126240176e-05,5.637859631956897e-05,5.63288659367782e-05,0.00012206452187367947,0.00012012787876155439,0.001
144,5.5781039946078414e-05,5.6463251924874216e-05,5.566342077623597e-05,5.634847988659145e-05,0.00011761945808979868,0.00011477213228618987,0.001
145,5.3881407905066964e-05,5.279476326326902e-05,5.37689140806434e-05,5.2685262668444884e-05,0.00011249393269761311,0.0001095013073326266,0.001
146,5.323847221268904e-05,5.388236117944819e-05,5.313056601360409e-05,5.377695951603017e-05,0.00010790604755734414,0.00010540194345722256,0.001
147,5.353570617188409e-05,5.297746597793121e-05,5.34319011388242e-05,5.2875583322896284e-05,0.00010380520798756165,0.0001018834756607467,0.001
148,5.085854328953516e-05,5.0370831702085194e-05,5.0758552357331746e-05,5.027279903850188e-05,9.999088500109634e-05,9.803369243778787e-05,0.001
149,4.968718876838926e-05,4.936911664664882e-05,4.959045048174019e-05,4.9274846188506786e-05,9.673873777062533e-05,9.427082522505159e-05,0.001
150,4.968649573647339e-05,4.856054942971594e-05,4.959412999566211e-05,4.847015341900345e-05,9.236638265555815e-05,9.039572695013989e-05,0.001
151,4.810130863989254e-05,5.0426809281989914e-05,4.8012100951092856e-05,5.0339783073860814e-05,8.920738639041291e-05,8.702527288869989e-05,0.001
152,4.777403447593342e-05,4.5763683854991625e-05,4.768858514221111e-05,4.567998121426375e-05,8.544917383406333e-05,8.370276271575052e-05,0.001
153,4.617597206047786e-05,4.495150121715368e-05,4.609341858835482e-05,4.48703623416111e-05,8.255368117580403e-05,8.113976347709486e-05,0.001
154,4.576834198906456e-05,4.521013666501107e-05,4.568831888049914e-05,4.513213058807466e-05,8.002322934387748e-05,7.800583408002346e-05,0.001
155,4.463983332761485e-05,4.325199262534944e-05,4.456309497266129e-05,4.317675091345315e-05,7.673840924902075e-05,7.524019859444637e-05,0.001
156,4.389420991870333e-05,4.3216018307658945e-05,4.3820022250019824e-05,4.314352216255107e-05,7.418754015377624e-05,7.249489639294692e-05,0.001
157,4.295413729817984e-05,4.1545102319035395e-05,4.288288979887435e-05,4.14750213295036e-05,7.124719406870839e-05,7.00813074108372e-05,0.001
158,4.256308583134764e-05,4.190014663871135e-05,4.249395799399564e-05,4.1832204768550974e-05,6.912770978507775e-05,6.794162039305504e-05,0.001
159,4.076430851399003e-05,4.1737575890409935e-05,4.0697771136924295e-05,4.167260314631089e-05,6.653820260051931e-05,6.497155512483747e-05,0.001
160,4.1214400239193644e-05,4.1149755886111125e-05,4.114962738544338e-05,4.1085915100942976e-05,6.477275198435495e-05,6.384036177555161e-05,0.001
161,3.979607181935774e-05,4.081510056390732e-05,3.973342145506879e-05,4.0753707566620144e-05,6.26507216761859e-05,6.139318259291968e-05,0.001
162,3.9197450797767744e-05,3.9301089688697145e-05,3.913678180348749e-05,3.9241500058188806e-05,6.066916684354492e-05,5.958829830240234e-05,0.001
163,3.7165395755364075e-05,3.763501330693081e-05,3.7107295107090195e-05,3.757891876418237e-05,5.810022654256181e-05,5.609524687376406e-05,0.001
164,3.748722519958392e-05,3.7635420833560126e-05,3.743193223610305e-05,3.758152364217832e-05,5.529296760634719e-05,5.3897051508211375e-05,0.001
165,3.7309577855982755e-05,3.564364950789332e-05,3.725665073044843e-05,3.5591786457685114e-05,5.2926278872451696e-05,5.1861821763750075e-05,0.001
166,3.6049142701075904e-05,3.383021560216472e-05,3.599793265888216e-05,3.3779984471379596e-05,5.120969999217314e-05,5.023066804395446e-05,0.001
167,3.584050931478344e-05,3.5999334172675085e-05,3.5790968397985196e-05,3.595038515565851e-05,4.9540121019324536e-05,4.8947772645312873e-05,0.001
168,3.427234200540957e-05,3.4032487175170406e-05,3.422409313780816e-05,3.398556400132895e-05,4.824846231716356e-05,4.6923108832357004e-05,0.001
169,3.375141368969265e-05,3.364300129492845e-05,3.370558958676319e-05,3.359799691764825e-05,4.582416581104422e-05,4.500489580777106e-05,0.001
170,3.3714869717261604e-05,3.24012154704902e-05,3.3670363129380624e-05,3.2357746283765134e-05,4.4506623529516306e-05,4.3469926816497755e-05,0.001
171,3.26705189436203e-05,3.317431952400572e-05,3.262777882906019e-05,3.313230813257427e-05,4.274019944019205e-05,4.2011007959280866e-05,0.001
172,3.2468644928045174e-05,3.221579931032405e-05,3.2427049491024485e-05,3.217467380323359e-05,4.1595605513337574e-05,4.112541071444136e-05,0.001
173,3.144843661661378e-05,3.262205610252655e-05,3.140793956887957e-05,3.2582422391839334e-05,4.049666367456203e-05,3.963379975078148e-05,0.001
174,3.18726324408539e-05,2.966864250816816e-05,3.183308210245558e-05,2.9629521740325585e-05,3.955020286075356e-05,3.912108016122883e-05,0.001
175,3.1685662992888284e-05,3.0516339101204507e-05,3.164683135335179e-05,3.047786044878854e-05,3.8831427753719674e-05,3.847908403356108e-05,0.001
176,3.033923937042495e-05,3.083626750801545e-05,3.030109949530082e-05,3.079858348020789e-05,3.813943475806794e-05,3.768349192963748e-05,0.001
177,2.9753136670472758e-05,2.852775665255299e-05,2.9715905668486183e-05,2.84912290031528e-05,3.723113788366887e-05,3.65273807007807e-05,0.001
178,2.9501080820077587e-05,2.9853111114777332e-05,2.9465113220489902e-05,2.981766808799851e-05,3.596750940602792e-05,3.5443034906479155e-05,0.001
179,2.817137139764832e-05,2.7013114928700075e-05,2.8136500380545233e-05,2.6979221443633586e-05,3.487121326144133e-05,3.38940120258923e-05,0.001
180,2.8418604485570473e-05,2.810493938538813e-05,2.8385068298954363e-05,2.8072017252830286e-05,3.3536223970900385e-05,3.292259584653291e-05,0.001
181,2.7328028096795984e-05,2.763404791952184e-05,2.729570474040771e-05,2.760239152982792e-05,3.232333933791439e-05,3.165714340039177e-05,0.001
182,2.7609164353208133e-05,2.6197105952356335e-05,2.7577907652815473e-05,2.6166485364581568e-05,3.125699526394197e-05,3.062064037337061e-05,0.001
183,2.677397207488907e-05,2.5930151073575522e-05,2.674360947329625e-05,2.5900339108718915e-05,3.0362675933730305e-05,2.981219000977707e-05,0.001
184,2.5970370922887183e-05,2.6373187198825756e-05,2.5941210024303936e-05,2.6344806504868793e-05,2.916082368171177e-05,2.8380980718513736e-05,0.001
185,2.5222003298811223e-05,2.561754680022186e-05,2.5194130951602643e-05,2.5590499985186744e-05,2.7872634505314074e-05,2.7046853592825656e-05,0.001
186,2.4967653769809617e-05,2.4404892212752934e-05,2.494108901395021e-05,2.4378879362396837e-05,2.6564976469001504e-05,2.6012842496117285e-05,0.001
187,2.4941125079909287e-05,2.4909870365911387e-05,2.4915499141957717e-05,2.4884865497278648e-05,2.562592874693632e-05,2.5005244883702036e-05,0.001
188,2.4292148947238983e-05,2.389809941386463e-05,2.4267516354220987e-05,2.387394217604321e-05,2.4632443120472804e-05,2.415732391619351e-05,0.001
189,2.396555840641972e-05,2.3215401396795838e-05,2.3941718603327745e-05,2.3191848842154202e-05,2.383978622138225e-05,2.3552705642090174e-05,0.001
190,2.317285133429984e-05,2.3100449497570878e-05,2.3149608363873416e-05,2.3077750067210236e-05,2.3243190667344727e-05,2.269900370724842e-05,0.001
191,2.313204674938732e-05,2.392935950721164e-05,2.310958477744807e-05,2.3907144183542557e-05,2.246174083009516e-05,2.2215189441048033e-05,0.001
192,2.2829326239790473e-05,2.3114597426811512e-05,2.280731087088272e-05,2.3092930628826614e-05,2.2015479732043707e-05,2.1666986058669767e-05,0.001
193,2.2562650394603732e-05,2.212756718233435e-05,2.2541145567576107e-05,2.2106298730861674e-05,2.1504422328380285e-05,2.126859180862084e-05,0.001
194,2.2035835043081023e-05,2.21659668030067e-05,2.2014944379391863e-05,2.214549356016578e-05,2.089070414872649e-05,2.047359746476685e-05,0.001
195,2.1741879387245627e-05,2.261244673754967e-05,2.172160306056728e-05,2.2592450307191966e-05,2.0276312089866025e-05,1.9996561045095754e-05,0.001
196,2.0709454386494662e-05,2.1301744101132207e-05,2.0689872974706142e-05,2.1282730204896942e-05,1.9581199103870416e-05,1.9013383316754496e-05,0.001
197,2.1228542722828125e-05,2.1325545182045125e-05,2.1209824608894917e-05,2.1307263006236213e-05,1.8717905191224538e-05,1.8282379085539894e-05,0.001
198,2.0460678743761286e-05,2.0642983753438167e-05,2.0442655453311396e-05,2.0625194542008347e-05,1.802331641238121e-05,1.7788996168546205e-05,0.001
199,1.9948564492019988e-05,2.0569720201643595e-05,1.9931011442323193e-05,2.0552491512711014e-05,1.7552819114751332e-05,1.7228632835921658e-05,0.001
200,2.0225829518511478e-05,2.0258963096820293e-05,2.020875123418966e-05,2.0242023110098867e-05,1.7078278282896335e-05,1.693977949047542e-05,0.001
201,1.9597185287673153e-05,1.9963076498048352e-05,1.9580504100620973e-05,1.994672613765462e-05,1.6681438115373927e-05,1.635031154261276e-05,0.001
202,1.9593300788575186e-05,1.8558862591263555e-05,1.9577045699029067e-05,1.8542645728874742e-05,1.6255145102992446e-05,1.621674941071071e-05,0.001
203,1.876910081251904e-05,1.864697169427827e-05,1.875308040916858e-05,1.8631328653085146e-05,1.6020345767411806e-05,1.5643627832415528e-05,0.001
204,1.8597592518545362e-05,1.7888895565442225e-05,1.858206787359666e-05,1.787372053988055e-05,1.5524813479440573e-05,1.5175462176922645e-05,0.001
205,1.822524094223661e-05,1.8600004317169233e-05,1.8210287871289886e-05,1.85853806887399e-05,1.4953078152605026e-05,1.4624368389964261e-05,0.001
206,1.8308351469962114e-05,1.8143418436431184e-05,1.8293862457642015e-05,1.81290569919026e-05,1.448907045920454e-05,1.4361131151384334e-05,0.001
207,1.775952332719503e-05,1.816976654052658e-05,1.774532219356139e-05,1.8155783950730793e-05,1.4201355760583031e-05,1.3981973794112753e-05,0.001
208,1.7343912502234784e-05,1.7300462732054558e-05,1.7330144093078647e-05,1.7287033644308614e-05,1.3768697900137352e-05,1.3428786961750335e-05,0.001
209,1.7542768073996758e-05,1.7141194818325318e-05,1.7529511477271138e-05,1.7128098331879276e-05,1.3256392494547302e-05,1.309687473640285e-05,0.001
210,1.6969860731460267e-05,1.67412604013556e-05,1.6956961851036042e-05,1.6728510843032355e-05,1.2898889433857173e-05,1.2749712645334354e-05,0.001
211,1.7043826797265532e-05,1.633850214021735e-05,1.70310917051066e-05,1.6325887959724196e-05,1.2734951697608965e-05,1.261395753919903e-05,0.001
212,1.6447176731436692e-05,1.6954220781946884e-05,1.643470617274343e-05,1.6941887480185372e-05,1.2470574643699042e-05,1.2333576526248713e-05,0.001
213,1.632510549209913e-05,1.6155301770738508e-05,1.6312841076397618e-05,1.6143246579681286e-05,1.2264604164963418e-05,1.20550892333569e-05,0.001
214,1.6135100211756665e-05,1.5815917276843515e-05,1.612316290336568e-05,1.5804145939386897e-05,1.1937103072173837e-05,1.1771219569070726e-05,0.001
215,1.5823911005467092e-05,1.6212974466260034e-05,1.5812363853545313e-05,1.6201620036307846e-05,1.1547126972376953e-05,1.1354585113807855e-05,0.001
216,1.5310700542960976e-05,1.5870299478328006e-05,1.5299435771624515e-05,1.585933329006731e-05,1.12649034721779e-05,1.0965958864232066e-05,0.001
217,1.5225864034995298e-05,1.5387648927328373e-05,1.5215123682569516e-05,1.5377096394900415e-05,1.0740317711115707e-05,1.0552414221023123e-05,0.001
218,1.526019699076718e-05,1.4849387882477885e-05,1.5249789303167289e-05,1.4839212045113029e-05,1.0407799658167817e-05,1.0175848467383349e-05,0.001
219,1.4918239034847937e-05,1.5028109538072391e-05,1.490811726374158e-05,1.50180879345833e-05,1.012175725370057e-05,1.00214544870923e-05,0.001
220,1.463233783819293e-05,1.4877598759477622e-05,1.4622437807074568e-05,1.4867879886927323e-05,9.899987043669839e-06,9.718746647639177e-06,0.001
221,1.4579404862642435e-05,1.4316845953237323e-05,1.4569722482594513e-05,1.4307250248778878e-05,9.682360202046458e-06,9.595749784132698e-06,0.001
222,1.4240097204752994e-05,1.367382110797537e-05,1.4230569396148006e-05,1.366442134943565e-05,9.527782497767549e-06,9.399592698380207e-06,0.001
223,1.3951623376650081e-05,1.3819214035169943e-05,1.3942323549573779e-05,1.3810042425961681e-05,9.299897070831469e-06,9.171839167455828e-06,0.001
224,1.3860423201287534e-05,1.3900370422287776e-05,1.3851357425131696e-05,1.3891452035871935e-05,9.065721720218006e-06,8.91836987155506e-06,0.001
225,1.3411863510006683e-05,1.3606593133361907e-05,1.3403074299459153e-05,1.3598010237944853e-05,8.78921405144521e-06,8.583068896324862e-06,0.001
226,1.3203085803510554e-05,1.2840008581211763e-05,1.3194649035109217e-05,1.2831763360797494e-05,8.436802837214162e-06,8.244877224502872e-06,0.001
227,1.3124809844931335e-05,1.3125786934196668e-05,1.311666187689869e-05,1.3117726569340984e-05,8.147964937011033e-06,8.060581324549812e-06,0.001
228,1.3043366830800001e-05,1.2873062721298257e-05,1.3035381709545666e-05,1.2865168057860227e-05,7.985125452939536e-06,7.89472488519509e-06,0.001
229,1.2858763984025227e-05,1.2524003935302297e-05,1.2850930038462253e-05,1.2516247889198897e-05,7.833842457964071e-06,7.755879994381934e-06,0.001
230,1.2489697840783342e-05,1.2844498202948945e-05,1.2481967059646186e-05,1.2836889908670441e-05,7.730807282462118e-06,7.608263795221723e-06,0.001
231,1.2415095105835207e-05,1.2335907238739796e-05,1.2407550626384953e-05,1.232844937914347e-05,7.544655104607388e-06,7.457956396676285e-06,0.001
232,1.228145314997947e-05,1.1989235934129968e-05,1.2274111850426839e-05,1.1982038153516889e-05,7.341255496221051e-06,7.197809067487512e-06,0.001
233,1.208058110658833e-05,1.1759749882718055e-05,1.2073431361549619e-05,1.1752708933667948e-05,7.149786814528368e-06,7.040923272471631e-06,0.001
234,1.2172621088334998e-05,1.1611490669282797e-05,1.2165640209192801e-05,1.1604527955027772e-05,6.980807138248105e-06,6.962679694225641e-06,0.001
235,1.1583879967104589e-05,1.2134146032184066e-05,1.157695412077078e-05,1.212733471685811e-05,6.925919949560866e-06,6.811475293602978e-06,0.001
236,1.1377518807835815e-05,1.1248232091555682e-05,1.1370798135584827e-05,1.124168556694305e-05,6.720648345140073e-06,6.546842582929914e-06,0.001
237,1.1144866828855547e-05,1.1149568372488024e-05,1.1138460320754307e-05,1.1143361490915208e-05,6.406376118628358e-06,6.206757216904617e-06,0.001
238,1.1413374154144427e-05,1.0921229860046684e-05,1.1407261158417094e-05,1.0915216761681112e-05,6.112970503708063e-06,6.013191675469061e-06,0.001
239,1.1252929119778258e-05,1.0959721805077524e-05,1.1246942994753219e-05,1.095377852183702e-05,5.986173349372246e-06,5.943220985743718e-06,0.001
240,1.0811655539850598e-05,1.085982861038785e-05,1.0805715081514304e-05,1.0853975899435774e-05,5.940396589679129e-06,5.8527175907788675e-06,0.001
241,1.090616503889293e-05,1.097828240793671e-05,1.0900346384291795e-05,1.0972571298313587e-05,5.81864137004332e-06,5.711281193671129e-06,0.001
242,1.0498569444489004e-05,1.052321833692706e-05,1.0492911764356317e-05,1.0517629333811673e-05,5.657599006369601e-06,5.588982044918701e-06,0.001
243,1.0329858747077326e-05,1.0626654539709516e-05,1.0324358964060828e-05,1.0621265260413924e-05,5.499751522387413e-06,5.389535718345952e-06,0.001
244,1.0218796240321538e-05,1.0432657704631764e-05,1.0213507853123813e-05,1.0427511135708224e-05,5.288264869164195e-06,5.146631794261558e-06,0.001
245,1.0125411729857956e-05,1.0208623730234902e-05,1.012032627880718e-05,1.020361943487553e-05,5.0853894184182835e-06,5.0045973374680605e-06,0.001
246,1.0029901209259266e-05,1.0001055524721671e-05,1.002491555887501e-05,9.996081638119937e-06,4.985648984212051e-06,4.9741969584363955e-06,0.001
247,9.997882210626442e-06,9.835535333771026e-06,9.992939085594123e-06,9.830583250707826e-06,4.943092068849793e-06,4.9519698143779785e-06,0.001
248,9.689316279557592e-06,9.930285883444069e-06,9.684376827543239e-06,9.92539627567077e-06,4.9395477405750336e-06,4.889574313628172e-06,0.001
249,9.59213764817558e-06,1.018114999412827e-05,9.587276711300156e-06,1.0176376324116033e-05,4.8610233665434495e-06,4.773454939552122e-06,0.001
250,9.748194198456782e-06,9.596445115645615e-06,9.743459501578781e-06,9.591727256365113e-06,4.734750378988709e-06,4.717936865876084e-06,0.001
251,9.343836655035608e-06,9.483556875107922e-06,9.339128092800167e-06,9.47891143776506e-06,4.708542301205172e-06,4.645374689627782e-06,0.001
252,9.537068729650017e-06,8.80470598412617e-06,9.532446878669914e-06,8.800108211605972e-06,4.621806056854912e-06,4.597730849218655e-06,0.001
253,9.013793617484516e-06,8.91017562238734e-06,9.009243415491546e-06,8.905714058105439e-06,4.550320428375497e-06,4.461577130414632e-06,0.001
254,8.86639524957612e-06,9.272687614468677e-06,8.862021219906111e-06,9.268448313657875e-06,4.373977538595303e-06,4.239504952819331e-06,0.001
255,8.941348686900012e-06,8.632559835303219e-06,8.937138695339731e-06,8.628431632768294e-06,4.209964924425252e-06,4.128369214276516e-06,0.001
256,8.785672698452113e-06,8.327800714199425e-06,8.781568820700805e-06,8.323698382073995e-06,4.103809742583283e-06,4.102254818380696e-06,0.001
257,8.72887724515359e-06,8.574691710966977e-06,8.724836841601194e-06,8.570678092597324e-06,4.040511012927729e-06,4.0137448882754e-06,0.001
258,8.508765171933295e-06,8.498713548663524e-06,8.504785588744347e-06,8.494792312446338e-06,3.979583489065588e-06,3.921347710895383e-06,0.001
259,8.50099268962617e-06,8.399887906079279e-06,8.49709797737497e-06,8.396019819029061e-06,3.894794129335719e-06,3.868122170704579e-06,0.001
260,8.37583078772112e-06,8.325201311422416e-06,8.371960337802617e-06,8.321354638561832e-06,3.870433103513775e-06,3.8466924071147645e-06,0.001
261,8.334230599085737e-06,8.200750488317362e-06,8.330428021542366e-06,8.19700118005848e-06,3.8025916348253342e-06,3.7493115668254163e-06,0.001
262,7.968693069817356e-06,8.05711553529482e-06,7.964922227088277e-06,8.053423893258535e-06,3.770642742694913e-06,3.6918000693539667e-06,0.001
263,8.035188008367335e-06,7.876077898589965e-06,8.031543879426054e-06,7.872497224032662e-06,3.6441700776350434e-06,3.5809633386010667e-06,0.001
264,8.025703304022132e-06,7.99092121509797e-06,8.022149608104289e-06,7.987379119541679e-06,3.5537147830035727e-06,3.5418914036278655e-06,0.001
265,7.867330625697435e-06,7.701038742937006e-06,7.863802892273237e-06,7.697523991536641e-06,3.527756318478444e-06,3.5144812393758135e-06,0.001
266,7.760682691965923e-06,7.721589435791627e-06,7.757206385363583e-06,7.718170071830569e-06,3.476388489237174e-06,3.419492550378085e-06,0.001
267,7.684437744743565e-06,7.821606466245689e-06,7.681041172033522e-06,7.818255312866367e-06,3.3964913095062103e-06,3.3510169817305954e-06,0.001
268,7.446959637245817e-06,7.299983574505382e-06,7.443632710958777e-06,7.2967248565098235e-06,3.3270024774062574e-06,3.2588191517490704e-06,0.001
269,7.180652968450745e-06,7.170056606235351e-06,7.1774646288944815e-06,7.1669786586766875e-06,3.188349297911974e-06,3.0778124302596067e-06,0.001
270,7.250285640108495e-06,7.060922729408694e-06,7.247255113879127e-06,7.057944830829908e-06,3.0305517432084398e-06,2.9777404149193363e-06,0.001
271,7.2154326750279695e-06,7.3460972813324245e-06,7.212469664688372e-06,7.3431892708816254e-06,2.963034753131855e-06,2.9080687405883777e-06,0.001
272,7.192036147770792e-06,7.177384566262315e-06,7.189135185688663e-06,7.1744785132022875e-06,2.900959060001882e-06,2.906075273447483e-06,0.001
273,6.971384103585105e-06,6.685403274899496e-06,6.96849932730944e-06,6.682555283494543e-06,2.8848098949771033e-06,2.8480654131831566e-06,0.001
274,6.9690694426159766e-06,6.873586733910577e-06,6.966259254808227e-06,6.870806588072767e-06,2.8101543320216003e-06,2.7802875623315065e-06,0.001
275,6.752044797696416e-06,6.659430034710643e-06,6.749284142310754e-06,6.656674750929505e-06,2.760683470690461e-06,2.7552695486106267e-06,0.001
276,6.725252652165427e-06,6.70253681821494e-06,6.722522278230665e-06,6.699831331550065e-06,2.7303569868537357e-06,2.705432893662113e-06,0.001
277,6.681358326367653e-06,6.669938855119833e-06,6.678688839827776e-06,6.667297706840191e-06,2.6695043409134366e-06,2.6410439318549887e-06,0.001
278,6.782562962492724e-06,6.764319806221878e-06,6.779922227868268e-06,6.761654309947788e-06,2.6407004258561234e-06,2.665463883608769e-06,0.001
279,6.687610587519044e-06,6.425438796730816e-06,6.684929509872903e-06,6.422741903117889e-06,2.6810109319613703e-06,2.696861004956023e-06,0.001
280,6.570513379275803e-06,6.348674376257679e-06,6.5678345418507e-06,6.3460143840995175e-06,2.678889324572808e-06,2.659981857906561e-06,0.001
281,6.3690143512607544e-06,6.369195060349824e-06,6.366385175750285e-06,6.366598970080274e-06,2.629193830618725e-06,2.5960912512878427e-06,0.001
282,6.252165894388774e-06,6.114029468618388e-06,6.2496396730691675e-06,6.111544729093145e-06,2.5261836288967487e-06,2.4846564973506434e-06,0.001
283,6.335525548252199e-06,6.1192718143301375e-06,6.333065061157281e-06,6.116843811761164e-06,2.4604637664542892e-06,2.4280420589899483e-06,0.001
284,6.047954178835514e-06,6.027434529797182e-06,6.045545522274505e-06,6.025075887605925e-06,2.4086466586370164e-06,2.3587691091134095e-06,0.001
285,6.091673116882808e-06,6.041955003580783e-06,6.089338095115205e-06,6.039637884841613e-06,2.3350394136283877e-06,2.3171056602411554e-06,0.001
286,5.933606587119293e-06,5.732490080845309e-06,5.9313130197241015e-06,5.730216804921805e-06,2.293605704798937e-06,2.2733490686276425e-06,0.001
287,5.7772791391946714e-06,5.8523593350364415e-06,5.77502729125075e-06,5.8501601175326825e-06,2.2518225496714207e-06,2.1992917834686403e-06,0.001
288,5.8696077285946575e-06,5.605200914887791e-06,5.867421102237289e-06,5.60304544590426e-06,2.1866767650073896e-06,2.155535210105857e-06,0.001
289,5.541492861705971e-06,5.884198776508482e-06,5.5393542839384635e-06,5.882096760870751e-06,2.138578712422514e-06,2.1021102959009135e-06,0.001
290,5.554406411350435e-06,5.4958298150751736e-06,5.552351055395023e-06,5.493826738164591e-06,2.0553119207103355e-06,2.0031346977161485e-06,0.001
291,5.6141032921425275e-06,5.649384318068441e-06,5.612109799346416e-06,5.64740148577989e-06,1.9934858339832835e-06,1.98290100178745e-06,0.001
292,5.54790796811223e-06,5.412632748459791e-06,5.545906217500322e-06,5.410621358341784e-06,2.001772571559709e-06,2.0115072466282176e-06,0.001
293,5.364079409063893e-06,5.454657750372988e-06,5.362078989178318e-06,5.452699069883542e-06,2.0004247282144923e-06,1.958580711185539e-06,0.001
294,5.327325730310927e-06,5.476587336053616e-06,5.325366348136457e-06,5.474653625604327e-06,1.9594402971993236e-06,1.9336623966388824e-06,0.001
295,5.302260916312912e-06,5.459707153931959e-06,5.300334253096079e-06,5.4578098323961045e-06,1.926692686669461e-06,1.8972816321539208e-06,0.001
296,5.190087474728163e-06,5.2239868828748825e-06,5.18820148969019e-06,5.2221262574730825e-06,1.88595785101226e-06,1.8607015179891262e-06,0.001
297,5.183392408485462e-06,5.096502847791697e-06,5.1815524199613646e-06,5.094679105593932e-06,1.8399814073393887e-06,1.8238223884299468e-06,0.001
298,5.254490791792787e-06,5.131806159150311e-06,5.25267421323575e-06,5.129975109056154e-06,1.8166187825636295e-06,1.8310985391976874e-06,0.001
299,5.1236316650168224e-06,4.77902060302588e-06,5.1217867824362266e-06,4.777159043795073e-06,1.844873579911516e-06,1.8615985732976454e-06,0.001
300,4.994914150704254e-06,4.8508269952605854e-06,4.9930555799998805e-06,4.848985604607102e-06,1.8585267408926062e-06,1.8413648944790056e-06,0.001
301,4.9032100048274e-06,4.885842276643261e-06,4.901425282198271e-06,4.88409445748147e-06,1.7847946966815516e-06,1.7478713276998018e-06,0.001
302,5.001501492860092e-06,4.980799724193805e-06,4.9997576609299415e-06,4.979043479278422e-06,1.7438102620482086e-06,1.756243879653659e-06,0.001
303,4.786734450685517e-06,4.912030635142495e-06,4.7849727731591585e-06,4.9102898638041955e-06,1.7616067901036396e-06,1.7408941908055519e-06,0.001
304,4.813618079653003e-06,4.591282163726701e-06,4.811889207158739e-06,4.589566435431477e-06,1.7288591803354977e-06,1.7155771639716287e-06,0.001
305,4.7536507308280515e-06,4.8660624474677355e-06,4.7519495826877745e-06,4.8643801788438145e-06,1.7010786250603591e-06,1.6821866078024805e-06,0.001
306,4.735859764477449e-06,4.671837590813631e-06,4.734187388819056e-06,4.670180643556416e-06,1.6723745451374355e-06,1.6568695840103456e-06,0.001
307,4.522307104156093e-06,4.64304120758845e-06,4.520674870425078e-06,4.641449511252958e-06,1.6322137927811396e-06,1.5916832291872421e-06,0.001
308,4.430733404499229e-06,4.541173796475585e-06,4.429189118296499e-06,4.53966743142728e-06,1.544229550884146e-06,1.5063628703854155e-06,0.001
309,4.536072242482874e-06,4.667147417890238e-06,4.534583724910878e-06,4.6656575302091536e-06,1.4884687569254042e-06,1.4900164403623902e-06,0.001
310,4.399081578932227e-06,4.504996224969975e-06,4.397587637907737e-06,4.503490784625312e-06,1.4940098912915684e-06,1.5053661341534034e-06,0.001
311,4.426005638519295e-06,4.341134150844145e-06,4.424506065330797e-06,4.339647390121433e-06,1.499625905103016e-06,1.4867272322413574e-06,0.001
312,4.298970195048171e-06,4.413722100164714e-06,4.297477794223252e-06,4.412241632901996e-06,1.492462365870899e-06,1.4803481337403477e-06,0.001
313,4.228412167375269e-06,4.254315462638254e-06,4.226937843709699e-06,4.252874543186122e-06,1.4743163978015993e-06,1.4408774956052449e-06,0.001
314,4.195374878974287e-06,4.058781065931388e-06,4.1939289004652015e-06,4.0573593873111496e-06,1.4459867181519762e-06,1.4217402183529456e-06,0.001
315,4.112531830669864e-06,4.249479560679184e-06,4.1111286738221256e-06,4.248099872425535e-06,1.4030803587768146e-06,1.3797777487631772e-06,0.001
316,4.164198353510302e-06,4.18971679766437e-06,4.16284126553992e-06,4.188371428387219e-06,1.3570789535115e-06,1.3453904521795576e-06,0.001
317,4.122659247270343e-06,4.212955626823401e-06,4.121322425645049e-06,4.211621642959858e-06,1.3368363369800577e-06,1.3340276960923462e-06,0.001
318,4.050294262336533e-06,3.999290634223095e-06,4.048956885416735e-06,3.997942475626073e-06,1.337360497096076e-06,1.3481813111957613e-06,0.001
319,4.053645541601051e-06,3.860160838871479e-06,4.052292106843893e-06,3.858809215677583e-06,1.3533848621567085e-06,1.3516698769813215e-06,0.001
320,4.052728632308468e-06,3.905913666413686e-06,4.051366531453134e-06,3.904560219667705e-06,1.3621458454240558e-06,1.3534640031875246e-06,0.001
321,3.905598803755723e-06,3.876352104611744e-06,3.904264108093338e-06,3.875047720390151e-06,1.3347646516338003e-06,1.3043250485445674e-06,0.001
322,3.7978369168763606e-06,3.855892221305039e-06,3.7965369244544426e-06,3.854618811613708e-06,1.2999703150649607e-06,1.2734263204080729e-06,0.001
323,3.8343446233966076e-06,3.7478308318853286e-06,3.833093701793939e-06,3.7465976285517493e-06,1.2509737005673245e-06,1.2332579705607076e-06,0.001
324,3.794232824744979e-06,3.6815019977262653e-06,3.7930104322543806e-06,3.680265962487779e-06,1.2224193789636771e-06,1.2361484952914627e-06,0.001
325,3.77866407653959e-06,3.757837433274524e-06,3.7774233932269427e-06,3.756586136623688e-06,1.2407650321553135e-06,1.2511991793914443e-06,0.001
326,3.608927263439681e-06,3.5217859259200455e-06,3.607688115756279e-06,3.5205561795788697e-06,1.23911766760122e-06,1.2297694154214063e-06,0.001
327,3.6470049265363576e-06,3.4514269176980575e-06,3.645793000471178e-06,3.4502237520239433e-06,1.2119361516969528e-06,1.203156638862204e-06,0.001
328,3.64196750465156e-06,3.7004563752898596e-06,3.640767179975874e-06,3.6992496644114812e-06,1.2003297198017227e-06,1.2067448707425393e-06,0.001
329,3.479951807593728e-06,3.588433933404559e-06,3.47876167283879e-06,3.587269066126486e-06,1.1901709713372844e-06,1.1648820775135816e-06,0.001
330,3.5160806741506673e-06,3.412393068956164e-06,3.514909951851738e-06,3.411239790131068e-06,1.17072707910862e-06,1.1532202927241617e-06,0.001
331,3.507678418559583e-06,3.5030675325741256e-06,3.506532250332439e-06,3.5019370276180334e-06,1.146191329185492e-06,1.1304947782683973e-06,0.001
332,3.415401189711738e-06,3.486047195493852e-06,3.414271980056866e-06,3.484928222717653e-06,1.1292184837879682e-06,1.1189326846685061e-06,0.001
333,3.3931466545471136e-06,3.676640602539451e-06,3.392053643771609e-06,3.6755393580659128e-06,1.093001421000885e-06,1.1012905064410956e-06,0.001
334,3.341796314797552e-06,3.3494510120800993e-06,3.340701807240566e-06,3.3483670799446722e-06,1.0944990278069933e-06,1.0839473375244932e-06,0.001
335,3.347065254880969e-06,3.333277202402442e-06,3.3460015608369007e-06,3.3322017340429604e-06,1.0636733395433562e-06,1.0754751057878134e-06,0.001
336,3.3225515063126083e-06,3.2260957559507207e-06,3.321495340736618e-06,3.225042088087987e-06,1.056160361630382e-06,1.0536466470207918e-06,0.001
337,3.2211769736827064e-06,3.1036093045210228e-06,3.2201220839891495e-06,3.1025432322456007e-06,1.0549123560855787e-06,1.0660061515071686e-06,0.001
338,3.229165433178691e-06,3.1877689199492645e-06,3.2281311110908205e-06,3.1867347210525465e-06,1.0343203003019886e-06,1.0342103558950019e-06,0.001
339,3.2285115042029536e-06,3.254719626433794e-06,3.2274727210968917e-06,3.2536910715752673e-06,1.0387881507489407e-06,1.0286286583946657e-06,0.001
340,3.1357403797417014e-06,2.9587502651648845e-06,3.134720541014182e-06,2.957735830287647e-06,1.0198434612333162e-06,1.014375369211781e-06,0.001
341,3.090661816812715e-06,3.166077990697332e-06,3.08965135448807e-06,3.1650878444996727e-06,1.0104584731940499e-06,9.901547576322457e-07,0.001
342,3.1325736121200723e-06,2.98101142630231e-06,3.131585626654439e-06,2.9800245325367905e-06,9.87994410140621e-07,9.869652068608468e-07,0.001
343,3.0564819825481188e-06,2.9744013617738743e-06,3.0555013362629304e-06,2.9734309202808237e-06,9.806062331439446e-07,9.704194338119e-07,0.001
344,2.9998925476999893e-06,2.9312025839451195e-06,2.9989207541345867e-06,2.9302375499912196e-06,9.718202858085613e-07,9.650370690714497e-07,0.001
345,3.00794490529254e-06,3.0382072690369255e-06,3.0069871890902727e-06,3.0372449156589653e-06,9.5771784758448e-07,9.623459004843277e-07,0.001
346,3.010174461856478e-06,2.89133591409869e-06,3.009217692854095e-06,2.890388589436274e-06,9.567444037508434e-07,9.472952289317229e-07,0.001
347,2.885446485662722e-06,3.026161617788262e-06,2.8844951473491795e-06,3.025219693060526e-06,9.513779900581194e-07,9.420125401718596e-07,0.001
348,2.8957645728000693e-06,2.7268946188424923e-06,2.8948222182222997e-06,2.725964037703775e-06,9.423674057198974e-07,9.306497825637539e-07,0.001
349,2.844147960956984e-06,2.8845395301510523e-06,2.84321251861512e-06,2.8836201481164095e-06,9.354285071087934e-07,9.193866910504234e-07,0.001
350,2.790897497487786e-06,2.770429028352743e-06,2.789986274060531e-06,2.769544786577439e-06,9.112421987229758e-07,8.84301688838118e-07,0.001
351,2.8496895407394184e-06,2.7620366971704637e-06,2.848803355838413e-06,2.7611691859912575e-06,8.861822899216258e-07,8.674568986837807e-07,0.001
352,2.8034784779023235e-06,2.702951075774532e-06,2.802584049277357e-06,2.7020511581432223e-06,8.944191139298907e-07,8.998507248946052e-07,0.001
353,2.7888028744413994e-06,2.742526535455355e-06,2.7879090833767887e-06,2.7416250041553524e-06,8.937951113479193e-07,9.015451728388801e-07,0.001
354,2.714941822901051e-06,2.6365069182956416e-06,2.714052083429672e-06,2.6356261799000123e-06,8.897515807409799e-07,8.807134432697352e-07,0.001
355,2.7137772952969813e-06,2.6650913999015683e-06,2.712897856195874e-06,2.664218789164277e-06,8.794680308841683e-07,8.725402362429167e-07,0.001
356,2.6387130873836657e-06,2.596773745693686e-06,2.6378407951284875e-06,2.595904967609653e-06,8.7227953158305e-07,8.687526499299541e-07,0.001
357,2.5834182466417495e-06,2.6580317370093915e-06,2.58255769364754e-06,2.657190124376221e-06,8.605482995332432e-07,8.416415086767575e-07,0.001
358,2.5892708568543315e-06,2.8191269381406595e-06,2.5884278348656173e-06,2.8182952919268545e-06,8.430013716917508e-07,8.316741703107182e-07,0.001
359,2.6037972449125197e-06,2.651716243062187e-06,2.6029611443003617e-06,2.650867035083631e-06,8.360874309597006e-07,8.492166790213416e-07,0.001
360,2.562793914079478e-06,2.5815442591938396e-06,2.5619516347685984e-06,2.5806810407383726e-06,8.422525688599873e-07,8.631709433042531e-07,0.001
361,2.542946777874729e-06,2.4409557324382522e-06,2.5420922809421833e-06,2.440106525220143e-06,8.545079620731787e-07,8.492166790213416e-07,0.001
362,2.4985620752330406e-06,2.4270553773891628e-06,2.497712197375764e-06,2.426209387622628e-06,8.498653901910657e-07,8.459274612046086e-07,0.001
363,2.4584286909358013e-06,2.3686291039110037e-06,2.4576095184270808e-06,2.3678213182450734e-06,8.191645050336739e-07,8.077525790684736e-07,0.001
364,2.4309546296622537e-06,2.4994563540664927e-06,2.4301399718730454e-06,2.4986573165837138e-06,8.146716932799241e-07,7.989813216713735e-07,0.001
365,2.4251673111145436e-06,2.4833794154603863e-06,2.424370816559141e-06,2.482584915565304e-06,7.96475802025738e-07,7.94496028779166e-07,0.001
366,2.4016958434744148e-06,2.4792394503301053e-06,2.400898529307371e-06,2.478431666945516e-06,7.973244440861409e-07,8.077525809695912e-07,0.001
367,2.360593670219688e-06,2.280295411217588e-06,2.359786324950695e-06,2.2794927243492954e-06,8.073583930625081e-07,8.026692375169903e-07,0.001
368,2.33637184583725e-06,2.2915075896585722e-06,2.3355681933909657e-06,2.2907247192806092e-06,8.036643018981469e-07,7.82933916738433e-07,0.001
369,2.316898231260794e-06,2.2285482561854096e-06,2.316113949375872e-06,2.227762953137253e-06,7.842952880673997e-07,7.85326082478547e-07,0.001
370,2.2843403185502676e-06,2.4065278074487533e-06,2.2835808184916663e-06,2.4057631832379094e-06,7.594849792895581e-07,7.645940273690952e-07,0.001
371,2.2735064888836486e-06,2.261519644421196e-06,2.272746369926852e-06,2.2607404241891928e-06,7.601339415596706e-07,7.792460090676223e-07,0.001
372,2.215159609391956e-06,2.214668703926505e-06,2.214389955213487e-06,2.2138968851258836e-06,7.696686890607942e-07,7.717705120420605e-07,0.001
373,2.2735707518445046e-06,2.165269008711345e-06,2.272807210475903e-06,2.1645127600645857e-06,7.635534712985105e-07,7.56221474464679e-07,0.001
374,2.2181405517830792e-06,2.2469008387472126e-06,2.2173811206602154e-06,2.2461373795412872e-06,7.594101000347049e-07,7.633979498221677e-07,0.001
375,2.1420937487217656e-06,2.2143527419690526e-06,2.1413391968018433e-06,2.21360861484867e-06,7.545428858177073e-07,7.441609996310695e-07,0.001
376,2.0933499084336594e-06,2.211116448036844e-06,2.0926131019436532e-06,2.2103915860826605e-06,7.367962764720524e-07,7.248243742198312e-07,0.001
377,2.109385518779285e-06,2.0655929391518824e-06,2.1086728542700814e-06,2.0648786823926077e-06,7.127098111234786e-07,7.142590067760283e-07,0.001
378,2.077594139096021e-06,2.0556713101188544e-06,2.0768840770061208e-06,2.0549616814404783e-06,7.100890033070389e-07,7.096740287778688e-07,0.001
379,2.050939334882209e-06,2.0624671320961034e-06,2.050228663415624e-06,2.0617632980244394e-06,7.10688044963073e-07,7.037933058072242e-07,0.001
380,2.0951679494947396e-06,1.9685251064831003e-06,2.094467556308522e-06,1.967807592729003e-06,7.003795364654866e-07,7.175482209806378e-07,0.001
381,1.9735644547510256e-06,1.989221834073121e-06,1.972850127786054e-06,1.9885076275033535e-06,7.143072546826335e-07,7.141593344075648e-07,0.001
382,2.0108055910527256e-06,1.9435981410905176e-06,2.010104998295644e-06,1.9429025799225834e-06,7.005792171127131e-07,6.956200906055996e-07,0.001
383,2.0169644941725928e-06,2.026702571564111e-06,2.0162529695786493e-06,2.026004427157463e-06,7.115616473781227e-07,6.981119279537302e-07,0.001
384,1.962985171627937e-06,1.9244017900280864e-06,1.962277302532381e-06,1.9236917240926425e-06,7.078925183774953e-07,7.100727209132877e-07,0.001
385,1.9551081098080726e-06,2.0427517394034834e-06,1.954403284739486e-06,2.0420605994748435e-06,7.048224296998904e-07,6.911347958122745e-07,0.001
386,2.0137908546862637e-06,1.888354601736177e-06,2.0131017852422877e-06,1.8876553904222825e-06,6.890476657101326e-07,6.992083300904058e-07,0.001
387,1.911259852316364e-06,1.9535466853873205e-06,1.9105617172516237e-06,1.952845186648624e-06,6.98133131302725e-07,7.015008185191503e-07,0.001
388,1.9107186825927765e-06,1.8358958522699338e-06,1.9100341095870123e-06,1.8352075868312377e-06,6.845798134540935e-07,6.88244266328725e-07,0.001
389,1.8959472285592585e-06,1.8943906070489902e-06,1.8952523978395902e-06,1.8936975047866732e-06,6.948134417446757e-07,6.931282561091457e-07,0.001
390,1.826088134996275e-06,1.8782042830740424e-06,1.825407203968352e-06,1.877529382872914e-06,6.809356429038108e-07,6.748880417698362e-07,0.001
391,1.8159357255727981e-06,1.8946153678282834e-06,1.815272230525694e-06,1.8939517302285602e-06,6.634885537196672e-07,6.636249616632119e-07,0.001
392,1.8521768951110943e-06,1.7397092522873798e-06,1.8515180423717454e-06,1.7390596358108265e-06,6.588459811710484e-07,6.495710172172544e-07,0.001
393,1.8511386891990106e-06,1.7977377974967873e-06,1.8504815225287758e-06,1.7970731431793247e-06,6.571986166169546e-07,6.646216893401945e-07,0.001
394,1.7904677332971214e-06,1.910456060622922e-06,1.7897967577703532e-06,1.909793346966395e-06,6.709765748009536e-07,6.627279017920103e-07,0.001
395,1.7480432632912389e-06,1.687123002082073e-06,1.747381580949341e-06,1.6864711438075425e-06,6.616914305606519e-07,6.51863508877899e-07,0.001
396,1.7603468527729216e-06,1.753637289891343e-06,1.7597001911854388e-06,1.7529948934795439e-06,6.466654675935706e-07,6.423945443312188e-07,0.001
397,1.7655776732978332e-06,1.7012989294631175e-06,1.7649378388239503e-06,1.7006540524729595e-06,6.398264092584722e-07,6.448863761661079e-07,0.001
398,1.7277545628384537e-06,1.7527998996405567e-06,1.7271048661742214e-06,1.752152491882533e-06,6.497105960117438e-07,6.473782060998794e-07,0.001
399,1.7043447923024786e-06,1.6319408802357497e-06,1.7036927011687361e-06,1.6313123372685405e-06,6.520818040903204e-07,6.285399520365474e-07,0.001
400,1.6588175733138592e-06,1.6136420342862824e-06,1.6581857252927188e-06,1.6130153878740784e-06,6.318391880349539e-07,6.266461549827747e-07,0.001
