epoch,train_loss,val_loss,train_recon_loss,val_recon_loss,train_kl_loss,val_kl_loss,current_beta,current_lr
1,0.22197419310135258,0.2185144727943733,0.22197419310135258,0.2185144727943733,0.07237239172011364,0.08693639420745365,0.0,0.0001
2,0.21907406631027235,0.21554045289455848,0.21907406631027235,0.21554045289455848,0.11363755653251954,0.17484439495813886,0.0,0.0001
3,0.21598166514381492,0.21220918443290684,0.21598166514381492,0.21220918443290684,0.2949301599457835,0.5839748699529513,0.0,0.0001
4,0.21214921727551886,0.20736674231829053,0.21214921727551886,0.20736674231829053,1.1607256997969482,2.5672394806724728,0.0,0.0001
5,0.20587572967087603,0.19824704213883965,0.20587572967087603,0.19824704213883965,5.353884051592905,11.783680759544755,0.0,0.0001
6,0.19185583418238303,0.17490111371147193,0.19185583418238303,0.17490111371147193,23.999048843255995,52.14752323571655,0.0,0.0001
7,0.16166125807031315,0.14291959477706898,0.16166125807031315,0.14291959477706898,102.28913475560583,198.99077981291805,0.0,0.0001
8,0.13524897371604414,0.11914926615347432,0.13524897371604414,0.11914926615347432,220.42431839986062,178.92022077375432,0.0,0.0001
9,0.11138331555641276,0.09842036776618415,0.11138331555641276,0.09842036776618415,156.77014300731358,152.26313383682916,0.0,0.0001
10,0.09149208180668765,0.08067370674582229,0.09149208180668765,0.08067370674582229,163.73435447603416,159.31354096581705,0.0,0.0001
11,0.07465773037130909,0.0654743713479377,0.07465773037130909,0.0654743713479377,151.6549753415924,149.74541756620374,0.0,0.0001
12,0.06063971833842284,0.053250768524049516,0.06063971833842284,0.053250768524049516,154.73307439909507,154.52360350950107,0.0,0.0001
13,0.04910232396905546,0.043043213743828614,0.04910232396905546,0.043043213743828614,155.85109957338778,161.01151252670033,0.0,0.0001
14,0.039951560048501894,0.035112310587163756,0.039951560048501894,0.035112310587163756,165.23598790767804,167.03472262481384,0.0,0.0001
15,0.03271666565095659,0.02888679534296527,0.03271666565095659,0.02888679534296527,174.73391074431402,178.0518998366136,0.0,0.0001
16,0.027035376369029633,0.02409208216470819,0.027035376369029633,0.02409208216470819,185.07946140921894,191.10330980996224,0.0,0.0001
17,0.022672486920502517,0.020343948685156064,0.022672486920502517,0.020343948685156064,195.6415756711209,202.11441147207816,0.0,0.0001
18,0.019277827920301676,0.017452176436034333,0.019277827920301676,0.017452176436034333,207.17451701970955,212.63903818800298,0.0,0.0001
19,0.016638534591288324,0.015231851161298745,0.016638534591288324,0.015231851161298745,219.15709365512458,223.165772658128,0.0,0.0001
20,0.014601246140260793,0.013497054038014898,0.014601246140260793,0.013497054038014898,230.0252371169814,234.66914321746316,0.0,0.0001
21,0.013033704451555184,0.012140620369028089,0.013033704451555184,0.012140620369028089,242.64763688641776,246.798980049465,0.0,0.0001
22,0.011779450622685192,0.01104558431496688,0.011779450622685192,0.01104558431496688,254.66130053138414,259.8836748512294,0.0,0.0001
23,0.010786402134390133,0.010201935684401853,0.010786402134390133,0.010201935684401853,265.8137095082345,270.8792832798782,0.0,0.0001
24,0.010012192531509116,0.009537493000211924,0.010012192531509116,0.009537493000211924,275.8208588004312,280.2124766474185,0.0,0.0001
25,0.0093960256036527,0.008995131844885174,0.0093960256036527,0.008995131844885174,285.3531268709269,288.8512148649796,0.0,0.0001
26,0.008897100888829135,0.008554586053617225,0.008897100888829135,0.008554586053617225,294.510024078727,297.54613522941054,0.0,0.0001
27,0.00847928294322299,0.008176474975278744,0.00847928294322299,0.008176474975278744,302.68748527795225,305.35234636287623,0.0,0.0001
28,0.008105497457823362,0.007823974059203197,0.008105497457823362,0.007823974059203197,310.7042674411282,312.6387892503005,0.0,0.0001
29,0.007772179864896102,0.007507061212009012,0.007772179864896102,0.007507061212009012,318.10239010400306,319.67892292749923,0.0,0.0001
30,0.007477851854434465,0.007245946997919908,0.007477851854434465,0.007245946997919908,325.89188363284524,326.44380060406434,0.0,0.0001
31,0.007223860388762088,0.007005071272157806,0.007223860388762088,0.007005071272157806,333.2325077024936,333.7913513183594,0.0,0.0001
32,0.006985667607024736,0.006783142466297417,0.006985667607024736,0.006783142466297417,340.3069012768105,343.4562466726654,0.0,0.0001
33,0.006768756683360492,0.006578097152632714,0.006768756683360492,0.006578097152632714,347.8802461096989,350.2515202653049,0.0,0.0001
34,0.006570012514577739,0.006386955341878643,0.006570012514577739,0.006386955341878643,354.3967498319233,355.8587417857703,0.0,0.0001
35,0.006388624882016649,0.006217634120027855,0.006388624882016649,0.006217634120027855,361.0603741976484,362.13634233251463,0.0,0.0001
36,0.006219179884310643,0.006057243879859563,0.006219179884310643,0.006057243879859563,367.6935267360566,369.25646278611,0.0,0.0001
37,0.006063874824974106,0.005901797378691144,0.006063874824974106,0.005901797378691144,374.1383990570528,375.24187140321254,0.0,0.0001
38,0.005909049661184226,0.005756163553811335,0.005909049661184226,0.005756163553811335,380.4584951225038,381.09641237801134,0.0,0.0001
39,0.005763104153481909,0.005616299801795777,0.005763104153481909,0.005616299801795777,386.3547393952183,386.7429853458468,0.0,0.0001
40,0.005626411172537947,0.005484684591608302,0.005626411172537947,0.005484684591608302,392.5991246209073,392.4783430322756,0.0,0.0001
41,0.005497339439782715,0.005360231614892797,0.005497339439782715,0.005360231614892797,398.0160671214962,399.67992000516045,0.0,0.0001
42,0.005372943603113868,0.005239319037583759,0.005372943603113868,0.005239319037583759,403.9616851039867,403.80048485184994,0.0,0.0001
43,0.005255354509862075,0.005127092747073807,0.005255354509862075,0.005127092747073807,408.910025285117,409.8161392467078,0.0,0.0001
44,0.005141788099110875,0.005017359588407354,0.005141788099110875,0.005017359588407354,414.5797121696536,413.4912990200081,0.0,0.0001
45,0.005036096619769706,0.004916950772176917,0.005036096619769706,0.004916950772176917,418.58020408029734,419.54806630826715,0.0,0.0001
46,0.0049339297775122986,0.004815271502690869,0.0049339297775122986,0.004815271502690869,423.9785815163873,422.8911611499595,0.0,0.0001
47,0.004835168207048671,0.004722760660094162,0.004835168207048671,0.004722760660094162,427.6151760491095,425.47688257734114,0.0,0.0001
48,0.004739945739588795,0.004633004775576069,0.004739945739588795,0.004633004775576069,431.6722919713313,433.03278873915656,0.0,0.0001
49,0.004648625801537355,0.004544687603777867,0.004648625801537355,0.004544687603777867,436.1070784627892,434.16818165858854,0.0,0.0001
50,0.004563814989280212,0.004461528482631995,0.004563814989280212,0.004461528482631995,439.1766897230292,438.53984391330476,0.0,0.0001
51,0.00448281426447595,0.0043863096511159655,0.00448281426447595,0.0043863096511159655,443.02771675966096,442.5123526786881,0.0,0.0001
52,0.004404806524165711,0.004310902613012687,0.004404806524165711,0.004310902613012687,446.8126225303765,445.10456802215066,0.0,0.0001
53,0.004331618599699719,0.004241212792881456,0.004331618599699719,0.004241212792881456,450.08853568583476,448.8677721310619,0.0,0.0001
54,0.004262361053059149,0.004175064977831566,0.004262361053059149,0.004175064977831566,453.21925760393765,452.1028722042224,0.0,0.0001
55,0.004197498527628493,0.0041128985621159695,0.004197498527628493,0.0041128985621159695,456.35005742620984,456.12023578758624,0.0,0.0001
56,0.004134446699983461,0.004053438920216218,0.004134446699983461,0.004053438920216218,459.80756627375155,459.8084175849838,0.0,0.0001
57,0.004075790281989416,0.003995987265853579,0.004075790281989416,0.003995987265853579,462.877051067512,461.5933532714844,0.0,0.0001
58,0.004020034171753193,0.0039414935620707215,0.004020034171753193,0.0039414935620707215,465.6722631406544,464.6012965173626,0.0,0.0001
59,0.003966016839203773,0.003891154430669586,0.003966016839203773,0.003891154430669586,468.5568373790338,466.4359618732363,0.0,0.0001
60,0.00391628670387619,0.003844132176584823,0.00391628670387619,0.003844132176584823,471.50231539983446,469.26200014452473,0.0,0.0001
61,0.0038678273176415584,0.0037997089665893925,0.0038678273176415584,0.0037997089665893925,473.885672666719,473.3204815204327,0.0,0.0001
62,0.0038232437344314766,0.00375643106688275,0.0038232437344314766,0.00375643106688275,477.33573788334576,474.3607469641644,0.0,0.0001
63,0.0037818380785166867,0.003716111190953482,0.0037818380785166867,0.003716111190953482,478.8536758295056,478.6822252560619,0.0,0.0001
64,0.003741804950666213,0.0036774026198829694,0.003741804950666213,0.0036774026198829694,482.3733746450351,478.475157364555,0.0,0.0001
65,0.003702767230757517,0.00364030243511184,0.003702767230757517,0.00364030243511184,483.57502759361586,482.97043254941605,0.0,0.0001
66,0.00366506630818436,0.0036059811315732855,0.00366506630818436,0.0036059811315732855,486.4988849582385,483.7053188974642,0.0,0.0001
67,0.0036300532894218388,0.0035724601019983706,0.0036300532894218388,0.0035724601019983706,488.53698556666797,486.13333109469716,0.0,0.0001
68,0.003598944709903032,0.0035430696391092493,0.003598944709903032,0.0035430696391092493,490.3536798678451,489.86319326955737,0.0,0.0001
69,0.0035675867036346915,0.0035117701144521452,0.0035675867036346915,0.0035117701144521452,492.9023141014316,491.26780522069004,0.0,0.0001
70,0.003536479100288583,0.003483509791261177,0.003536479100288583,0.003483509791261177,495.4548491664867,492.46267077595894,0.0,0.0001
71,0.003509018941465734,0.0034566493440157794,0.003509018941465734,0.0034566493440157794,497.24800429352166,496.2450161426761,0.0,0.0001
72,0.003481875724429062,0.0034315909981652844,0.003481875724429062,0.0034315909981652844,499.4443669151421,497.04818164225804,0.0,0.0001
73,0.003456473383284993,0.0034060420119592975,0.003456473383284993,0.0034060420119592975,501.773319928091,499.3395768487733,0.0,0.0001
74,0.003433332749263351,0.0033852581018862316,0.003433332749263351,0.0033852581018862316,503.20609159485576,502.7830565589726,0.0,0.0001
75,0.0034099197455087498,0.0033620021377618495,0.0034099197455087498,0.0033620021377618495,506.301413429043,501.9992982998341,0.0,0.0001
76,0.003387836376329887,0.003340437407153705,0.003387836376329887,0.003340437407153705,507.1313572664756,504.4037440883675,0.0,0.0001
77,0.0033649935798916084,0.0033196319364958184,0.0033649935798916084,0.0033196319364958184,509.31685793060353,506.9986922350217,0.0,0.0001
78,0.0033449328019341433,0.0033005923406535568,0.0033449328019341433,0.0033005923406535568,511.01236253287925,509.797944748282,0.0,0.0001
79,0.003325636195599209,0.0032814791282782187,0.003325636195599209,0.0032814791282782187,513.4048333096144,509.60570156135685,0.0,0.0001
80,0.0033086091256583454,0.0032708108546617236,0.0033086091256583454,0.0032708108546617236,514.1954253690327,515.151434550716,0.0,0.0001
81,0.00329082671371936,0.0032463818586067014,0.00329082671371936,0.0032463818586067014,516.710454074981,514.0291977694202,0.0,0.0001
82,0.0032732308275960197,0.003229369083886661,0.0032732308275960197,0.003229369083886661,519.1014644552515,514.6030918491325,0.0,0.0001
83,0.003255822365460808,0.0032133771570704655,0.003255822365460808,0.0032133771570704655,519.6846019035607,517.2862703967653,0.0,0.0001
84,0.0032384020469028198,0.0031982118413350653,0.0032384020469028198,0.0031982118413350653,521.7403444836488,518.0124307587793,0.0,0.0001
85,0.0032230031955831216,0.0031826015231651208,0.0032230031955831216,0.0031826015231651208,523.0649756554583,521.0787798521112,0.0,0.0001
86,0.003207587679127353,0.003169184268754362,0.003207587679127353,0.003169184268754362,525.0384877267195,522.6979415025999,0.0,0.0001
87,0.0031945479973695136,0.0031545926134622215,0.0031945479973695136,0.0031545926134622215,526.6763514226406,523.3543999203073,0.0,0.0001
88,0.0031798980093500273,0.0031419014558196068,0.0031798980093500273,0.0031419014558196068,528.4104124545253,524.7146355364235,0.0,0.0001
89,0.003166595437225435,0.003128813948781295,0.003166595437225435,0.003128813948781295,529.2728022027455,526.8670848221285,0.0,0.0001
90,0.0031527282831600714,0.0031182522384019997,0.0031527282831600714,0.0031182522384019997,531.1476652059124,529.8511630157165,0.0,0.0001
91,0.00314167503757368,0.003103662696495702,0.00314167503757368,0.003103662696495702,532.9755001611246,529.8201563398176,0.0,0.0001
92,0.003128895053243767,0.003094419106579445,0.003128895053243767,0.003094419106579445,534.4165423471525,529.9306509981187,0.0,0.0001
93,0.003117294086243215,0.0030808337858214624,0.003117294086243215,0.0030808337858214624,535.5398636247644,533.251891069189,0.0,0.0001
94,0.0031056459630423006,0.0030716259864137126,0.0031056459630423006,0.0030716259864137126,536.7679936139028,535.5410815592992,0.0,0.0001
95,0.0030943924554122904,0.003059245750345414,0.0030943924554122904,0.003059245750345414,538.8903682842925,536.7335176499791,0.0,0.0001
96,0.0030840103435712295,0.0030481123870058,0.0030840103435712295,0.0030481123870058,540.321723056199,536.563361840902,0.0,0.0001
97,0.0030736655895434433,0.0030385121114452347,0.0030736655895434433,0.0030385121114452347,541.4886519593409,539.1526409646739,0.0,0.0001
98,0.003062612437947312,0.0030294966815431978,0.003062612437947312,0.0030294966815431978,543.0907495648817,541.488491709017,0.0,0.0001
99,0.0030532586243989528,0.00301877242422672,0.0030532586243989528,0.00301877242422672,545.0845150843737,541.4487408794288,0.0,0.0001
100,0.003042864614405,0.0030094166909247935,0.003042864614405,0.0030094166909247935,545.9114354323702,542.698323839883,0.0,0.0001
101,0.0030337036029596375,0.003001522722912572,0.0030337036029596375,0.003001522722912572,546.9661093349233,545.3236030910326,0.0,0.0001
102,0.003024289673865091,0.00299176853617348,0.003024289673865091,0.00299176853617348,548.4861045339,545.8955474139058,0.0,0.0001
103,0.0030155754757349314,0.0029818095939613902,0.0030155754757349314,0.0029818095939613902,550.3097477949644,546.8389588422998,0.0,0.0001
104,0.0030075026257977613,0.0029742379492167445,0.0030075026257977613,0.0029742379492167445,551.1824040245172,549.0126710209161,0.0,0.0001
105,0.0029988547625609827,0.0029661820416516287,0.0029988547625609827,0.0029661820416516287,552.9106843012262,550.6248791544732,0.0,0.0001
106,0.0029901904432287118,0.002957675643389839,0.0029901904432287118,0.002957675643389839,554.4811532229834,550.7792182845814,0.0,0.0001
107,0.0029824967531197183,0.0029518050141632557,0.0029824967531197183,0.0029518050141632557,555.2592166153031,551.6321511156982,0.0,0.0001
108,0.002975273186690369,0.0029424461738570876,0.002975273186690369,0.0029424461738570876,556.9477188391502,553.2134883204432,0.0,0.0001
109,0.0029664056416962865,0.002935037500439928,0.0029664056416962865,0.002935037500439928,558.0374183335297,554.7611410593906,0.0,0.0001
110,0.0029586972820867395,0.0029271734336447156,0.0029586972820867395,0.0029271734336447156,559.5913807726785,555.8069151811377,0.0,0.0001
111,0.0029506670319673356,0.0029198022545268605,0.0029506670319673356,0.0029198022545268605,560.5158373450913,558.3218379706443,0.0,0.0001
112,0.0029440828453955337,0.0029133619502323825,0.0029440828453955337,0.0029133619502323825,561.9983743383258,559.7875919405832,0.0,0.0001
113,0.002937512791292801,0.0029059463666509027,0.002937512791292801,0.0029059463666509027,563.896794560367,560.2539393192151,0.0,0.0001
114,0.0029302611568758586,0.0028989647552495616,0.0029302611568758586,0.0028989647552495616,564.5859905607138,561.7541573310775,0.0,0.0001
115,0.002922916508371781,0.002892272710413937,0.002922916508371781,0.002892272710413937,565.7876759693651,563.1598733244931,0.0,0.0001
116,0.0029162442880266127,0.0028862266584819673,0.0029162442880266127,0.0028862266584819673,567.0637787734244,564.7982743177126,0.0,0.0001
117,0.0029097194678089277,0.002879339264842828,0.0029097194678089277,0.002879339264842828,568.6929420458412,565.905167901795,0.0,0.0001
118,0.0029034012803024734,0.002872905131728454,0.0029034012803024734,0.002872905131728454,569.6202273983852,566.695312295869,0.0,0.0001
119,0.002897273515502437,0.00286757780463251,0.002897273515502437,0.00286757780463251,571.2606489478643,568.0149695354959,0.0,0.0001
120,0.002891363659904805,0.0028617651408918226,0.002891363659904805,0.0028617651408918226,572.212701692054,568.5711429047345,0.0,0.0001
121,0.002885918470311729,0.0028553408162549985,0.002885918470311729,0.0028553408162549985,573.8069165611587,569.3202796349159,0.0,0.0001
122,0.0028790233850204566,0.0028485101741118775,0.0028790233850204566,0.0028485101741118775,574.7096681323283,571.554793035705,0.0,0.0001
123,0.0028723815188492013,0.0028418349545997223,0.0028723815188492013,0.0028418349545997223,576.191052614145,572.7036304282504,0.0,0.0001
124,0.0028661004103052506,0.002836713769837566,0.0028661004103052506,0.002836713769837566,576.7300919064725,574.2023511395406,0.0,0.0001
125,0.0028607512779777224,0.0028313527531597924,0.0028607512779777224,0.0028313527531597924,578.6066726863484,574.6902018773516,0.0,0.0001
126,0.0028553668973527514,0.002825302487694001,0.0028553668973527514,0.002825302487694001,579.5979802372867,575.9025672733983,0.0,0.0001
127,0.0028500024816629724,0.0028206754139434532,0.0028500024816629724,0.0028206754139434532,581.103236621748,576.4415956835285,0.0,0.0001
128,0.002844695967483261,0.002815045333034468,0.002844695967483261,0.002815045333034468,581.2839975021592,577.8755223711199,0.0,0.0001
129,0.0028390669653120403,0.002811012156525733,0.0028390669653120403,0.002811012156525733,582.9573321318506,578.1677707429714,0.0,0.0001
130,0.0028341490170065084,0.002804086382429187,0.0028341490170065084,0.002804086382429187,584.0031110549493,580.3910330577837,0.0,0.0001
131,0.002828520276526011,0.00279948287363161,0.002828520276526011,0.00279948287363161,584.5650840260874,582.6348897366221,0.0,0.0001
132,0.002823602743571627,0.002794779188476229,0.002823602743571627,0.002794779188476229,586.5720925387026,582.8299217606867,0.0,0.0001
133,0.002818971509238708,0.0027908241971205906,0.002818971509238708,0.0027908241971205906,587.8305768343671,582.7415061108643,0.0,0.0001
134,0.002815247999685169,0.002785095758891873,0.002815247999685169,0.002785095758891873,587.9411401285398,585.4048316981083,0.0,0.0001
135,0.002808579430530094,0.0027795705491097575,0.002808579430530094,0.0027795705491097575,589.645518649563,586.6122461019153,0.0,0.0001
136,0.0028034958655367196,0.0027743923309629776,0.0028034958655367196,0.0027743923309629776,590.6579870993967,588.4940914294393,0.0,0.0001
137,0.0027988499390831844,0.002769717757425031,0.0027988499390831844,0.002769717757425031,591.9280733910438,588.6796785182379,0.0,0.0001
138,0.0027939050073830574,0.002766385947799553,0.0027939050073830574,0.002766385947799553,592.6214669130156,591.2226546169524,0.0,0.0001
139,0.002788764480782214,0.002763482494385645,0.002788764480782214,0.002763482494385645,593.6481377427502,592.0946008178303,0.0,0.0001
140,0.0027849257602301776,0.0027555294232100348,0.0027849257602301776,0.0027555294232100348,595.0674498796063,591.9714230948866,0.0,0.0001
141,0.0027806483274653328,0.002751279632439432,0.0027806483274653328,0.002751279632439432,595.9817519195915,592.4329805406041,0.0,0.0001
142,0.002775549488859735,0.0027476284118761684,0.002775549488859735,0.0027476284118761684,597.5097110307396,592.4262064547842,0.0,0.0001
143,0.0027716646760302774,0.0027445800466942647,0.0027716646760302774,0.0027445800466942647,597.6057572612411,592.7584342828961,0.0,0.0001
144,0.0027686620616296327,0.0027383925949213996,0.0027686620616296327,0.0027383925949213996,599.2554760905766,595.2199417165291,0.0,0.0001
145,0.002763083678868348,0.002733617437766697,0.002763083678868348,0.002733617437766697,600.0073584679583,597.0579374689721,0.0,0.0001
146,0.0027580162002494436,0.002730321530003512,0.0027580162002494436,0.002730321530003512,600.4364541211919,596.633089913971,0.0,0.0001
147,0.002753597148343097,0.0027251668573422577,0.002753597148343097,0.0027251668573422577,602.1140815568729,598.1765912416388,0.0,0.0001
148,0.0027495881197802485,0.0027218448748830767,0.0027495881197802485,0.0027218448748830767,603.1025157525911,599.9969057829484,0.0,0.0001
149,0.0027457063793792846,0.002717378912929657,0.0027457063793792846,0.002717378912929657,604.209952145166,601.5883019488791,0.0,0.0001
150,0.0027418015567645107,0.0027129844782631035,0.0027418015567645107,0.0027129844782631035,605.407371840485,602.1430561997022,0.0,0.0001
151,0.0027383411056681895,0.0027093089934762406,0.0027383411056681895,0.0027093089934762406,606.3277230063076,601.9352447611831,0.0,0.0001
152,0.002733658712163842,0.002706579762794401,0.002733658712163842,0.002706579762794401,607.125902645552,602.7066629977529,0.0,0.0001
153,0.0027305624737143765,0.0027031808667956386,0.0027305624737143765,0.0027031808667956386,608.5066681674977,606.582155769884,0.0,0.0001
154,0.0027264181073673906,0.0026974913821459115,0.0027264181073673906,0.0026974913821459115,609.571192040116,605.0162469870271,0.0,0.0001
155,0.002722121815710411,0.002693862592751615,0.002722121815710411,0.002693862592751615,609.8087345295816,607.1241369343123,0.0,0.0001
156,0.0027186284204430166,0.0026914680385993275,0.0027186284204430166,0.0026914680385993275,611.6541000698479,605.9646604404003,0.0,0.0001
157,0.0027155498443623785,0.0026885321765614794,0.0027155498443623785,0.0026885321765614794,611.752116192126,610.446222107546,0.0,0.0001
158,0.002711576886609247,0.0026836907078378078,0.002711576886609247,0.0026836907078378078,613.4331729448021,610.6820623595579,0.0,0.0001
159,0.0027086334817822853,0.0026796344974480044,0.0027086334817822853,0.0026796344974480044,614.2487022105972,610.2777667093436,0.0,0.0001
160,0.0027048883287289134,0.0026781194855811006,0.0027048883287289134,0.0026781194855811006,615.4206457090138,610.343323774561,0.0,0.0001
161,0.0027005653847882545,0.00267160479384272,0.0027005653847882545,0.00267160479384272,615.864623205546,612.2883960124242,0.0,0.0001
162,0.002696402491440051,0.002668981222329929,0.002696402491440051,0.002668981222329929,616.3181350682448,613.6068349984976,0.0,0.0001
163,0.0026926222511596816,0.0026651992879957458,0.0026926222511596816,0.0026651992879957458,618.0073654200364,614.6231162795254,0.0,0.0001
164,0.00268966658352882,0.0026625866291539926,0.00268966658352882,0.0026625866291539926,618.899282177489,614.6264864816314,0.0,0.0001
165,0.002686617378039376,0.0026581210557707776,0.002686617378039376,0.0026581210557707776,619.4377322811977,615.0034259298574,0.0,0.0001
166,0.0026835510737326625,0.00265550773503589,0.0026835510737326625,0.00265550773503589,619.8716198587338,617.8056761062264,0.0,0.0001
167,0.002679888112236507,0.002651410941252591,0.002679888112236507,0.002651410941252591,621.3086665423472,618.1006867781929,0.0,0.0001
168,0.002676987742078514,0.002651644140999004,0.002676987742078514,0.002651644140999004,622.2354098372723,616.5115595278533,0.0,0.0001
169,0.002674743092043241,0.0026449612170507675,0.002674743092043241,0.0026449612170507675,622.9804561749175,619.018923348009,0.0,0.0001
170,0.0026714063395388813,0.0026443008478282386,0.0026714063395388813,0.0026443008478282386,623.0356949338162,621.5695118983853,0.0,0.0001
171,0.0026673029236951016,0.0026390403431270234,0.0026673029236951016,0.0026390403431270234,624.6614481096891,620.5230469974786,0.0,0.0001
172,0.002663762247817001,0.0026360018993338515,0.002663762247817001,0.0026360018993338515,625.8157138025741,621.0874811382995,0.0,0.0001
173,0.0026610152600130294,0.0026332346861091846,0.0026610152600130294,0.0026332346861091846,625.5389783594077,622.9463325423939,0.0,0.0001
174,0.0026582581364710377,0.0026305462802171608,0.0026582581364710377,0.0026305462802171608,627.222216019878,622.0785116240332,0.0,0.0001
175,0.002656306599546068,0.0026291260724719055,0.002656306599546068,0.0026291260724719055,626.8907356198309,625.201578912129,0.0,0.0001
176,0.0026521813058118077,0.002622964450105227,0.0026521813058118077,0.002622964450105227,628.4126798543499,624.2159123755617,0.0,0.0001
177,0.002648926614214303,0.002620870652406112,0.002648926614214303,0.002620870652406112,629.0313556102452,625.3927910335885,0.0,0.0001
178,0.0026462276332030444,0.002618354634634129,0.0026462276332030444,0.002618354634634129,629.9862988853774,625.6806930490959,0.0,0.0001
179,0.0026430829745597226,0.0026157161082299954,0.0026430829745597226,0.0026157161082299954,630.751481712763,627.1196446243338,0.0,0.0001
180,0.002640086698066599,0.0026123449198565255,0.002640086698066599,0.0026123449198565255,631.0038301860867,627.552829908288,0.0,0.0001
181,0.0026366791494465253,0.0026118780585959005,0.0026366791494465253,0.0026118780585959005,631.8041633337587,626.7271487641095,0.0,0.0001
182,0.002634887065242358,0.0026066464755098557,0.002634887065242358,0.0026066464755098557,632.6730327254763,628.0220867654551,0.0,0.0001
183,0.0026312655608608094,0.0026030359956370447,0.0026312655608608094,0.0026030359956370447,633.072298442898,629.3206111435907,0.0,0.0001
184,0.0026281658716818044,0.002599911548564815,0.0026281658716818044,0.002599911548564815,634.4118667679217,630.0215766421927,0.0,0.0001
185,0.0026256228017915583,0.002597432525168145,0.0026256228017915583,0.002597432525168145,635.4197677024445,630.978371916806,0.0,0.0001
186,0.0026221425054903757,0.002594509235206356,0.0026221425054903757,0.002594509235206356,635.9955632450992,631.1776623167721,0.0,0.0001
187,0.0026194216773987216,0.002591179611385616,0.0026194216773987216,0.002591179611385616,636.7131223950155,632.9025474726955,0.0,0.0001
188,0.002615919937278258,0.0025885206908859734,0.002615919937278258,0.0025885206908859734,637.2135686570875,633.5616585721938,0.0,0.0001
189,0.0026133044882579214,0.0025862756288021703,0.0026133044882579214,0.0025862756288021703,638.1561695399197,635.0249993059548,0.0,0.0001
190,0.002611507780200972,0.002583697899229152,0.002611507780200972,0.002583697899229152,638.8671221709131,635.0297171806412,0.0,0.0001
191,0.002608668057940638,0.0025812467462056157,0.002608668057940638,0.0025812467462056157,639.1887660961055,635.7586173883649,0.0,0.0001
192,0.0026061492211573835,0.0025780380152190807,0.0026061492211573835,0.0025780380152190807,640.6892398597806,636.0395911991795,0.0,0.0001
193,0.0026037233758412015,0.0025755023937298603,0.0026037233758412015,0.0025755023937298603,641.0431518554688,636.1327641209631,0.0,0.0001
194,0.002600732654913436,0.002573468835314231,0.002600732654913436,0.002573468835314231,641.5397017844757,638.644119517859,0.0,0.0001
195,0.002598252652877539,0.0025703837849000424,0.002598252652877539,0.0025703837849000424,642.4527616516829,639.1933275305706,0.0,0.0001
196,0.0025957795058905928,0.002567752375015148,0.0025957795058905928,0.002567752375015148,643.4609159281106,639.7630266170438,0.0,0.0001
197,0.00259300876624096,0.0025656416133843537,0.00259300876624096,0.0025656416133843537,643.5719222127892,639.3123495554844,0.0,0.0001
198,0.002590890367744706,0.0025630974098666257,0.002590890367744706,0.0025630974098666257,644.7535821604769,641.0741730246656,0.0,0.0001
199,0.002589308319791178,0.0025610291316519713,0.002589308319791178,0.0025610291316519713,644.7735271613602,640.0285615952916,0.0,0.0001
200,0.002585501068426137,0.0025583669998025813,0.002585501068426137,0.0025583669998025813,645.4928905800159,642.7805102294105,0.0,0.0001
201,0.0025826974941957335,0.0025554109469093506,0.0025826974941957335,0.0025554109469093506,646.2221855534182,642.8317695541126,0.0,0.0001
202,0.0025811341912540258,0.0025547028248226362,0.0025811341912540258,0.0025547028248226362,647.1332851390742,642.1034549981057,0.0,0.0001
203,0.002578592598687864,0.002550444719895571,0.002578592598687864,0.002550444719895571,647.8045089951712,644.4760752394047,0.0,0.0001
204,0.00257629567446808,0.002548064136360601,0.00257629567446808,0.002548064136360601,648.5035690742122,644.5986062754755,0.0,0.0001
205,0.002573555053431709,0.0025454328245916296,0.002573555053431709,0.0025454328245916296,649.7344673195076,645.4786801545516,0.0,0.0001
206,0.0025718960212153604,0.0025436567348182003,0.0025718960212153604,0.0025436567348182003,649.5081653179635,646.1855305445234,0.0,0.0001
207,0.002568655428936833,0.0025398490637428685,0.002568655428936833,0.0025398490637428685,650.4574545088725,645.9789708370349,0.0,0.0001
208,0.002565522386475624,0.00253876769544563,0.002565522386475624,0.00253876769544563,651.0011803197301,646.3631934736883,0.0,0.0001
209,0.0025644238801888334,0.0025358414682357206,0.0025644238801888334,0.0025358414682357206,652.1014049536419,647.9279278911475,0.0,0.0001
210,0.0025620753108562787,0.002535440544769118,0.0025620753108562787,0.002535440544769118,652.6060288012327,650.3378348972486,0.0,0.0001
211,0.002559821425205474,0.00253193412617746,0.002559821425205474,0.00253193412617746,653.3903955814227,648.4657566236413,0.0,0.0001
212,0.0025569722461989976,0.002528807723795042,0.0025569722461989976,0.002528807723795042,654.3502377201764,649.5724566915761,0.0,0.0001
213,0.0025545033521738084,0.0025265992908772815,0.0025545033521738084,0.0025265992908772815,654.41452491543,649.821302943405,0.0,0.0001
214,0.0025537695561752495,0.0025258531807968547,0.0025537695561752495,0.0025258531807968547,654.7925538745158,652.1150508612693,0.0,0.0001
215,0.0025501765363024455,0.002521876740210182,0.0025501765363024455,0.002521876740210182,656.0405156887955,651.3264327543635,0.0,0.0001
216,0.0025476843787129453,0.0025202193683679886,0.0025476843787129453,0.0025202193683679886,655.9426351320404,652.859825312892,0.0,0.0001
217,0.002546291843983321,0.002518391737365553,0.002546291843983321,0.002518391737365553,657.4940993214772,652.3809079581679,0.0,0.0001
218,0.00254418310464377,0.002516106627632344,0.00254418310464377,0.002516106627632344,657.1345167814986,653.4696608323318,0.0,0.0001
219,0.0025421422422618623,0.0025174382678466696,0.0025421422422618623,0.0025174382678466696,658.401849232327,655.8104823696175,0.0,0.0001
220,0.002542405435269452,0.00251147175522328,0.002542405435269452,0.00251147175522328,657.7962677155308,655.298430886157,0.0,0.0001
221,0.002538360211876544,0.00251087472839499,0.002538360211876544,0.00251087472839499,659.5794513133702,654.2667366971938,0.0,0.0001
222,0.0025358756827081317,0.0025069474563451117,0.0025358756827081317,0.0025069474563451117,659.6515853600686,655.6986945417015,0.0,0.0001
223,0.0025331016272693322,0.00250427473264818,0.0025331016272693322,0.00250427473264818,659.9676476866756,655.2192582860838,0.0,0.0001
224,0.0025309781302889837,0.0025010173548523796,0.0025309781302889837,0.0025010173548523796,660.308207091774,656.5488511917982,0.0,0.0001
225,0.002528295265682279,0.002502792678387169,0.002528295265682279,0.002502792678387169,661.4840812747003,659.8635917331861,0.0,0.0001
226,0.00252622570663104,0.0024981312804160808,0.00252622570663104,0.0024981312804160808,661.9118030746179,659.3727300637541,0.0,0.0001
227,0.0025233201982088425,0.0024951696286856333,0.0025233201982088425,0.0024951696286856333,662.7171137057358,658.5615369101432,0.0,0.0001
228,0.002521664926382889,0.002493938242698892,0.002521664926382889,0.002493938242698892,663.3697312449291,661.3460346336748,0.0,0.0001
229,0.002519489094377862,0.002491131410887309,0.002519489094377862,0.002491131410887309,664.5081721678051,658.9624962439904,0.0,0.0001
230,0.002516588275328628,0.002487852619680573,0.002516588275328628,0.002487852619680573,664.6493931040293,661.1520338792068,0.0,0.0001
231,0.0025149675517481826,0.0024867395731779343,0.0025149675517481826,0.0024867395731779343,665.8627549367933,662.1356348146164,0.0,0.0001
232,0.002514369051803646,0.002486168082186759,0.002514369051803646,0.002486168082186759,665.7768433026133,660.9714263609819,0.0,0.0001
233,0.002512491329212734,0.002484237424792554,0.002512491329212734,0.002484237424792554,665.6882666710833,662.188404912534,0.0,0.0001
234,0.0025095710806997875,0.002480305565433907,0.0025095710806997875,0.002480305565433907,667.2928213250498,664.097862422267,0.0,0.0001
235,0.0025073727152124673,0.002478531086007538,0.0025073727152124673,0.002478531086007538,667.9656925169467,663.9508417952419,0.0,0.0001
236,0.0025045515277533725,0.0024766526255058903,0.0025045515277533725,0.0024766526255058903,668.2700671734323,663.5557289761445,0.0,0.0001
237,0.0025040991112926796,0.002473683249871916,0.0025040991112926796,0.002473683249871916,668.8674489185838,664.615444629886,0.0,0.0001
238,0.0025018063647644453,0.0024728423971869676,0.0025018063647644453,0.0024728423971869676,668.7950769676835,666.6361647385818,0.0,0.0001
239,0.0024990047339094146,0.0024712458821356197,0.0024990047339094146,0.0024712458821356197,670.0811897418407,666.460463712048,0.0,0.0001
240,0.002497531600776979,0.00246973019825251,0.002497531600776979,0.00246973019825251,670.3748604472559,665.2606978910823,0.0,0.0001
241,0.002496088143606581,0.002466421764356436,0.002496088143606581,0.002466421764356436,671.3953571159835,667.8838343795725,0.0,0.0001
242,0.0024937258251760174,0.0024648670684920006,0.0024937258251760174,0.0024648670684920006,671.6877147987659,668.5329420415055,0.0,0.0001
243,0.0024916797909898124,0.002461875427551692,0.0024916797909898124,0.002461875427551692,672.8196189279732,668.8893440782426,0.0,0.0001
244,0.002488983876947033,0.0024610966113847634,0.002488983876947033,0.0024610966113847634,672.6916109273582,669.3713789209474,0.0,0.0001
245,0.0024881945771650354,0.00245811691255399,0.0024881945771650354,0.00245811691255399,673.9193918812814,669.6640565802022,0.0,0.0001
246,0.002485877429439345,0.002456963584792604,0.002485877429439345,0.002456963584792604,674.281696262072,671.6671991762908,0.0,0.0001
247,0.002484506174338548,0.0024551206827475177,0.002484506174338548,0.0024551206827475177,674.9646577819109,670.1574739692203,0.0,0.0001
248,0.0024831363981218393,0.0024535153419352495,0.0024831363981218393,0.0024535153419352495,675.8042423625288,673.0444825851798,0.0,0.0001
249,0.002482034321375179,0.002451402921678131,0.002482034321375179,0.002451402921678131,676.066891975339,673.3690673419864,0.0,0.0001
250,0.0024790494453935715,0.0024496530709059343,0.0024790494453935715,0.0024496530709059343,677.4006733087639,672.4581268208482,0.0,0.0001
251,0.006504589630917988,0.005468558887624023,0.0025406030581568303,0.0025559486237270476,583.6101997413826,428.8180821651599,6.792181639192428e-06,0.0001
252,0.00498031769759042,0.004277443011792807,0.002607547708473463,0.002603949761690952,342.5665462372491,241.60908697121917,6.926449708895946e-06,0.0001
253,0.004102374439110584,0.003897445886878664,0.002676841616084553,0.0027496497112522557,201.81983510693115,162.4992704359584,7.063392768844313e-06,0.0001
254,0.003818910162571437,0.003694051358051424,0.0027781964589372104,0.002782731278827507,144.48210205384834,126.51840128308555,7.203063347016345e-06,0.0001
255,0.00376390771381869,0.003660461388802449,0.002858623723816158,0.002805584842295551,123.24309051615909,116.38075575302277,7.345514971871846e-06,0.0001
256,0.0037050160151942194,0.0036513882013268295,0.0028260174208169357,0.0027699262677788436,117.34371968689476,117.67257333200511,7.490802190147543e-06,0.0001
257,0.0036628668038938914,0.0036095713396061425,0.0027731947286500653,0.0027394442784796193,116.46476332825831,113.90617421638208,7.638980584917556e-06,0.0001
258,0.003647156925544367,0.0035858070836044275,0.0027536284057595073,0.002712717031387232,114.70041946590047,112.07677615366651,7.790106793920187e-06,0.0001
259,0.003648748779295003,0.003609671925558992,0.0027599577246767344,0.002724646593764873,111.87869134899759,111.4046682147278,7.944238528152588e-06,0.0001
260,0.0036277927406026143,0.0035778086595112664,0.0027394687797456132,0.002713853060376883,109.65020423518553,106.64229734286815,8.101434590734818e-06,0.0001
261,0.0036296989687623292,0.003584229845217239,0.00275229581965561,0.002713900901233921,106.2005745969226,105.34431957640376,8.261754896044581e-06,0.0001
262,0.0036231519816633645,0.0036268316421122055,0.002744452783313753,0.0027728808201214045,104.29340881398774,101.35600974806974,8.425260489123947e-06,5e-05
263,0.0036527671152335813,0.0036083044854917853,0.002769749274265202,0.0027355970495558006,102.77193261790316,101.57193095229542,8.592013565359187e-06,5e-05
264,0.003659618703704608,0.0036036047016124065,0.0027709237668020544,0.002717573084342091,101.4251417738309,101.12118239386824,8.76207749043468e-06,5e-05
265,0.00364075804525484,0.0036068695338822925,0.0027386522555483545,0.002721610387949192,100.95731320532921,99.0719586375565,8.93551682056166e-06,5e-05
266,0.003663947417321217,0.0036077269393464794,0.002756207025028029,0.0027173833421627715,99.6159747201993,97.70684572047612,9.112397322982544e-06,5e-05
267,0.0036729466914194615,0.003640931602692026,0.002764048006454205,0.0027375471821821057,97.8069109125952,97.21352279305857,9.292785996751365e-06,5e-05
268,0.0036850171350878685,0.0036527879791564766,0.0027626161210057973,0.0027553115879500093,97.33304133327363,94.70295768916408,9.476751093790588e-06,5e-05
269,0.003694748287159369,0.0036794324825988167,0.002769409858666897,0.0027558735694835916,95.74748540523663,95.5633590341013,9.664362140224454e-06,5e-05
270,0.003710593100811918,0.0036527007478709805,0.0027771978108664754,0.0027396718248799694,94.70623215718486,92.63977783101059,9.855689957988901e-06,5e-05
271,0.003710443067787156,0.0036907264321145404,0.0027706851345023617,0.002764869707926211,93.50074218545527,92.11764914216006,1.0050806686717627e-05,5e-05
272,0.003719428264406483,0.0036607710566732995,0.0027710700133063487,0.0027304153833351405,92.52468682932894,90.76830095272,1.0249785805904121e-05,5e-05
273,0.0037301025404852237,0.0037103179424851636,0.002775345186014945,0.0027623276769753583,91.34071367989034,90.693318650874,1.0452702157338633e-05,2.5e-05
274,0.0037641055426455823,0.003732440891959097,0.0027945827863567587,0.002770634765976598,90.95274108937836,90.22883161972199,1.065963196781946e-05,2.5e-05
275,0.0037578439045154568,0.0037365807391653294,0.002771964643409529,0.002764032848403605,90.69182076765664,89.4654541015625,1.0870652872137101e-05,2.5e-05
276,0.003774159222878703,0.0037206567225846958,0.0027777571024426213,0.002735218403854697,89.88058087015072,88.89160033771425,1.108584393633012e-05,2.5e-05
277,0.0037899258144050087,0.003808205866295358,0.0027846885334943706,0.0028041902856346854,88.91746043040725,88.80939396886922,1.1305285681210682e-05,2.5e-05
278,0.0038246669333858708,0.003812167368343343,0.0028066447767517975,0.0028010286985706524,88.30053498796882,87.70347868239999,1.1529060106158075e-05,2.5e-05
279,0.003827592373203168,0.003825679348227272,0.0027967802384615543,0.002803616692159437,87.67458935199271,86.9304105063346,1.1757250713177611e-05,2.5e-05
280,0.0038367013261346164,0.0038653969512411385,0.002794618508895513,0.002829567255159485,86.91307829532592,86.39154779950911,1.1989942531222554e-05,2.5e-05
281,0.003863041209590495,0.003833190541103931,0.0028116348042765906,0.0027924950271969455,85.98898541627817,85.11300090164644,1.222722214077581e-05,2.5e-05
282,0.003891000319022679,0.0038475902302558206,0.0028289214016049102,0.002800465844116831,85.17633901369233,83.97701689551108,1.2469177698688411e-05,2.5e-05
283,0.0038888056963757053,0.0038563677975689886,0.002816025570964743,0.002788681325107115,84.36526119928664,83.96468506369702,1.2715898963270756e-05,2.5e-05
284,0.003919410931533031,0.003910809207122063,0.0028267856480606785,0.002824635278389954,84.25889137561997,83.76138823646367,1.2967477319632902e-05,1.25e-05
285,0.003940237474657433,0.003883336645778406,0.0028342104983364717,0.0027883446442094136,83.6378171527805,82.80334929399267,1.3224005805269088e-05,1.25e-05
286,0.003957494414743766,0.003928443949582385,0.002833100632488278,0.0028223366574711326,83.37749679284279,82.02149641872649,1.3485579135882012e-05,1.25e-05
287,0.003967807532664095,0.003938512686627565,0.0028269047582899554,0.0028127148836215705,82.96090110382643,81.8625493384524,1.3752293731441152e-05,1.25e-05
288,0.004002675754166328,0.0039544013285243195,0.00284943491855396,0.0028045909879511116,82.23192181099999,81.9873114238216,1.4024247742469746e-05,1.25e-05
289,0.004020811338601649,0.003983769062781912,0.0028538106510905513,0.0028255052076509367,81.59964674241978,80.98874003432667,1.4301541076553854e-05,1.25e-05
290,0.004034616426725433,0.003987577614564461,0.0028446538965069567,0.002819621902002788,81.59215994216689,80.08321806738608,1.4584275425067147e-05,1.25e-05
291,0.004044393105572791,0.004025081356358169,0.0028455310264817583,0.0028360341870254,80.60903016925856,79.94909361772314,1.4872554290103727e-05,1.25e-05
292,0.004078508245523152,0.004066227206393429,0.0028649276181730993,0.002862438637401946,80.01728112813416,79.37163834587786,1.5166483011611763e-05,1.25e-05
293,0.0040898870495795405,0.004064104821919199,0.002853153894734967,0.002844657848610926,79.96377471463764,78.84609668948579,1.546616879471902e-05,1.25e-05
294,0.004118842220205308,0.0040355481855247335,0.0028723872737051103,0.0028008040691722795,79.0310066900461,78.28848531971808,1.577172073724195e-05,1.25e-05
295,0.0041303109608503245,0.004103680597587075,0.002866891102001096,0.0028497273621015426,78.55500886747785,77.96640948547568,1.608324985736836e-05,6.25e-06
296,0.004169046245452946,0.004124353952817993,0.002885171134255739,0.0028559003814892926,78.28092055584318,77.34063327751032,1.640086912150379e-05,6.25e-06
297,0.004186789949784926,0.004178598862652197,0.0028858819513907733,0.0028857946579646707,77.78367136790725,77.29913120843894,1.6724693472270833e-05,6.25e-06
298,0.004198012336888904,0.004202188168618093,0.002875339888407532,0.0028920041219670837,77.55408689923821,76.82183268875582,1.7054839856649747e-05,6.25e-06
299,0.004220544238117721,0.004187479803656356,0.0028793847678194894,0.0028603530736534192,77.1161266307735,76.30924681596532,1.7391427254248436e-05,6.25e-06
300,0.004257426611218021,0.004216740023108031,0.0028974961831079956,0.0028690660261801353,76.68242962196643,75.99132234196998,1.7734576705688694e-05,6.25e-06
301,0.00427120962840079,0.004266117858298646,0.0028910476471011963,0.0029004708331165506,76.31777738127077,75.51514978313126,1.808441134109535e-05,6.25e-06
302,0.004299236168239384,0.004279805984298222,0.002902679663257583,0.002901664199182969,75.73082959352426,74.73226280595148,1.8441056408673507e-05,6.25e-06
303,0.0043122899099260915,0.00423562408185075,0.0028987717631443013,0.002831596132822609,75.16858602808149,74.66391024382219,1.8804639303359168e-05,6.25e-06
304,0.004369080710962689,0.004310262355218364,0.0029308531675924557,0.002889915727652036,75.00421486348164,74.0717116390981,1.9175289595526628e-05,6.25e-06
305,0.004381917942770861,0.004348123284137767,0.002930596916994058,0.0029111319037783503,74.22445392448898,73.49159587745284,1.9553139059736217e-05,6.25e-06
306,0.004383685575857434,0.00437021314051239,0.002908734594186272,0.002905297114896934,73.97568508129024,73.472384015852,1.9938321703504095e-05,3.125e-06
307,0.004450695537704619,0.004392517288293328,0.0029490516545216693,0.002903780692808305,73.8599107700776,73.22505333431589,2.0330973796075826e-05,3.125e-06
308,0.004475002420420323,0.004391269116696705,0.002953083113216525,0.002881094368710416,73.41190170722591,72.84538769163814,2.0731233897183504e-05,3.125e-06
309,0.004487262850773943,0.004455433083841434,0.002938654198088189,0.002920180420550116,73.25752465329577,72.62571800512613,2.1139242885766233e-05,3.125e-06
310,0.004531301760038289,0.004475458364709464,0.0029589255064276596,0.0029155760723163053,72.94668255778812,72.36705910162782,2.1555143988631754e-05,3.125e-06
311,0.0045448298413162955,0.004507344094631465,0.002951110747113974,0.0029309274096129133,72.51071655171201,71.7234937482853,2.1979082809036864e-05,3.125e-06
312,0.004596663883870072,0.004570750894965635,0.0029771935664292056,0.0029596939050657895,72.26162259662571,71.88621809331072,2.2411207355162327e-05,3.125e-06
313,0.004605561688267805,0.00454348986999546,0.0029563318619776013,0.002910659785528845,72.1710969167738,71.4534312219524,2.2851668068457717e-05,3.125e-06
314,0.004648829190999619,0.00465482639080306,0.002975888525711457,0.0029942500459522407,71.7981218500952,71.26747582987399,2.3300617851829514e-05,3.125e-06
315,0.004668132019801755,0.004624233621618022,0.0029679098918447442,0.002942746948220309,71.56355450500794,70.77496761462362,2.3758212097645672e-05,3.125e-06
316,0.004695976819917934,0.004645085793898058,0.0029749850086537087,0.002942097245600311,71.04312121009507,70.29994252692896,2.422460871552743e-05,3.125e-06
317,0.004709949672465498,0.004655941244663303,0.0029661951780044654,0.002927534537620369,70.59743976433273,69.97607151401482,2.469996815989917e-05,1.5625e-06
318,0.004727045392346143,0.004713140253637945,0.0029570331763463654,0.0029558873311756645,70.28193696499669,69.77530494103065,2.5184453457264466e-05,1.5625e-06
319,0.004801464029954406,0.004713415990530647,0.0029982641749583196,0.002920262876860673,70.22290312544985,69.83164676934182,2.567823023317649e-05,1.5625e-06
320,0.004857414831848849,0.004778832874656421,0.0030198224170454833,0.002955045085400343,70.18676357812419,69.65949792766251,2.6181466738868297e-05,1.5625e-06
321,0.004836345345742839,0.004802360219637985,0.002968173469393397,0.0029496656120271986,69.98383448870737,69.40403974654284,2.669433387750818e-05,1.5625e-06
322,0.004887674164519937,0.004898317384044562,0.002990427897725148,0.003019580737466497,69.70812325022328,69.02804223510334,2.7217005230042863e-05,1.5625e-06
323,0.004922864840083586,0.004866614995405925,0.0030010097743584535,0.0029618796334916534,69.25689474901363,68.63995851242423,2.7749657080590864e-05,1.5625e-06
324,0.004974168221430363,0.004882615244944259,0.0030217307270309535,0.002943538640934139,69.00908919035689,68.53685089417525,2.8292468441345555e-05,1.5625e-06
325,0.00499170811743892,0.004972634036530021,0.0030024010649846375,0.002998298671046727,68.96391927696752,68.44488515184077,2.8845621076947334e-05,1.5625e-06
326,0.005030955462537119,0.0049692876356650754,0.003011369291487052,0.0029704810219838666,68.67168482743715,67.96512228669131,2.940929952828118e-05,1.5625e-06
327,0.005056195298031946,0.0050027564660113395,0.003008072858854155,0.002968365988416915,68.30787647189807,67.84989796514097,2.9983691135655885e-05,1.5625e-06
328,0.005098327357864859,0.005061484163122432,0.003010945352905085,0.0029883771608381167,68.2843072785804,67.81732777369062,3.0568986061317704e-05,7.8125e-07
329,0.005154703406794886,0.005090508021314607,0.0030311068560510026,0.0029855126555523148,68.13960029691508,67.54275283047986,3.116537731125146e-05,7.8125e-07
330,0.005166842254312394,0.005096548540598672,0.0030113795177053215,0.0029616871861161596,67.83932009494085,67.19092794565054,3.17730607562185e-05,7.8125e-07
331,0.005232907570368131,0.00520074629788614,0.003045593272938301,0.0030295442179293936,67.52588211391839,67.02847407414363,3.239223515198069e-05,7.8125e-07
332,0.005272087410179714,0.005262122947386276,0.0030457554154965398,0.0030495091014382833,67.4174128393432,67.00200038131663,3.302310215865645e-05,7.8125e-07
333,0.005320375384310482,0.005248551146379582,0.0030504263640292475,0.0029928222030750086,67.42583008068091,67.0034392494023,3.36658663591544e-05,7.8125e-07
334,0.0053469075858780185,0.005251375456842093,0.0030336059369396426,0.0029556180138676663,67.40245024203456,66.89126571604241,3.432073527662664e-05,7.8125e-07
335,0.00539900282697387,0.005366119959494441,0.00304856028375052,0.0030390072402148743,67.17868785762307,66.51189042413513,3.498791939088369e-05,7.8125e-07
336,0.00543610170059268,0.005418173311571015,0.0030532294425682804,0.0030548464628341403,66.8076941459822,66.25970793248818,3.566763215370892e-05,7.8125e-07
337,0.005464789885060372,0.005414717534812398,0.003042904912826404,0.0030107529075461188,66.60833433525048,66.11547723980652,3.6360090003010874e-05,7.8125e-07
338,0.005482596856927252,0.005501775659720435,0.0030186123084401714,0.0030559314458465897,66.47647659582908,65.9870630729956,3.7065512375747365e-05,7.8125e-07
339,0.005562494942603299,0.0056070622499023,0.003054262633034507,0.0031159452238995397,66.3832352988085,65.93026291965242,3.778412171955506e-05,3.90625e-07
340,0.005618051443267707,0.005542606350507923,0.0030640424572405604,0.003006907876107505,66.31009064487476,65.83469225012738,3.8516143503015225e-05,3.90625e-07
341,0.0056822800141458135,0.005664745230464433,0.0030829374919453608,0.0030844694293138374,66.20537128799924,65.71974092821613,3.9261806224484684e-05,3.90625e-07
342,0.005696166180373736,0.005645117853272918,0.003051615499936581,0.0030208510380973384,66.07850832276209,65.571682780084,4.002134141941851e-05,3.90625e-07
343,0.0057708596447217505,0.005755062241505919,0.0030803810859682474,0.0030828488953286988,65.9512056897034,65.50347772808777,4.0794983666109344e-05,3.90625e-07
344,0.005832653768809896,0.005797641009192004,0.0030927060392702396,0.0030770165219678727,65.89110070616756,65.42641135123263,4.158297058976568e-05,3.90625e-07
345,0.005875901840127992,0.005783931227606475,0.003086689342487248,0.0030147954042888804,65.80575295708687,65.33208422198344,4.238554286484959e-05,3.90625e-07
346,0.005894604051669738,0.005826595591312667,0.003057403713807938,0.003012197347588364,65.67145992004292,65.14366951116351,4.320294421559201e-05,3.90625e-07
347,0.005968521751613174,0.005895588437973656,0.003084417265626154,0.0030321029441611825,65.49510605011753,65.02687049789174,4.4035421414601715e-05,3.90625e-07
348,0.006007751604383015,0.005992285648740853,0.0030717667288940953,0.0030765806630029527,65.41385531784901,64.96201954717222,4.488322427948176e-05,3.90625e-07
349,0.006071538796220942,0.0060082596094412945,0.0030822382422423045,0.0030399508093698667,65.344751508192,64.88588099655101,4.5746605667365286e-05,3.90625e-07
350,0.006118152412262994,0.006111494218774862,0.003074600043046714,0.0030883542233984605,65.27611495741648,64.83832053755438,4.662582146728e-05,1.953125e-07
351,0.006203248388628464,0.006120381260097625,0.003103358554848824,0.0030414399793714185,65.23181984292802,64.79099246889453,4.7521130590249024e-05,1.953125e-07
352,0.0062519641611818695,0.006149280184013987,0.0030953119788942876,0.003014504761562798,65.17592546728189,64.72423295751463,4.8432794957033225e-05,1.953125e-07
353,0.006279410575976723,0.006300276980103059,0.0030668254195239824,0.003111162894159356,65.08336617679053,64.6078685135347,4.936107948341824e-05,1.953125e-07
354,0.006336146641142005,0.006313038535142024,0.0030673912732582694,0.0030680708867500857,64.97711989308522,64.50426105512025,5.030625206294748e-05,1.953125e-07
355,0.006418932535041317,0.006401484863315538,0.0030928576693494167,0.003098962521710025,64.87549698412718,64.41610300580794,5.126858354699993e-05,1.953125e-07
356,0.006493105247329727,0.006448772237527131,0.0031082147109935333,0.003088331690998779,64.78464449270686,64.31668764452472,5.224834772210988e-05,1.953125e-07
357,0.006531320069253545,0.006529529181847903,0.003087355613699136,0.0031108347197564747,64.68046321900846,64.20587311301342,5.324582128442391e-05,1.953125e-07
358,0.006640025865367709,0.006571447040673881,0.003135968320667619,0.003091800738325386,64.57748962606817,64.12760921465514,5.426128381118793e-05,1.953125e-07
359,0.0066579182154906155,0.006692048149762744,0.003091159571505072,0.003150691963532896,64.50415869733597,64.04476147910026,5.529501772915599e-05,1.953125e-07
360,0.006736469237442742,0.006675894773973271,0.00310743627547157,0.0030728294233788415,64.40472718818702,63.94387708938241,5.634730827981004e-05,1.953125e-07
361,0.006812436674632619,0.006677209997680475,0.0031184452356555355,0.0030079146155645217,64.33457759556858,63.90447087112478,5.7418443481278845e-05,9.765625e-08
362,0.0068629969962852285,0.0068100152636899995,0.0031012087725758104,0.003073136758271069,64.29449582379468,63.8687518703499,5.8508714086841995e-05,9.765625e-08
363,0.006932691593734014,0.006847413723983095,0.0031014890300805746,0.0030415866097254695,64.26206712067827,63.83643538816318,5.961841353990385e-05,9.765625e-08
364,0.00703182184859686,0.006906386654836478,0.0031303581925985753,0.0030308735127059314,64.22390865920177,63.79672395584974,6.0747837925320566e-05,9.765625e-08
365,0.007105647155724878,0.007068442264852117,0.0031327271699075473,0.0031217700259816086,64.18569040857568,63.76163799069,6.189728591696222e-05,9.765625e-08
366,0.007136569938730055,0.0070905484022404435,0.003090478988033618,0.0030713340183439663,64.1553728496609,63.729218320304334,6.306705872139078e-05,9.765625e-08
367,0.007215083589218869,0.007142688636745896,0.003095226312427465,0.003050942548603617,64.11484926310017,63.67737154498148,6.425746001753343e-05,9.765625e-08
368,0.007316870159365024,0.007281792231751325,0.0031229531922076564,0.0031161012289964633,64.05978336685666,63.62864704195871,6.546879589223008e-05,9.765625e-08
369,0.0073650482717520825,0.007328567465761035,0.003095366768195751,0.0030878668395571884,64.01189707591506,63.57741020993644,6.670137477153315e-05,9.765625e-08
370,0.007468158132716439,0.0073991711298159535,0.0031216926529529306,0.0030823431887280783,63.96045923792138,63.524325150709885,6.795550734763681e-05,9.765625e-08
371,0.007544641311232069,0.007513671446853258,0.003120131906078289,0.0031188637295420153,63.90889869063743,63.479877293309244,6.923150650131249e-05,9.765625e-08
372,0.0076299459412943575,0.007632312776028711,0.003125107411522936,0.0031571535231626553,63.8715247021648,63.450718104639975,7.05296872197278e-05,4.8828125e-08
373,0.007692420745964226,0.007663920926659003,0.0031054452860375345,0.0031073154884711358,63.840671520137306,63.41798680283154,7.185036650952497e-05,4.8828125e-08
374,0.007843987273685696,0.007746725520710881,0.0031737804126581006,0.003107394949909935,63.80598803700714,63.38414758025205,7.319386330503595e-05,4.8828125e-08
375,0.007894480192231972,0.007816278998643459,0.003139451727617401,0.0030926311961733378,63.774096260518085,63.35322208468332,7.456049837151148e-05,4.8828125e-08
376,0.00799124085592415,0.007907849421917794,0.0031496790199504673,0.0030977199925576963,63.7462028043354,63.33235178663579,7.595059420324142e-05,4.8828125e-08
377,0.00805766087718046,0.008025891138209547,0.003127594554088573,0.003128198719891816,63.725200442213506,63.30673967954706,7.736447491644623e-05,4.8828125e-08
378,0.008122449447486668,0.008114038063306673,0.003103062427810189,0.003127993281500844,63.69581316463911,63.27270104653859,7.880246613681819e-05,4.8828125e-08
379,0.008225193166078833,0.008156886607732462,0.003115374105865482,0.0030809795596079283,63.66194260180296,63.239441185890634,8.026489488159506e-05,4.8828125e-08
380,0.008309905660624181,0.008240073776015868,0.0031082387518299934,0.003072882882540541,63.6273245436063,63.20561012854943,8.175208943604852e-05,4.8828125e-08
381,0.008445148332858804,0.008350105021759419,0.0031501823978520417,0.0030901832910983458,63.592212376682404,63.171334563290394,8.326437922427299e-05,4.8828125e-08
382,0.008495792437663031,0.008483499051834827,0.0031058591590816752,0.0031291174260045973,63.55896406317476,63.13973380251473,8.480209467416272e-05,4.8828125e-08
383,0.008606966436720473,0.008583275401921176,0.003119724172821122,0.0031314877899095766,63.53506826276156,63.124551409463024,8.63655670764671e-05,2.44140625e-08
384,0.008704294352300803,0.008630019223261438,0.003117523768408165,0.0030794227791694695,63.51841560759936,63.107137010249005,8.795512843781833e-05,2.44140625e-08
385,0.008836917638454206,0.008874196795914883,0.0031490331883050836,0.003223338444720343,63.501325067363595,63.087954760395164,8.957111132762809e-05,2.44140625e-08
386,0.008933396560687515,0.008900103878765601,0.0031430601178226956,0.003147486947713588,63.48089190024627,63.06736283318255,9.121384871875468e-05,2.44140625e-08
387,0.009011892172846463,0.008929954916487967,0.003117506591980681,0.003073880248033382,63.45986691831145,63.04740455397794,9.28836738218453e-05,2.44140625e-08
388,0.00917308921715123,0.009134328011485645,0.0031728202713438166,0.00317304770938778,63.440582729064836,63.028358306374436,9.458091991326432e-05,2.44140625e-08
389,0.00927114848459336,0.009216324566399373,0.0031633589294281987,0.0031482885501356826,63.420705855990974,63.00792398101909,9.63059201565218e-05,2.44140625e-08
390,0.009345574061100806,0.009300494158522141,0.0031288005056723926,0.0031244249369662544,63.39829321882034,62.98319314554782,9.805900741712421e-05,2.44140625e-08
391,0.009471082339184967,0.009445539759752344,0.0031439435201848372,0.0031598642807964695,63.372457245486466,62.957161128321616,9.984051407077322e-05,2.44140625e-08
392,0.009567884182310983,0.009508624255507686,0.0031286337938615225,0.0031116214677392438,63.34679019231493,62.931177107386766,0.00010165077180484688,2.44140625e-08
393,0.009710036235326399,0.009580987518073923,0.003156904368684744,0.0030705214144792843,63.32133119669392,62.90906301389968,0.00010349011141310375,2.44140625e-08
394,0.00981941093164972,0.009720366504230228,0.003149766163741374,0.0030935856273840105,63.30406834332388,62.89723088191106,0.00010535886258355754,1.220703125e-08
395,0.009967737768775155,0.009831773444237716,0.0031792210805786764,0.003086818659360393,63.29185258363759,62.885710878914416,0.00010725735367947952,1.220703125e-08
396,0.010065714680469615,0.01001090668827096,0.003156314635964444,0.003145789722117742,63.281060722006025,62.87548552548208,0.00010918591151349338,1.220703125e-08
397,0.010194874577648576,0.010065705742824038,0.003162675028997575,0.003078768967361155,63.270578949894734,62.86333710533321,0.00011114486111473643,1.220703125e-08
398,0.010283912006310084,0.010224151340964247,0.0031272916675512516,0.003113606430739663,63.25761417408086,62.85035288373762,0.00011313452548907178,1.220703125e-08
399,0.010406785324789971,0.010409833589275944,0.0031238274603545466,0.0031737363056270375,63.2447002545074,62.83776698543077,0.00011515522537234525,1.220703125e-08
400,0.010550473578012169,0.010469577546203415,0.0031392022310576745,0.0031062774547067373,63.23217489731372,62.822889908500336,0.00011720727897669295,1.220703125e-08
401,0.01069467633157669,0.010607523320361125,0.0031535263049261805,0.0031149665915397896,63.21642318802263,62.80906908169239,0.00011929100172991534,1.220703125e-08
402,0.010829276241474416,0.0107974092161476,0.0031561919166651904,0.0031738397758765565,63.20148395813091,62.79364136150449,0.00012140670600794768,1.220703125e-08
403,0.010971024679254048,0.010864384715323862,0.0031637809577848845,0.0031074023179485646,63.18856325900335,62.781768990200895,0.00012355470086046746,1.220703125e-08
404,0.011090018547809303,0.010970599930671147,0.0031466469187383076,0.0030782328479390677,63.175356508699096,62.76970844842917,0.00012573529172969414,1.220703125e-08
405,0.011232586037773183,0.011156299808701146,0.003150904771499024,0.003126594264458952,63.163412352902206,62.75719002816191,0.0001279487801624494,1.220703125e-08
406,0.011354248519905748,0.011240367326000861,0.003132474339228604,0.0030714879762443613,63.149467059315946,62.7431959452039,0.00013019546351556154,1.220703125e-08
407,0.011510625987046927,0.011403837088607625,0.00314662082415617,0.0030937520740398,63.13617898631136,62.7291581144301,0.00013247563465471117,1.220703125e-08
408,0.011656743394744457,0.011578448197763899,0.0031484961236703836,0.003124971171672827,63.12243621033839,62.71609731820914,0.00013478958164683292,1.220703125e-08
409,0.011793574374449911,0.011721200269201527,0.0031390873461000783,0.003122593319031058,63.10806197097753,62.70058655499614,0.0001371375874462021,1.220703125e-08
410,0.01199609823556152,0.011858082472979026,0.0031932014983671545,0.003111853550833005,63.0941865879487,62.68802267731631,0.00013951992957435394,1.220703125e-08
411,0.012090936131538258,0.012001612345161646,0.0031373275902552822,0.0031055081635713577,63.08162312212102,62.67648190399476,0.00014193687979399778,1.220703125e-08
412,0.01225767965729612,0.01209197705144368,0.0031512757592446093,0.003044381105406428,63.068673547588205,62.66138432735583,0.00014438870377710968,1.220703125e-08
413,0.012404392791640519,0.012265163997069848,0.0031433865264950435,0.0030639491395956296,63.053372317622454,62.64628342083066,0.00014687566076740228,1.220703125e-08
414,0.012595747380674984,0.012436682473631408,0.003177762029215169,0.003079123732736677,63.03956354163599,62.63509640645821,0.00014939800323739066,1.220703125e-08
415,0.01273092193220129,0.01269906343125978,0.0031534218727774805,0.003183225373796695,63.028123660702605,62.62233531275721,0.00015195597654029365,1.220703125e-08
416,0.012869183535701665,0.012809678027562074,0.0031303126759627455,0.0031336128671208153,63.0144411147739,62.60806372652086,0.00015454981855702641,1.220703125e-08
417,0.013062927552141636,0.013013227185527217,0.003160573713328546,0.0031747772781969513,63.000182025596324,62.59361740418501,0.00015717975933856422,1.220703125e-08
418,0.013243674564251748,0.01314318485333768,0.00317562314747229,0.003140027792096437,62.98593683418517,62.57995573573288,0.0001598460207439747,1.220703125e-08
419,0.013400239902712292,0.013303311211508653,0.003164070340144874,0.003132957829642156,62.97289347049579,62.56799196479312,0.00016254881607443805,1.220703125e-08
420,0.013578753700008744,0.013496677936319524,0.0031720947035880046,0.0031569904186778443,62.96063206223786,62.55545246800451,0.00016528834970359557,1.220703125e-08
421,0.0137208598998174,0.013689050500757718,0.0031418827560479117,0.00317840184549175,62.945817592755034,62.53925706231873,0.00016806481670458896,1.220703125e-08
422,0.01394555708190654,0.013871390229234329,0.003192236244138736,0.0031875479159671127,62.92966760223236,62.52307234799184,0.0001708784024741723,1.220703125e-08
423,0.014112819026737557,0.014018529353283321,0.0031826612083288145,0.003158853119893317,62.91488693467337,62.50918844471807,0.0001737292823543031,1.220703125e-08
424,0.014248364835890193,0.0142639396980056,0.003139003217017506,0.003226025187313856,62.90063732153607,62.49610926395276,0.00017661762125163874,1.220703125e-08
425,0.014449054022729895,0.014322869451623099,0.0031579846798612345,0.0031046328387132854,62.88763017510649,62.481974445457844,0.00017954357325538603,1.220703125e-08
426,0.014642624109609044,0.014534215695134373,0.003167949756529413,0.0031334551784792373,62.872419584136914,62.46742724415451,0.00018250728125397567,1.220703125e-08
427,0.014804460623081606,0.014752550745214706,0.0031436014198191102,0.0031668920082392102,62.85876679540279,62.45339330462708,0.00018550887655105288,1.220703125e-08
428,0.015010980371279733,0.014915877224310585,0.0031617565745085327,0.003143166142039275,62.84444152090817,62.43864040310965,0.00018854847848129798,1.220703125e-08
429,0.01520265659264334,0.015075378493720473,0.003163018491637068,0.0031135649386058286,62.82876857201658,62.4226418306995,0.00019162619402661132,1.220703125e-08
430,0.015407031093110991,0.015335766430383542,0.003174656827760926,0.0031821687852210028,62.81319562314543,62.40867844393421,0.00019474211743321875,1.220703125e-08
431,0.015585189260904313,0.015472183869933603,0.00315777735489809,0.003125241160218333,62.797588099187344,62.39096439323298,0.00019789632983027407,1.220703125e-08
432,0.015823867209442895,0.01571757476589951,0.003199178085489264,0.0031742765599344688,62.7816281981604,62.376878910638816,0.00020108889885055427,1.220703125e-08
433,0.01606330985337546,0.015841228476286332,0.003238872680313873,0.003099457224531965,62.766467850012596,62.361877773119055,0.00020431987825386336,1.220703125e-08
434,0.016218107992430626,0.016108845563038536,0.003191971408836606,0.003167106871209715,62.74955250470083,62.34298870635272,0.0002075893075537796,1.220703125e-08
435,0.016397961903631787,0.016314799395891335,0.0031676291830531967,0.0031696777723816826,62.733560405584235,62.32951764518202,0.00021089721164839936,1.220703125e-08
436,0.016612731017035056,0.016573755874183266,0.003175361251218285,0.0032229731809410166,62.72005439004307,62.315900706925916,0.00021424360045574565,1.220703125e-08
437,0.01680577223749217,0.01677619364972298,0.0031589323992511783,0.003217226060973262,62.70705401038804,62.3032821349077,0.0002176284685545298,1.220703125e-08
438,0.017052742657275057,0.016910475164801382,0.0031945514196289743,0.003141789799898763,62.692051885914765,62.287143375562586,0.00022105179483096582,1.220703125e-08
439,0.017230764034530225,0.01716586926260521,0.0031588861907534366,0.0031847257469235653,62.677191397253196,62.273052827969046,0.0002245135421323534,1.220703125e-08
440,0.017475425916251227,0.017369222487743485,0.003187410247947403,0.003173481314801253,62.66298204610496,62.25829409596115,0.00022801365692815893,1.220703125e-08
441,0.017681217320275867,0.017558345976083176,0.0031749723183530907,0.0031456819285380104,62.64787682895884,62.24372794875333,0.00023155206897933228,1.220703125e-08
442,0.017913786825447826,0.017789498669247963,0.0031869753811452255,0.003157922683476804,62.63298184188766,62.22794663547273,0.00023512869101661166,1.220703125e-08
443,0.018141566671218905,0.018056007507054703,0.0031920937225347387,0.0032027844233706243,62.6173171230297,62.21416768102742,0.0002387434184285739,1.220703125e-08
444,0.01838067838207661,0.018260735208573547,0.003205823468300241,0.003183697278683002,62.60353670487652,62.19999498348172,0.00024239612896019552,1.220703125e-08
445,0.01861522119286372,0.018444077775231174,0.0032126283194320636,0.0031406103328094634,62.590112420981455,62.18730490183751,0.00024608668242269687,1.220703125e-08
446,0.0188350382181418,0.01875082171057977,0.003202224225570234,0.0032184398888818995,62.57758350468161,62.17555824968727,0.00024981492041544195,1.220703125e-08
447,0.019066961803528133,0.018965055948017433,0.003201496546348585,0.003201588824777599,62.56575458213512,62.16352410459997,0.0002535806660606716,1.220703125e-08
448,0.019311257652077245,0.01913156129893252,0.0032112101643616132,0.0031351981276527894,62.55270638777383,62.14986690151253,0.00025738372375184456,1.220703125e-08
449,0.019555109897800026,0.019341814116789743,0.003218468381996755,0.003110396644617602,62.53885248717751,62.1360408438488,0.00026122387891635944,1.220703125e-08
450,0.019762329523212947,0.019612809107405284,0.0031867567442008097,0.003143958915585658,62.525528401386,62.12295492676189,0.00026510089779342786,1.220703125e-08
451,0.020039202217979845,0.019852035283344647,0.0032223989583327244,0.0031437704302245957,62.512620577660435,62.1091525610474,0.00026901452722785814,1.220703125e-08
452,0.02026740436315836,0.020114489111513596,0.0032076899998102156,0.0031647237055128234,62.49792135420756,62.095126250914504,0.00027296449448050466,1.220703125e-08
453,0.020513037466124276,0.020457698505708208,0.003207995791075567,0.00326394094746049,62.48423840572287,62.08241963466274,0.00027695050705612266,1.220703125e-08
454,0.020773585221201332,0.020545314642348416,0.00322104016220637,0.0031059998022174356,62.470742204880196,62.06774865345014,0.00028097225254935783,1.220703125e-08
455,0.020963124110296345,0.020866546624131427,0.0031612235857751,0.003179343839341083,62.45636207414432,62.05395722150005,0.0002850293985095803,1.220703125e-08
456,0.02122583268350692,0.021179503627295877,0.0031726403618964616,0.003242603431527431,62.441524882612114,62.03929832228849,0.0002891215923252585,1.220703125e-08
457,0.02152283988905512,0.021341729298682516,0.0032161775121537085,0.003153502352436051,62.42714204261051,62.02326868369826,0.00029324846112854173,1.220703125e-08
458,0.021738440887238114,0.021599624791870945,0.003176487515441811,0.0031571419049914065,62.41208609065019,62.01038280219139,0.00029740961172070295,1.220703125e-08
459,0.022041867357652192,0.021904818470711292,0.003222134199860807,0.003206169667239472,62.39868616458759,61.99722165008851,0.00030160463051906146,1.220703125e-08
460,0.022256060423862994,0.022117929981653905,0.003176412869625455,0.003161345000369443,62.3858166539689,61.98343408386843,0.0003058330835259803,1.220703125e-08
461,0.022532833237793776,0.022342314688258348,0.0031917356617648896,0.0031259474181025023,62.37162383956526,61.96938944022392,0.00031009451632050026,1.220703125e-08
462,0.02281910047509163,0.022635976456878176,0.0032143991466274664,0.0031574794159809683,62.358209715416685,61.95678180197011,0.00031438845407313995,1.220703125e-08
463,0.02306738453082603,0.022940623003952082,0.0031972576480302677,0.003198855223264981,62.344616588036615,61.941876452902086,0.00031871440158435333,1.220703125e-08
464,0.023329611505745244,0.023200531592935225,0.0031927931052281627,0.00319303240141143,62.32922713441066,61.928946708755745,0.00032307184334710084,1.220703125e-08
465,0.02361948132964235,0.023482656287010698,0.0032130551050219003,0.0032076186665573646,62.3172670936265,61.91602982485972,0.00032746024363394625,1.220703125e-08
466,0.023903592372659464,0.023718762949707116,0.00322593731370441,0.003174226893031079,62.30479304634746,61.90368681687575,0.0003318790466090507,1.220703125e-08
467,0.02414938471150558,0.024000194372241712,0.0031988368856360264,0.003184480427524517,62.292073842468774,61.891172160273015,0.00033632767646538775,1.220703125e-08
468,0.024432712666677868,0.024282446243242675,0.0032082711197467056,0.0031950927376871723,62.27727891292604,61.87503226544945,0.0003408055375874597,1.220703125e-08
469,0.02468762218240817,0.02456455181250006,0.003187475634358162,0.0032029572553484136,62.262957663991344,61.861720362634564,0.00034531201473974145,1.220703125e-08
470,0.024997371428301385,0.024800048113168282,0.003219739334670268,0.0031625925326551683,62.24911227457887,61.84843217728529,0.0003498464732810303,1.220703125e-08
471,0.02524401499910071,0.025100328937721093,0.0031870626017663447,0.0031851468012858196,62.23600103867114,61.8359808267957,0.0003544082594048271,1.220703125e-08
472,0.025527508770251395,0.025337055263212293,0.003189315044803161,0.0031426485244770313,62.22395180298056,61.82342636465628,0.0003589967004058164,1.220703125e-08
473,0.025811958434044616,0.025733317588035477,0.0031917842948993346,0.0032588139279156824,62.2098027074357,61.80918011617501,0.0003636111049724618,1.220703125e-08
474,0.02612389119925411,0.025902204539464867,0.0032200187727827673,0.0031459585461379295,62.19640152897667,61.79551495198023,0.00036825076350567197,1.220703125e-08
475,0.026438282961821435,0.02617450472727468,0.0032494196471706707,0.0031352038401798858,62.182711877615205,61.781650619762,0.0003729149484634358,1.220703125e-08
476,0.02671451820138611,0.02657538061855629,0.003239192959729276,0.0032513428628943037,62.169345357310235,61.7686921569416,0.00037760291473126555,1.220703125e-08
477,0.026982984410433515,0.026757223581440472,0.0032199696774970446,0.0031473722829044263,62.155767118112124,61.75514703450793,0.000382313900018228,1.220703125e-08
478,0.027256682171943398,0.027078336951973845,0.0032050201191194043,0.0031818700035454637,62.14142989473327,61.74045821735293,0.00038704712527827843,1.220703125e-08
479,0.027557722338080605,0.02735535338844942,0.003216328838422046,0.0031704478110669548,62.12680426234975,61.72739987070345,0.0003918017951565603,1.220703125e-08
480,0.02784283382122341,0.02767056345092413,0.003210315788929137,0.003196438709055899,62.11281068121369,61.71341041896654,0.00039657709846026024,1.220703125e-08
481,0.02813375249842004,0.028031376642128295,0.003209207907016428,0.0032678926379161337,62.098332333205335,61.697057908992704,0.0004013722086535592,1.220703125e-08
482,0.028431015831716297,0.028245758040991914,0.003213509877089105,0.0031905573976528287,62.08359966565616,61.68401595661074,0.0004061862843761507,1.220703125e-08
483,0.028740825237615824,0.02858350006084777,0.003228690867566533,0.003236179557756636,62.07053069812768,61.66954183419014,0.0004110184699847409,1.220703125e-08
484,0.029027748962168518,0.02882366116628998,0.0032206333684618,0.003182782994016357,62.05604118717775,61.656305612927696,0.00041586789611688626,1.220703125e-08
485,0.029343669897123198,0.029103411810105062,0.0032404471930565695,0.0031680778295025977,62.04215213002472,61.643114045312174,0.00042073368027646543,1.220703125e-08
486,0.02963058650181621,0.02941939481425046,0.003229891599375923,0.0031880561159581045,62.02952996769942,61.631620872778235,0.0004256149274400221,1.220703125e-08
487,0.029905932220681827,0.029788605476352682,0.003206526044712494,0.003260711555285099,62.0179799525582,61.61958755697295,0.00043051073068316485,1.220703125e-08
488,0.030232644229628132,0.03004145639696249,0.0032340345301289405,0.0032167831656949777,62.00587779672901,61.606409895778896,0.0004354201718261511,1.220703125e-08
489,0.030520203758898492,0.030376371102139702,0.0032225824167898902,0.0032545571514470723,61.99181847117055,61.592566474225606,0.00044034232209773366,1.220703125e-08
490,0.03084313128162269,0.03059765738886734,0.0032456453313966793,0.003178024558618316,61.978348398128745,61.578925729196605,0.0004452762428162959,1.220703125e-08
491,0.031118510702821477,0.030910482324884088,0.003220520281019173,0.0031920864751381816,61.965105245261135,61.566201366309734,0.00045022098608725334,1.220703125e-08
492,0.03143552054886642,0.031197857298579903,0.0032368210870523,0.003180879945352823,61.95125752357981,61.55202198347519,0.0004551755955156573,1.220703125e-08
493,0.031718274531651984,0.031530980033220656,0.003218021114330296,0.0032143275312655744,61.938342607201044,61.539331353229024,0.00046013910693288977,1.220703125e-08
494,0.03206817731510854,0.031811005407850874,0.0032662269924541116,0.0031944737336707355,61.924954751428444,61.52630034736965,0.0004651105491363013,1.220703125e-08
495,0.0323682214340922,0.03209042993925487,0.003264206752159213,0.0031740127153146425,61.91171848035138,61.51265250878988,0.0004700889446406047,1.220703125e-08
496,0.03267269995269464,0.03238089330319976,0.003266040140987566,0.0031628470733936214,61.89920184520421,61.502183805739996,0.0004750733104398079,1.220703125e-08
497,0.03296389168056611,0.03268819651177097,0.0032541284991281618,0.003169570384503507,61.887261932219694,61.48911170576727,0.0004800626587784338,1.220703125e-08
498,0.03322671229016641,0.03304499896075016,0.003213853642369435,0.0032247229211381247,61.8750382492091,61.47800843612008,0.00048505599793075184,1.220703125e-08
499,0.03354964725411118,0.03331737369797302,0.0032332422035485755,0.003195873119036689,61.863606464124004,61.46588532820992,0.0004900523329867225,1.220703125e-08
500,0.033881931879262826,0.0336778712736125,0.003262588177484708,0.0032557222982837405,61.850925413607754,61.45259515258381,0.0004950506666433343,1.220703125e-08
