epoch,train_loss,val_loss,train_r2,val_r2,current_lr
1,9.921881968052544,10.607553159911497,-7.895999908447266,-7.818572998046875,0.0001
2,8.315487262591645,9.747550017060245,-5.575946807861328,-6.602164268493652,0.0001
3,6.572298496412472,8.505363523362073,-3.544605255126953,-5.026542663574219,0.0001
4,4.950740927627538,7.152945422807266,-1.9604766368865967,-3.5535693168640137,0.0001
5,3.7207573502507043,5.800565194924141,-0.876236081123352,-2.3298590183258057,0.0001
6,2.9302959529998116,4.506707631624662,-0.20717239379882812,-1.3423259258270264,0.0001
7,2.711666819238583,3.8431271988412607,0.033177196979522705,-0.8545165061950684,0.0001
8,2.5857297255964933,4.647502195874983,0.13347339630126953,-1.3976104259490967,0.0001
9,2.4939338026733653,3.1638009245180365,0.16630452871322632,-0.3261960744857788,0.0001
10,2.428364992940446,3.631305492043894,0.189197838306427,-0.7251455783843994,0.0001
11,2.4072242226432916,2.9756929053112016,0.2183588147163391,0.031506478786468506,0.0001
12,2.3722587063084895,2.901678698517407,0.2349514365196228,-0.059525489807128906,0.0001
13,2.3118172889977844,3.4826935302453697,0.26831382513046265,-0.626541018486023,0.0001
14,2.260932204711377,3.553298053932828,0.29814964532852173,-0.7267335653305054,0.0001
15,2.2385340799239013,4.390602844614648,0.30650222301483154,-1.4113998413085938,0.0001
16,2.215415871522734,4.467319235753854,0.30507415533065796,-1.440976619720459,0.0001
17,2.1610666489481325,4.129795953980258,0.3356747627258301,-1.169633150100708,0.0001
18,2.133292376695566,3.0084923071207412,0.36536115407943726,-0.3130202293395996,0.0001
19,2.153037592394268,4.375896061543238,0.35598331689834595,-0.7690753936767578,0.0001
20,2.1460240913595587,2.7640964043977667,0.3595319390296936,0.12798476219177246,0.0001
21,2.1023244889736974,2.703956307376109,0.37734371423721313,0.04085415601730347,0.0001
22,2.1108018796847294,2.7895017443692005,0.379785418510437,-0.14370882511138916,0.0001
23,2.108882345745911,3.0666722182844794,0.37897056341171265,-0.3293938636779785,0.0001
24,2.063144400690868,2.607603165616957,0.39377862215042114,0.1397581696510315,0.0001
25,2.0255927240828573,2.6488608556447617,0.40898752212524414,-0.005431413650512695,0.0001
26,2.041037518774445,2.6374156554805794,0.40427643060684204,0.04673886299133301,0.0001
27,2.020251671473185,4.707291840709572,0.42607855796813965,-1.4030163288116455,0.0001
28,1.9899819039020505,4.842266964673199,0.4200534224510193,-1.5762059688568115,0.0001
29,2.006301698572871,3.0970992364213616,0.4267708659172058,-0.2476954460144043,0.0001
30,2.005507066621253,3.0448506803416886,0.431873083114624,-0.24333274364471436,0.0001
31,2.004780411121234,2.969075234837357,0.4271714687347412,-0.16678333282470703,0.0001
32,1.929946349094461,3.016297905740132,0.46938276290893555,-0.26674604415893555,0.0001
33,1.9351079104533746,2.555344151015266,0.45246434211730957,0.142320454120636,0.0001
34,1.9554231693996258,2.750522871081247,0.4450305104255676,0.09294205904006958,0.0001
35,1.9671622504740705,6.339239756797867,0.44666576385498047,-2.5604100227355957,0.0001
36,1.9073978616564318,3.512153226795005,0.48244303464889526,-0.21679162979125977,0.0001
37,1.928496805866759,3.494122519540946,0.46421825885772705,-0.5155326128005981,0.0001
38,1.9159845652891763,3.415630619661465,0.48197001218795776,-0.5342631340026855,0.0001
39,1.8879069549154797,3.1095168319434228,0.4789646863937378,-0.2934250831604004,0.0001
40,1.873367468915393,3.3106569773377386,0.4999801516532898,-0.4745980501174927,0.0001
41,1.8990240085065064,2.670955277605599,0.49056684970855713,0.06938791275024414,0.0001
42,1.86390218223559,2.9516980337060015,0.49756842851638794,-0.14178836345672607,0.0001
43,1.8797324222935305,3.0245857637462805,0.48791950941085815,-0.27265501022338867,0.0001
44,1.8509361604150616,2.781118766121242,0.5171431303024292,0.10114741325378418,0.0001
45,1.8264247570405254,3.079353600441413,0.5213910937309265,-0.2736750841140747,5e-05
46,1.809154380306327,3.1947615553304103,0.5254918336868286,-0.33454298973083496,5e-05
47,1.850616320493433,3.747541795207505,0.5136183500289917,-0.6464149951934814,5e-05
48,1.8435528272360413,3.802260598211384,0.5111269354820251,-0.7332494258880615,5e-05
49,1.848739130812474,2.972658290512187,0.5048691630363464,-0.14229226112365723,5e-05
50,1.8269796958520783,2.780087839400888,0.5123375654220581,-0.04522812366485596,5e-05
51,1.8233241172292125,2.6840226634290305,0.5229217410087585,0.03283810615539551,5e-05
52,1.8084066443307516,2.8288815204913798,0.5356130599975586,-0.043735384941101074,5e-05
53,1.7462243774228758,4.759921815483068,0.5438423156738281,-1.358003854751587,5e-05
54,1.8386283020677678,4.6027195493513124,0.5179173946380615,-1.3506324291229248,5e-05
55,1.7916794859584253,2.518788582505191,0.5443066954612732,0.30028384923934937,5e-05
56,1.749771600592276,3.275311206894176,0.5623958110809326,-0.06893336772918701,5e-05
57,1.7837802812681725,2.6588048480426187,0.5501686334609985,0.07274997234344482,5e-05
58,1.8052047501057635,2.9460245167531296,0.5306241512298584,0.1535891890525818,5e-05
59,1.790518237118745,3.3927296882489055,0.5455322265625,-0.06003868579864502,5e-05
60,1.8002736089217604,2.9009608145940264,0.5330333709716797,-0.051346778869628906,5e-05
61,1.7962096462297679,3.2453264289077706,0.5334892868995667,-0.36501169204711914,5e-05
62,1.7612248215843085,2.911804163336355,0.5555419921875,-0.10316503047943115,5e-05
63,1.7705280191734607,3.631071979784248,0.5518216490745544,-0.587559700012207,5e-05
64,1.7631956215080504,4.90509736976496,0.5536154508590698,-1.5191876888275146,5e-05
65,1.7385627201054763,2.7380884363499773,0.5666064023971558,-0.043378233909606934,5e-05
66,1.7369848785288569,3.014621324762453,0.5650634169578552,-0.17856109142303467,5e-05
67,1.7632559064644664,2.473371000991617,0.5432025194168091,0.2663072943687439,2.5e-05
68,1.751266485083243,3.2887058345769162,0.5541645884513855,-0.26707470417022705,2.5e-05
69,1.7500691208208425,3.2486950274693926,0.5590834617614746,-0.26925885677337646,2.5e-05
70,1.7512906715897858,3.2767203938602205,0.5553033947944641,-0.21907532215118408,2.5e-05
71,1.7755655862977557,2.7009634676585628,0.5387824773788452,0.0934714674949646,2.5e-05
72,1.7417282183565685,2.625110571201031,0.5615541934967041,0.24450212717056274,2.5e-05
73,1.757149075742942,2.441410557482155,0.562899112701416,0.2684175372123718,2.5e-05
74,1.742988760347542,2.423099933260659,0.565898597240448,0.2594291567802429,2.5e-05
75,1.7659736316607426,2.904575986607019,0.5532585382461548,-0.04371476173400879,2.5e-05
76,1.7106912006285522,2.7321712037791377,0.5824660062789917,0.017853081226348877,2.5e-05
77,1.7205648328391352,2.7247127513821705,0.5712612867355347,-0.009256243705749512,2.5e-05
78,1.7495553753084474,3.06911311101754,0.5538674592971802,-0.28108739852905273,2.5e-05
79,1.7714526571420768,2.532568689174078,0.5506731271743774,0.1413329839706421,2.5e-05
80,1.7109512284373118,2.423158018884053,0.5717822313308716,0.20972579717636108,2.5e-05
81,1.7168782839623329,2.2794874352356262,0.5715539455413818,0.36695897579193115,2.5e-05
82,1.7157295329287223,2.4735645314921504,0.5758792161941528,0.2006843090057373,2.5e-05
83,1.6977999851332237,3.0169800874780255,0.5773546695709229,-0.11809647083282471,2.5e-05
84,1.74654444717682,2.5505744334447344,0.5604298114776611,0.1986294388771057,2.5e-05
85,1.7680422071635824,2.6363921388734544,0.5632901191711426,0.05315089225769043,2.5e-05
86,1.6908951508539605,2.3242214523430254,0.580303966999054,0.3049788475036621,2.5e-05
87,1.7189492079081448,2.425309843044217,0.5706378221511841,0.24655026197433472,2.5e-05
88,1.7130328356920175,2.7184413428290632,0.5735472440719604,0.09496438503265381,2.5e-05
89,1.7258392121124906,3.523868202764454,0.5808709859848022,-0.37392282485961914,2.5e-05
90,1.764761357451204,2.551524620789748,0.5558249950408936,0.13851064443588257,2.5e-05
91,1.7192623860871972,2.608385770217232,0.5765495300292969,0.11686992645263672,2.5e-05
92,1.7432523211043085,2.4983547172418805,0.5697445869445801,0.19168150424957275,2.5e-05
93,1.6874891515552897,2.4052290932390603,0.5835763812065125,0.26778650283813477,1.25e-05
94,1.70751063628013,3.411780358955613,0.5766866207122803,-0.26792657375335693,1.25e-05
95,1.700039519337154,3.148072597573832,0.5880593657493591,-0.14248836040496826,1.25e-05
96,1.7178078931779717,2.5137408792374525,0.574404239654541,0.16928017139434814,1.25e-05
97,1.703505255868487,2.2793464277898985,0.5784531831741333,0.3384965658187866,1.25e-05
98,1.7059877831332848,2.2460393411259987,0.5788490772247314,0.3671187162399292,1.25e-05
99,1.728731183350785,2.2941426082598326,0.5698797702789307,0.3677995204925537,1.25e-05
100,1.719775161950832,2.384277530338453,0.573161244392395,0.3084179162979126,1.25e-05
101,1.7009364883704001,2.3558112801516735,0.5796419382095337,0.3196141719818115,1.25e-05
102,1.7374423830153753,2.338234592839627,0.5710219144821167,0.30707061290740967,1.25e-05
103,1.6864674502681047,2.8177639369581855,0.5815023183822632,0.012446165084838867,1.25e-05
104,1.7046644791486476,3.18144010700111,0.5765323638916016,-0.13539910316467285,1.25e-05
105,1.6931702527568568,2.916296034752326,0.5879845023155212,0.02625584602355957,1.25e-05
106,1.71283208585065,2.3217195116955303,0.5758379697799683,0.3281533122062683,1.25e-05
107,1.6666316904214957,2.154826221657437,0.5862412452697754,0.4250609278678894,1.25e-05
108,1.6719404073616169,2.159824878475738,0.5892412662506104,0.42359209060668945,1.25e-05
109,1.7017128170035791,2.3844316508060315,0.5756202936172485,0.2976783514022827,1.25e-05
110,1.7131414185816318,2.678294426621402,0.574652910232544,0.15126937627792358,1.25e-05
111,1.7056463874963859,2.410168454001181,0.5914857387542725,0.2865504026412964,1.25e-05
112,1.6960294983494821,2.2315584999263085,0.5859924554824829,0.3851583003997803,1.25e-05
113,1.6952736431629813,2.223770178281344,0.5848917961120605,0.40612727403640747,1.25e-05
114,1.7204024438282952,2.2340507252160524,0.5756025314331055,0.3846643567085266,1.25e-05
115,1.7310677341480352,2.2957624384392066,0.5696883797645569,0.3465549945831299,1.25e-05
116,1.66452518499876,2.3173856113267983,0.596070408821106,0.3307468295097351,1.25e-05
117,1.6202928440854378,2.2301420695008245,0.6135650277137756,0.4108127951622009,1.25e-05
118,1.7154442315524947,2.387817216956097,0.5753363370895386,0.3600016236305237,1.25e-05
119,1.6938066728151024,2.2456581608507546,0.5837950706481934,0.4118794798851013,6.25e-06
120,1.7152457952100029,2.22515216718948,0.5761833786964417,0.42187029123306274,6.25e-06
121,1.670674654107597,2.181838931048594,0.5869402885437012,0.42966264486312866,6.25e-06
122,1.6824178641764962,2.177770989395703,0.5931599140167236,0.43052589893341064,6.25e-06
123,1.7247913940068664,2.223601642659675,0.571685791015625,0.4219316244125366,6.25e-06
124,1.6927333183624038,2.254393882974733,0.5841261148452759,0.4069586396217346,6.25e-06
125,1.6613999577223555,2.180664607912402,0.5901044607162476,0.4149002432823181,6.25e-06
126,1.7422967224664225,2.225033031259492,0.5560111999511719,0.37787020206451416,6.25e-06
127,1.6561091589168888,2.328451095217446,0.5933955311775208,0.32365095615386963,6.25e-06
128,1.6729127959390382,2.2471114480774537,0.5984010696411133,0.37130653858184814,6.25e-06
129,1.6451256646582828,2.19619478190623,0.6026400923728943,0.40805453062057495,6.25e-06
130,1.6774696407206293,2.1953006986790276,0.5962828397750854,0.4105609655380249,3.125e-06
131,1.7001757913298743,2.2096932061938537,0.5850334167480469,0.40760838985443115,3.125e-06
132,1.7048589809855423,2.1869359112104845,0.5846160650253296,0.4207559823989868,3.125e-06
133,1.6862439616041967,2.183573237230945,0.5912635922431946,0.4104854464530945,3.125e-06
134,1.693487753620499,2.1735293299059406,0.589827299118042,0.4214057922363281,3.125e-06
135,1.7120249886408923,2.2007514242344475,0.5769698619842529,0.39934682846069336,3.125e-06
136,1.6766775572918966,2.2416772363975297,0.5898906588554382,0.37637758255004883,3.125e-06
137,1.6330058602631792,2.2558312192808425,0.6063833236694336,0.3724973797798157,3.125e-06
138,1.6592622448251875,2.203192634327356,0.601524829864502,0.40391653776168823,3.125e-06
139,1.6397461723442652,2.189894914627075,0.6017720699310303,0.41898393630981445,3.125e-06
140,1.6776700586929194,2.196239932324974,0.585928201675415,0.41729432344436646,3.125e-06
141,1.7134908821115542,2.1931008997569514,0.5806286334991455,0.418160617351532,1.5625e-06
142,1.6948263808910171,2.1822038199191907,0.5798906087875366,0.42267143726348877,1.5625e-06
143,1.6908160837451418,2.191129405362949,0.5870365500450134,0.4157183766365051,1.5625e-06
144,1.6853252593396697,2.182190647890735,0.5825831890106201,0.41943418979644775,1.5625e-06
145,1.6787537729720174,2.190529082531116,0.5903919339179993,0.41209352016448975,1.5625e-06
146,1.703527032230767,2.1832223871479863,0.5865768194198608,0.4183846116065979,1.5625e-06
147,1.6723305905484274,2.1774373748230693,0.6029682159423828,0.4273839592933655,1.5625e-06
148,1.665964788527944,2.173418501149053,0.5983136892318726,0.427152156829834,1.5625e-06
149,1.6668613246537534,2.178581776826278,0.5820740461349487,0.4160483479499817,1.5625e-06
150,1.6937726686148589,2.215665701639692,0.588263988494873,0.39470696449279785,1.5625e-06
151,1.6420564863150644,2.2166504253910535,0.6072243452072144,0.3980008363723755,1.5625e-06
152,1.6580818594001245,2.2165945206198803,0.6009056568145752,0.3979807496070862,7.8125e-07
153,1.6887358093581208,2.216078144252101,0.5911526679992676,0.3980228304862976,7.8125e-07
154,1.6717567244167104,2.1979568538857146,0.5891373157501221,0.4069262146949768,7.8125e-07
155,1.6811271380739197,2.2007630517251515,0.5865991115570068,0.4063834547996521,7.8125e-07
156,1.7242678663439088,2.1837147055661,0.5776046514511108,0.4127195477485657,7.8125e-07
157,1.703862368561315,2.189487865537305,0.5848948359489441,0.4093888998031616,7.8125e-07
158,1.686553463863967,2.1930296062227077,0.589791476726532,0.4075278639793396,7.8125e-07
159,1.683318408090665,2.18669456542535,0.594390869140625,0.41241776943206787,7.8125e-07
160,1.651246266748438,2.1875066789097612,0.6014169454574585,0.41174405813217163,7.8125e-07
161,1.680499180078107,2.1849534543461626,0.5837289690971375,0.41566598415374756,7.8125e-07
162,1.689347488995972,2.179757020943938,0.5914231538772583,0.41672855615615845,7.8125e-07
163,1.6526283353217683,2.1827076613703698,0.598151445388794,0.4170965552330017,3.90625e-07
164,1.6926828237434528,2.1839208523166618,0.5951614379882812,0.41520583629608154,3.90625e-07
165,1.6901489138802892,2.194548999984129,0.5839386582374573,0.40923941135406494,3.90625e-07
166,1.6958959088652976,2.193693040605373,0.5909368395805359,0.4104399085044861,3.90625e-07
167,1.665710623539872,2.199103974977066,0.5928455591201782,0.40631651878356934,3.90625e-07
168,1.691614852878117,2.1895747950244506,0.58060622215271,0.4113472104072571,3.90625e-07
169,1.6766143110728944,2.2006681316273666,0.5861198902130127,0.40519362688064575,3.90625e-07
170,1.6874819600602091,2.1875248377937138,0.5950419902801514,0.41200000047683716,3.90625e-07
171,1.6819347858029594,2.1816407661374195,0.5891534090042114,0.4174579977989197,3.90625e-07
172,1.7393263967791994,2.1860709206316384,0.5573571920394897,0.41516250371932983,3.90625e-07
173,1.717845283760697,2.1953658722714837,0.5769820213317871,0.4085785746574402,3.90625e-07
174,1.6446542064947898,2.1849054564600405,0.6027100682258606,0.4134708046913147,1.953125e-07
175,1.6807362985371346,2.1822025297477494,0.5927123427391052,0.4167773127555847,1.953125e-07
176,1.689305974011445,2.187900752925554,0.5870487093925476,0.4146721363067627,1.953125e-07
177,1.672196509450724,2.1904298286374195,0.5901309251785278,0.41169917583465576,1.953125e-07
178,1.6441463679324841,2.1894653832234665,0.6043195724487305,0.4111718535423279,1.953125e-07
179,1.6497858964418446,2.188425206819107,0.59675133228302,0.4116789698600769,1.953125e-07
180,1.6453752499728946,2.1799762599843002,0.6051778793334961,0.4163072109222412,1.953125e-07
181,1.6909353828909408,2.1817321147408375,0.5866304039955139,0.41590356826782227,1.953125e-07
182,1.6660712112733467,2.200879102566569,0.5888391733169556,0.4068905711174011,1.953125e-07
183,1.6722600809493455,2.191265077495256,0.5957705974578857,0.4106258153915405,1.953125e-07
184,1.7241043555277276,2.1780440671786816,0.5851296186447144,0.4173203706741333,1.953125e-07
185,1.6588321087548081,2.19131596112331,0.6047312021255493,0.4094025492668152,9.765625e-08
186,1.6521762132245292,2.183454311811007,0.6050659418106079,0.4149397611618042,9.765625e-08
187,1.6788442232700649,2.178464234872008,0.5987091064453125,0.4188769459724426,9.765625e-08
188,1.715622312659195,2.180520198018256,0.5821337103843689,0.41772890090942383,9.765625e-08
189,1.694361458072311,2.184264426247332,0.5817874073982239,0.4160394072532654,9.765625e-08
190,1.6680369427056367,2.1918105927598117,0.5969191193580627,0.4104841351509094,9.765625e-08
191,1.6763051406822014,2.200107053769472,0.5835100412368774,0.4056664705276489,9.765625e-08
192,1.6789066687700536,2.1858298826377127,0.5897797346115112,0.41390007734298706,9.765625e-08
193,1.6606319166308072,2.1861873693689455,0.5902501344680786,0.414275586605072,9.765625e-08
194,1.6387092765651556,2.1922014118436985,0.6065754890441895,0.4120081067085266,9.765625e-08
195,1.696394128815413,2.1840781599382892,0.5865525007247925,0.4157763123512268,9.765625e-08
196,1.6560666161765605,2.1866210782807007,0.5957475304603577,0.4143241047859192,4.8828125e-08
197,1.6631699069660513,2.189091497440402,0.6004604697227478,0.41185593605041504,4.8828125e-08
198,1.6645809797386029,2.1955187687507043,0.5935008525848389,0.4082707166671753,4.8828125e-08
199,1.6609900161449234,2.1897747931273086,0.5949244499206543,0.4114573001861572,4.8828125e-08
200,1.6836637578018547,2.19107082376512,0.5951710939407349,0.41115647554397583,4.8828125e-08
201,1.6696095736182515,2.1976490802190773,0.5977182984352112,0.40757763385772705,4.8828125e-08
202,1.6563168310839527,2.1860077357212435,0.6005405783653259,0.41480618715286255,4.8828125e-08
203,1.6857263926085915,2.1816194902694344,0.593808650970459,0.4159749150276184,4.8828125e-08
204,1.660164199083095,2.1824820129369016,0.6003694534301758,0.415605366230011,4.8828125e-08
205,1.6512893727876035,2.1866010758390395,0.607270359992981,0.4144819974899292,4.8828125e-08
206,1.6675136139245088,2.1819484066405024,0.5932091474533081,0.41700971126556396,4.8828125e-08
207,1.720537427881455,2.1854961428753907,0.5760948657989502,0.4140726327896118,2.44140625e-08
208,1.6873549041236864,2.184767588325169,0.5949543714523315,0.41475623846054077,2.44140625e-08
209,1.6731394046115715,2.1946033921130126,0.6029214859008789,0.4089203476905823,2.44140625e-08
210,1.6658201758785662,2.1925872632093655,0.6084420680999756,0.4103405475616455,2.44140625e-08
211,1.6985859709169397,2.1919766501040763,0.5731777548789978,0.41003429889678955,2.44140625e-08
212,1.6630920968463074,2.195024816487545,0.5984927415847778,0.4093749523162842,2.44140625e-08
213,1.692147490566899,2.1846994723763355,0.5870800018310547,0.4161337614059448,2.44140625e-08
214,1.6941321189679093,2.186946914347518,0.5831003785133362,0.41307467222213745,2.44140625e-08
215,1.6592103969711356,2.193398792209434,0.5950901508331299,0.4095872640609741,2.44140625e-08
216,1.7137168516066406,2.1941744204747637,0.580513596534729,0.41010528802871704,2.44140625e-08
217,1.7049775782542014,2.1900018019022354,0.5864005088806152,0.41268664598464966,2.44140625e-08
218,1.6417954281546563,2.1864054258850505,0.6063884496688843,0.4136543869972229,1.220703125e-08
219,1.6430489118374771,2.1848832029961422,0.6005645990371704,0.4147690534591675,1.220703125e-08
220,1.7001583310627257,2.181104725419877,0.5778764486312866,0.41663217544555664,1.220703125e-08
221,1.6926737141169894,2.1774946351513815,0.5867236852645874,0.41952061653137207,1.220703125e-08
222,1.7148954552821378,2.1801364294262635,0.5823767185211182,0.41840875148773193,1.220703125e-08
223,1.658275376811898,2.183610989497258,0.6010032296180725,0.41645175218582153,1.220703125e-08
224,1.6777459860247383,2.1862291221235908,0.5993825793266296,0.4144158363342285,1.220703125e-08
225,1.6776349500595424,2.198425720367942,0.59486985206604,0.4078097343444824,1.220703125e-08
226,1.6820629222109489,2.185835266591713,0.5926955938339233,0.4140459895133972,1.220703125e-08
227,1.7071477238656687,2.1823691962953395,0.5862447023391724,0.41581887006759644,1.220703125e-08
228,1.666701796865543,2.1843396867796727,0.592071533203125,0.4142976999282837,1.220703125e-08
229,1.6809876673984367,2.1855475025432165,0.5912280678749084,0.41414105892181396,1.220703125e-08
230,1.6943911974953247,2.1860663835021565,0.5844312906265259,0.4131893515586853,1.220703125e-08
231,1.6592906611648637,2.1872712768439864,0.595349907875061,0.412234365940094,1.220703125e-08
232,1.668590413665452,2.18953212766743,0.5938423275947571,0.41211998462677,1.220703125e-08
233,1.6584003964061513,2.188947913638724,0.5981297492980957,0.41169142723083496,1.220703125e-08
234,1.7053864345678333,2.186704066286119,0.5780420303344727,0.41528260707855225,1.220703125e-08
235,1.6477442564477074,2.1819859555732446,0.6004902720451355,0.4162343740463257,1.220703125e-08
236,1.6879245883456027,2.1796144314832913,0.5902360677719116,0.4185854196548462,1.220703125e-08
237,1.714419982740827,2.1842855258928893,0.5747222304344177,0.4145362973213196,1.220703125e-08
238,1.7185562251999948,2.185257429263265,0.5655421018600464,0.41335493326187134,1.220703125e-08
239,1.650759661417311,2.190041328353627,0.5951775312423706,0.41137897968292236,1.220703125e-08
240,1.6645893902834537,2.1947186973980037,0.6026186943054199,0.40898597240448,1.220703125e-08
241,1.6463222148230727,2.1930869056229607,0.6115293502807617,0.4096624255180359,1.220703125e-08
242,1.6488631865886387,2.1917438985512008,0.6047033071517944,0.4103439450263977,1.220703125e-08
243,1.6620462967123417,2.188679363416589,0.60282301902771,0.4118589162826538,1.220703125e-08
244,1.652845036644033,2.195457098874759,0.602811336517334,0.4080997705459595,1.220703125e-08
245,1.6705128940904959,2.20583162738328,0.5942907929420471,0.4022982716560364,1.220703125e-08
246,1.6308614223246998,2.191240044341837,0.6072722673416138,0.4106805920600891,1.220703125e-08
247,1.6855076481549185,2.1962026720461636,0.5851582288742065,0.40724945068359375,1.220703125e-08
248,1.6954629557016907,2.1972009776826686,0.5844930410385132,0.40680181980133057,1.220703125e-08
249,1.6682357205018725,2.1880968254944153,0.586108386516571,0.4131928086280823,1.220703125e-08
250,1.6729014744511002,2.1863862311959665,0.5886868238449097,0.4149550795555115,1.220703125e-08
251,1.685475118795232,2.1815867328324843,0.5922021269798279,0.4178025722503662,1.220703125e-08
252,1.686074110930489,2.189129461811538,0.5883851051330566,0.411232590675354,1.220703125e-08
253,1.6224284080205051,2.186293663388511,0.6163110733032227,0.4138733148574829,1.220703125e-08
254,1.6728431415717606,2.1824720966377384,0.5886467695236206,0.4163469672203064,1.220703125e-08
255,1.6748527140673282,2.178988955890056,0.5936762094497681,0.41810083389282227,1.220703125e-08
256,1.6678884089292594,2.1926107900995873,0.5999587774276733,0.4092171788215637,1.220703125e-08
257,1.658300228853721,2.189309480596944,0.600273609161377,0.4112619161605835,1.220703125e-08
258,1.7103773982480943,2.1959874239254953,0.5713845491409302,0.4102489948272705,1.220703125e-08
259,1.6880478092174434,2.185760918269588,0.5904895067214966,0.41400134563446045,1.220703125e-08
260,1.7298632464816224,2.17967224759003,0.5690627098083496,0.41715461015701294,1.220703125e-08
261,1.6852547499402684,2.177664105310089,0.5868792533874512,0.4208001494407654,1.220703125e-08
262,1.6493395708713499,2.185169638598643,0.6036761999130249,0.4155728816986084,1.220703125e-08
263,1.6917970136581753,2.1938718641083375,0.5947737693786621,0.4092240333557129,1.220703125e-08
264,1.6663964625379348,2.1974397997393655,0.6055063605308533,0.40818703174591064,1.220703125e-08
265,1.6706309925571359,2.200685637451733,0.5940266847610474,0.40732645988464355,1.220703125e-08
266,1.6643247600376505,2.1915711351860327,0.5871366262435913,0.4095134139060974,1.220703125e-08
267,1.7021980657050357,2.191558857027902,0.5830720663070679,0.41016340255737305,1.220703125e-08
268,1.6531169759967619,2.190888909591879,0.5942503213882446,0.4088713526725769,1.220703125e-08
269,1.6714714597817042,2.184547522394952,0.5987828969955444,0.4134921431541443,1.220703125e-08
270,1.6767220948409396,2.189407338266787,0.5939413905143738,0.412372350692749,1.220703125e-08
271,1.6944480155979968,2.1902293505078574,0.5855922698974609,0.4117460250854492,1.220703125e-08
272,1.681088752283323,2.1913266939463028,0.5939803123474121,0.4098846912384033,1.220703125e-08
273,1.69086754322052,2.1897370576061133,0.5937332510948181,0.4120786190032959,1.220703125e-08
274,1.6855557557925507,2.188565117060939,0.5902692079544067,0.4128407835960388,1.220703125e-08
275,1.714518159078793,2.1867783308826563,0.5766581296920776,0.4131103754043579,1.220703125e-08
276,1.6806234836179008,2.1894783128464104,0.5898159742355347,0.411476194858551,1.220703125e-08
277,1.6618230045340967,2.182864489762679,0.5955673456192017,0.4152383804321289,1.220703125e-08
278,1.7137469219003292,2.1989140438794292,0.5714864730834961,0.4056878685951233,1.220703125e-08
279,1.6849026703954342,2.2050029170951717,0.5951322317123413,0.4011080265045166,1.220703125e-08
280,1.6797910167943293,2.1908678195149602,0.5935146808624268,0.41040945053100586,1.220703125e-08
281,1.6739148538515995,2.186922543024937,0.5982450246810913,0.4133562445640564,1.220703125e-08
282,1.6971026988484752,2.1875284842424167,0.5823304653167725,0.4118887186050415,1.220703125e-08
283,1.670239948347785,2.1791198604481674,0.5960811376571655,0.4184948801994324,1.220703125e-08
284,1.6966462772295903,2.1889463116891408,0.58289635181427,0.41210758686065674,1.220703125e-08
285,1.652224353609772,2.181988194634683,0.5965129137039185,0.4175734519958496,1.220703125e-08
286,1.7030998907696262,2.180679822845204,0.5801823139190674,0.41866350173950195,1.220703125e-08
287,1.7138931499653725,2.192321576402339,0.5654390454292297,0.40831393003463745,1.220703125e-08
288,1.6996231270794893,2.196593677718504,0.5792001485824585,0.40513408184051514,1.220703125e-08
289,1.666956501190786,2.193609215344075,0.5950671434402466,0.4070580005645752,1.220703125e-08
290,1.6780919353766257,2.19260626812045,0.5867153406143188,0.40938299894332886,1.220703125e-08
291,1.6910134080666392,2.199347892333831,0.5861897468566895,0.4069366455078125,1.220703125e-08
292,1.6840205571958966,2.191514265577131,0.5790446996688843,0.4101775884628296,1.220703125e-08
293,1.7147844109303587,2.189195487012831,0.5851532816886902,0.4120669960975647,1.220703125e-08
294,1.7059040794420481,2.1901013524237287,0.5743846893310547,0.4119808077812195,1.220703125e-08
295,1.6791811945849726,2.190888984546215,0.5871831178665161,0.4124590754508972,1.220703125e-08
296,1.7164247730868545,2.193816618775843,0.5797396898269653,0.4098076820373535,1.220703125e-08
297,1.735325098836442,2.1801898096716124,0.5725356340408325,0.4165840744972229,1.220703125e-08
298,1.6870694320205868,2.18423328351815,0.5953843593597412,0.41376203298568726,1.220703125e-08
299,1.7242131183295195,2.183685728538794,0.5752507448196411,0.4161914587020874,1.220703125e-08
300,1.6716128022626817,2.198655797486321,0.5947055816650391,0.4055140018463135,1.220703125e-08
301,1.6895583712275903,2.1872877436736755,0.5867184400558472,0.4117567539215088,1.220703125e-08
302,1.6566676406604761,2.190392111456115,0.6043280363082886,0.40960443019866943,1.220703125e-08
303,1.6765633607829236,2.1902957863632255,0.5884720683097839,0.4106191396713257,1.220703125e-08
304,1.7153508291771664,2.185897634180892,0.5847049951553345,0.41328680515289307,1.220703125e-08
305,1.6304873906986996,2.190622541816737,0.6092759370803833,0.41120481491088867,1.220703125e-08
306,1.6739707582160657,2.1860218367050326,0.586962103843689,0.41421687602996826,1.220703125e-08
307,1.6606784294198706,2.1921175921641067,0.6003968715667725,0.41001302003860474,1.220703125e-08
308,1.7044208604886104,2.1834621931796887,0.5864995718002319,0.416367769241333,1.220703125e-08
309,1.6976830424176188,2.1904546289539657,0.5875937938690186,0.4113209843635559,1.220703125e-08
310,1.6984598420972201,2.190794491847622,0.5745277404785156,0.40933048725128174,1.220703125e-08
311,1.6499320202736398,2.193304103353749,0.6118153929710388,0.41046327352523804,1.220703125e-08
312,1.6797161791192827,2.20594726597585,0.5941787958145142,0.4053969383239746,1.220703125e-08
313,1.666175428746733,2.1921816573892547,0.5971375703811646,0.41084712743759155,1.220703125e-08
314,1.6927834190116255,2.188107092643661,0.5834870338439941,0.41419386863708496,1.220703125e-08
315,1.6879462129506633,2.188866608916318,0.5906537175178528,0.4124611020088196,1.220703125e-08
316,1.7116929769915352,2.2023235898352786,0.582075834274292,0.40499377250671387,1.220703125e-08
317,1.674250606715779,2.1903361556522025,0.5994390845298767,0.4104042649269104,1.220703125e-08
318,1.6822043513532858,2.1906071211582043,0.5837131142616272,0.4099392294883728,1.220703125e-08
319,1.6827877266722508,2.183727769947371,0.5900425910949707,0.4152231812477112,1.220703125e-08
320,1.646438562690313,2.1907378726180977,0.5969710350036621,0.411312997341156,1.220703125e-08
321,1.7118394818138238,2.201686753078448,0.5814682245254517,0.40718668699264526,1.220703125e-08
322,1.741762853347676,2.1881441176934384,0.5663841962814331,0.41353434324264526,1.220703125e-08
323,1.6767850645023774,2.186145197188974,0.5944156646728516,0.41365522146224976,1.220703125e-08
324,1.6961593963393016,2.1919688189707474,0.5902137756347656,0.40969109535217285,1.220703125e-08
325,1.700225248408677,2.193581223089161,0.5793697834014893,0.4098285436630249,1.220703125e-08
326,1.6877466430216779,2.1929111616268604,0.6009803414344788,0.4101559519767761,1.220703125e-08
327,1.6752603814829534,2.1871094113608267,0.5934827327728271,0.4144173860549927,1.220703125e-08
328,1.6382872708878127,2.1895886679556855,0.6032539010047913,0.4120625853538513,1.220703125e-08
329,1.6725779430351067,2.1775571941133327,0.594460129737854,0.42210304737091064,1.220703125e-08
330,1.6624374974712455,2.180733467025502,0.5920671224594116,0.419758141040802,1.220703125e-08
331,1.652291491203372,2.1906010028111895,0.5982256531715393,0.41138291358947754,1.220703125e-08
332,1.669344670409134,2.1899672822410046,0.5847961902618408,0.4118473529815674,1.220703125e-08
333,1.6477121607941798,2.1889098990322355,0.6101811528205872,0.4119293689727783,1.220703125e-08
334,1.663980829456144,2.1939092017336432,0.5928513407707214,0.40889137983322144,1.220703125e-08
335,1.704559694382813,2.181797139222008,0.5768305063247681,0.41620904207229614,1.220703125e-08
336,1.6806091992699321,2.1851182645778593,0.5907362699508667,0.41291308403015137,1.220703125e-08
337,1.6675965384622315,2.1872366136531767,0.5924880504608154,0.4113064408302307,1.220703125e-08
338,1.679805646589653,2.1869307744463153,0.5887992978096008,0.41281676292419434,1.220703125e-08
339,1.6796949063513547,2.193776514219201,0.5955641865730286,0.41023898124694824,1.220703125e-08
340,1.7122407019437857,2.1841392014736316,0.5810873508453369,0.41431766748428345,1.220703125e-08
341,1.6678072741283245,2.18385247243288,0.5850163698196411,0.4147273302078247,1.220703125e-08
342,1.644515008582941,2.1900535315574214,0.6011950373649597,0.41176778078079224,1.220703125e-08
343,1.6618512725111227,2.1896760615218045,0.59814453125,0.41160112619400024,1.220703125e-08
344,1.699271349251969,2.1944748597798935,0.5894581079483032,0.40666085481643677,1.220703125e-08
345,1.6914042046721058,2.1914182761839798,0.5992499589920044,0.4094042181968689,1.220703125e-08
346,1.6720222584166917,2.1860136172444524,0.5878543257713318,0.4136214256286621,1.220703125e-08
347,1.6606706939949663,2.1837238484003074,0.5988455414772034,0.41568177938461304,1.220703125e-08
348,1.6721008526819634,2.1933518046120737,0.5961649417877197,0.4080793261528015,1.220703125e-08
349,1.654136235989518,2.19590109805997,0.5963703393936157,0.4077596068382263,1.220703125e-08
350,1.6641827957514344,2.194953564417402,0.5989718437194824,0.4085547924041748,1.220703125e-08
351,1.6849583567087374,2.1903025059397003,0.5977810621261597,0.4111517667770386,1.220703125e-08
352,1.6627721506946251,2.1813593189851894,0.6020034551620483,0.41733497381210327,1.220703125e-08
353,1.669296055383219,2.1882765181487223,0.5964089632034302,0.4125671982765198,1.220703125e-08
354,1.681843536782704,2.1908955518218587,0.5918123722076416,0.411359965801239,1.220703125e-08
355,1.6949168208056757,2.1952795296608403,0.5905702710151672,0.406912624835968,1.220703125e-08
356,1.683513954656208,2.191203503305697,0.5999251008033752,0.4108075499534607,1.220703125e-08
357,1.6998150783966934,2.187475306533252,0.5874496102333069,0.4146125912666321,1.220703125e-08
358,1.6549278108318846,2.185897768939219,0.5933000445365906,0.4148827791213989,1.220703125e-08
359,1.7053996216711687,2.1876565740259992,0.5829415321350098,0.41153329610824585,1.220703125e-08
360,1.6403529382430928,2.1794186204572186,0.6066188812255859,0.41921812295913696,1.220703125e-08
361,1.6755611874550032,2.189876791625517,0.583625853061676,0.41179001331329346,1.220703125e-08
362,1.67160031104607,2.1864958184219923,0.5927117466926575,0.4139675498008728,1.220703125e-08
363,1.6802846814320116,2.1849126895534554,0.5936853885650635,0.4137420058250427,1.220703125e-08
364,1.6730736198537115,2.187479186616215,0.5971654653549194,0.4128311276435852,1.220703125e-08
365,1.6605764222105144,2.187762786712136,0.5929082632064819,0.41223305463790894,1.220703125e-08
366,1.6929376125335693,2.187409241462631,0.5878432989120483,0.41266387701034546,1.220703125e-08
367,1.7188201863162682,2.1929752483814458,0.5786699056625366,0.4094542860984802,1.220703125e-08
368,1.632988116849008,2.1867796338122822,0.6135485172271729,0.41325777769088745,1.220703125e-08
369,1.68748791453427,2.184795030383362,0.5944309830665588,0.4149225950241089,1.220703125e-08
370,1.6396795289600314,2.1911101492751004,0.6003440618515015,0.4107915163040161,1.220703125e-08
371,1.6732476510394558,2.1913959517526784,0.5915887355804443,0.4106254577636719,1.220703125e-08
372,1.663818885732935,2.1923428490807777,0.5951512455940247,0.40938425064086914,1.220703125e-08
373,1.6853537597448582,2.185221798045181,0.5936055183410645,0.4145204424858093,1.220703125e-08
374,1.6930130312790224,2.1886869050985993,0.5855932831764221,0.41215676069259644,1.220703125e-08
375,1.7113402496829904,2.1977884849178353,0.5883529782295227,0.4075278639793396,1.220703125e-08
376,1.6992098326659082,2.187120726276002,0.5769268870353699,0.4140641689300537,1.220703125e-08
377,1.6615552241279052,2.1880547904649306,0.6043188571929932,0.41294950246810913,1.220703125e-08
378,1.7139564157530691,2.1915434778334704,0.5849721431732178,0.410179078578949,1.220703125e-08
379,1.6638517880958927,2.1832088770276328,0.5967374444007874,0.41560888290405273,1.220703125e-08
380,1.7234116007934264,2.181747324091934,0.5757448673248291,0.414892315864563,1.220703125e-08
381,1.6930847060141252,2.1853620360128856,0.583301842212677,0.41395318508148193,1.220703125e-08
382,1.639778662366883,2.1870773867221183,0.6048374176025391,0.4135758876800537,1.220703125e-08
383,1.6581281237865813,2.1845621496538654,0.6033437252044678,0.4161509871482849,1.220703125e-08
384,1.6498618736938016,2.187186192509323,0.5992032289505005,0.41346079111099243,1.220703125e-08
385,1.6697775478938117,2.178978243799114,0.5948944091796875,0.4181275963783264,1.220703125e-08
386,1.6994423303172816,2.1815619165682074,0.5754263401031494,0.41813182830810547,1.220703125e-08
387,1.6969883893203097,2.1850698759723266,0.588834285736084,0.41414475440979004,1.220703125e-08
388,1.7143837521024285,2.1889833734186994,0.5775617361068726,0.41098517179489136,1.220703125e-08
389,1.6613635118283219,2.1955851838740217,0.5914820432662964,0.4067414402961731,1.220703125e-08
390,1.6543712578027492,2.1967091073957974,0.5975513458251953,0.4070654511451721,1.220703125e-08
391,1.6918019060313803,2.1950828861632075,0.5822898745536804,0.40784722566604614,1.220703125e-08
392,1.660286239044151,2.1938966556536315,0.5976499915122986,0.40908175706863403,1.220703125e-08
393,1.6772439619604267,2.196592945717649,0.5786914229393005,0.405712366104126,1.220703125e-08
394,1.7045193251652933,2.193530598611736,0.5793773531913757,0.40782999992370605,1.220703125e-08
395,1.6782347063722722,2.1918253188946575,0.5958606004714966,0.4092247486114502,1.220703125e-08
396,1.7022922102929758,2.1811098454389284,0.575589120388031,0.41706758737564087,1.220703125e-08
397,1.6928259697391759,2.1873393632895173,0.5842611193656921,0.4134976863861084,1.220703125e-08
398,1.6941173621757546,2.1887149970268327,0.5806831121444702,0.4122006893157959,1.220703125e-08
399,1.6642793261226099,2.1799554131102803,0.5944193601608276,0.415899395942688,1.220703125e-08
400,1.6298044045366833,2.1960655438860126,0.6055686473846436,0.4067201018333435,1.220703125e-08
401,1.6989229949475133,2.1901404299464913,0.592706561088562,0.41101014614105225,1.220703125e-08
402,1.68436470363208,2.1925362599733282,0.5953739881515503,0.40905582904815674,1.220703125e-08
403,1.6974603660541963,2.186101411896007,0.5949807167053223,0.41347867250442505,1.220703125e-08
404,1.662992265755607,2.1856356990775936,0.5941503643989563,0.4140159487724304,1.220703125e-08
405,1.6639731399577666,2.1860767200240323,0.596084713935852,0.41342586278915405,1.220703125e-08
406,1.706161220668748,2.1885195105370867,0.5862548351287842,0.413448691368103,1.220703125e-08
407,1.6512598130770864,2.194859750294765,0.6102157831192017,0.40947723388671875,1.220703125e-08
408,1.6699756966963086,2.188298492527327,0.5956529378890991,0.4121452569961548,1.220703125e-08
409,1.6677013761434123,2.189619809887481,0.5935354232788086,0.4122515320777893,1.220703125e-08
410,1.7006371736127128,2.1871616066897595,0.587410032749176,0.41257381439208984,1.220703125e-08
411,1.656121245181341,2.1883683284389535,0.6020129919052124,0.4111725687980652,1.220703125e-08
412,1.687939350728813,2.1899353070402623,0.5863267183303833,0.4108114242553711,1.220703125e-08
413,1.7173440132907887,2.180600000464398,0.5810105800628662,0.4174969792366028,1.220703125e-08
414,1.688745012634763,2.1848186992083902,0.5905306339263916,0.41619277000427246,1.220703125e-08
415,1.648762491080829,2.1937508734572293,0.6053087711334229,0.40861278772354126,1.220703125e-08
416,1.668451690593956,2.192262687013301,0.5951029062271118,0.4104011654853821,1.220703125e-08
417,1.6927145725518615,2.1836566765571517,0.5785906910896301,0.4142458438873291,1.220703125e-08
418,1.6725979460344043,2.1907345722351583,0.5918116569519043,0.41006141901016235,1.220703125e-08
419,1.6622747622143283,2.1874548360256845,0.6015289425849915,0.41288381814956665,1.220703125e-08
420,1.68961747107993,2.1852582689113045,0.5860080718994141,0.415008008480072,1.220703125e-08
421,1.7061065233732189,2.1914283065094198,0.5826687216758728,0.4097222089767456,1.220703125e-08
422,1.6697557681369621,2.1902376417332268,0.5982205867767334,0.41095489263534546,1.220703125e-08
423,1.6867152722037617,2.1841252081370275,0.586943507194519,0.41602110862731934,1.220703125e-08
424,1.6847951567951758,2.1831664058277043,0.5908738374710083,0.4162110686302185,1.220703125e-08
425,1.694445555134235,2.2004711037894156,0.5844458341598511,0.40530717372894287,1.220703125e-08
426,1.6421378787039114,2.191843347007216,0.6076294183731079,0.41080236434936523,1.220703125e-08
427,1.6767804199327376,2.188559485917107,0.5920159816741943,0.41352832317352295,1.220703125e-08
428,1.6834614718180005,2.187386771906977,0.5852247476577759,0.4137100577354431,1.220703125e-08
429,1.7351450029529718,2.1796217403284284,0.571593165397644,0.41812664270401,1.220703125e-08
430,1.6859259495583412,2.1803486418963276,0.5915716290473938,0.41802167892456055,1.220703125e-08
431,1.684424353005299,2.1842449740023917,0.5900101065635681,0.415099561214447,1.220703125e-08
432,1.6721520373969023,2.1878643857196822,0.5998877286911011,0.41345328092575073,1.220703125e-08
433,1.6410170486025275,2.1854372989373863,0.6119287014007568,0.414628803730011,1.220703125e-08
434,1.6595738850646282,2.193965605668798,0.5944311022758484,0.40924787521362305,1.220703125e-08
435,1.699673626690454,2.1825209612830427,0.5845725536346436,0.41556161642074585,1.220703125e-08
436,1.6797614035694244,2.184130979620892,0.5879747867584229,0.41442227363586426,1.220703125e-08
437,1.6703344026402613,2.1981967013815176,0.5959653258323669,0.4060547947883606,1.220703125e-08
438,1.6851039471937783,2.1920581613495997,0.5831430554389954,0.4095481038093567,1.220703125e-08
439,1.6924731248187859,2.1972100072879854,0.5940819382667542,0.4081924557685852,1.220703125e-08
440,1.6937761797976854,2.1890728146734846,0.5895699262619019,0.4135701656341553,1.220703125e-08
441,1.7122045833261768,2.1942803269644644,0.5769048929214478,0.4089534878730774,1.220703125e-08
442,1.669536252716678,2.189871583893945,0.599494457244873,0.41264086961746216,1.220703125e-08
443,1.709598381515324,2.1840085704191075,0.5933814644813538,0.4154406189918518,1.220703125e-08
444,1.6658335922151755,2.182885457042069,0.5933544635772705,0.41542887687683105,1.220703125e-08
445,1.6652361416137798,2.1896254250835816,0.5988401174545288,0.4106346368789673,1.220703125e-08
446,1.621247321117663,2.1928476194872903,0.6156219244003296,0.40925174951553345,1.220703125e-08
447,1.6911876175671168,2.194452393413786,0.5905641317367554,0.40733540058135986,1.220703125e-08
448,1.6656470897808746,2.1910230882191737,0.6004636883735657,0.4102572798728943,1.220703125e-08
449,1.6385235710559378,2.1838447250251387,0.5988248586654663,0.41389262676239014,1.220703125e-08
450,1.6814998609935818,2.1803567441410845,0.5852305889129639,0.4166335463523865,1.220703125e-08
451,1.663402880056819,2.182162928342022,0.597602367401123,0.41609275341033936,1.220703125e-08
452,1.670213941952691,2.1878337190302717,0.5938699245452881,0.4124126434326172,1.220703125e-08
453,1.6719634666714436,2.1929001194178857,0.5884637832641602,0.4075824022293091,1.220703125e-08
454,1.658978660302346,2.1819618744993687,0.5976395010948181,0.4151468276977539,1.220703125e-08
455,1.6418379712943456,2.185505572768757,0.6053423881530762,0.4154437780380249,1.220703125e-08
456,1.6854898186784293,2.1887834781787068,0.5939242839813232,0.4119868874549866,1.220703125e-08
457,1.6950103661522793,2.200233996113806,0.5773357152938843,0.4068479537963867,1.220703125e-08
458,1.6575217698287326,2.1898241354071577,0.5957521200180054,0.41088616847991943,1.220703125e-08
459,1.6708336225905809,2.191403220728488,0.5991213321685791,0.41068899631500244,1.220703125e-08
460,1.6274752598911075,2.2075427918131134,0.606269359588623,0.4019940495491028,1.220703125e-08
461,1.659290564719157,2.1913798748450137,0.5906145572662354,0.41031622886657715,1.220703125e-08
462,1.6910834540074795,2.1865880537192557,0.5803337097167969,0.4143627882003784,1.220703125e-08
463,1.6793293297989684,2.194158027802024,0.5918992757797241,0.409217894077301,1.220703125e-08
464,1.6794491748713969,2.193419169422775,0.5872786045074463,0.4091145992279053,1.220703125e-08
465,1.6196132353202781,2.203866873297803,0.622265100479126,0.40376585721969604,1.220703125e-08
466,1.639893933157226,2.1867023168200235,0.5943882465362549,0.41341787576675415,1.220703125e-08
467,1.7295615936643514,2.2003023090171174,0.5723578929901123,0.40854978561401367,1.220703125e-08
468,1.7078147006394275,2.1891461463277557,0.5768616199493408,0.4130954146385193,1.220703125e-08
469,1.7063769820946544,2.1836132787940494,0.5817677974700928,0.4154837131500244,1.220703125e-08
470,1.7162822576823147,2.188010159144832,0.5708538293838501,0.4127615690231323,1.220703125e-08
471,1.7025186432466235,2.1876457582748055,0.5784769058227539,0.41314566135406494,1.220703125e-08
472,1.6625507059608473,2.186212515751255,0.6088376045227051,0.41362398862838745,1.220703125e-08
473,1.6482497559520268,2.1896380780133913,0.612777590751648,0.4115508794784546,1.220703125e-08
474,1.6416555137889868,2.183776302082483,0.596306562423706,0.4152722954750061,1.220703125e-08
475,1.705213142799173,2.188004521621908,0.5788695812225342,0.4127788543701172,1.220703125e-08
476,1.6875928139167415,2.1862772109117796,0.5889096856117249,0.41398054361343384,1.220703125e-08
477,1.6706204634016284,2.182699792759873,0.5936936140060425,0.4162788987159729,1.220703125e-08
478,1.694965837788542,2.1936569859750294,0.5781703591346741,0.4116097092628479,1.220703125e-08
479,1.739168409526448,2.1903122372451835,0.5655170679092407,0.41231608390808105,1.220703125e-08
480,1.7222916492864715,2.1988020708728393,0.572902500629425,0.4063936471939087,1.220703125e-08
481,1.7133251035233439,2.1928004532753422,0.5843315124511719,0.4100814461708069,1.220703125e-08
482,1.7369700764092169,2.196339392741787,0.5765678286552429,0.4078705310821533,1.220703125e-08
483,1.6874027154353795,2.1955427047002276,0.5944774150848389,0.40798860788345337,1.220703125e-08
484,1.6653235615597697,2.1923319344536516,0.5965598821640015,0.40965497493743896,1.220703125e-08
485,1.6735835458765078,2.1863507387231427,0.5825629234313965,0.414262056350708,1.220703125e-08
486,1.6680750309722108,2.1811588671693833,0.5961090326309204,0.41682714223861694,1.220703125e-08
487,1.7270281756143873,2.185998912639044,0.5819157958030701,0.4144742488861084,1.220703125e-08
488,1.7013056396040285,2.186559257698697,0.5817822813987732,0.41283732652664185,1.220703125e-08
489,1.6958955688093176,2.1870004293511944,0.5838863253593445,0.41210925579071045,1.220703125e-08
490,1.637397158285681,2.1797205524699743,0.6093200445175171,0.41688477993011475,1.220703125e-08
491,1.6659745255507017,2.1856040691452283,0.590457558631897,0.4138461947441101,1.220703125e-08
492,1.6605283668891868,2.1962057834484905,0.5960909128189087,0.40504127740859985,1.220703125e-08
493,1.7025179687257188,2.191193793529651,0.5850880146026611,0.4085526466369629,1.220703125e-08
494,1.6807646623608254,2.196060628795305,0.5902942419052124,0.4070408344268799,1.220703125e-08
495,1.683009397244733,2.207644819017238,0.5861967206001282,0.40422582626342773,1.220703125e-08
496,1.7276394674726068,2.1976211262387175,0.5786017179489136,0.407351016998291,1.220703125e-08
497,1.7013153768264668,2.1938073730787706,0.5803388953208923,0.40865790843963623,1.220703125e-08
498,1.6697412479662617,2.19566958724057,0.5889022350311279,0.4077376127243042,1.220703125e-08
499,1.7158556475711229,2.1843877309142146,0.5802745819091797,0.4133981466293335,1.220703125e-08
500,1.6862633048589506,2.1865379786411654,0.5892865657806396,0.4133760929107666,1.220703125e-08
501,1.6682841578120962,2.184468563583782,0.6047731041908264,0.4148795008659363,1.220703125e-08
502,1.6747524668423575,2.1888993791114526,0.5979818105697632,0.4120146632194519,1.220703125e-08
503,1.682591567087413,2.186163138386398,0.5892290472984314,0.4141005873680115,1.220703125e-08
504,1.714158496265635,2.195700599198357,0.5704028606414795,0.40895819664001465,1.220703125e-08
505,1.6720994670986131,2.193696903943218,0.5919345021247864,0.4107133746147156,1.220703125e-08
506,1.685461136364258,2.202999451487359,0.5882295370101929,0.4066165089607239,1.220703125e-08
507,1.6834607819216933,2.203409625535027,0.5940201282501221,0.4043881893157959,1.220703125e-08
508,1.6879993229854846,2.194528273515478,0.5825555324554443,0.4082263708114624,1.220703125e-08
509,1.6444851689202902,2.204711725081887,0.6086187958717346,0.4032915234565735,1.220703125e-08
510,1.6892294348584147,2.185938039352264,0.5937605500221252,0.4137863516807556,1.220703125e-08
511,1.6913332459914625,2.1829547778419824,0.5907063484191895,0.4152493476867676,1.220703125e-08
512,1.6711306046800598,2.178742076242249,0.5913044214248657,0.41755205392837524,1.220703125e-08
513,1.658873515512476,2.185035264611643,0.5950366854667664,0.41564828157424927,1.220703125e-08
514,1.64598433016932,2.1911656266470816,0.6006696224212646,0.40958172082901,1.220703125e-08
515,1.6785380297170411,2.1848591362752243,0.5815823674201965,0.4125818610191345,1.220703125e-08
516,1.6766556778944517,2.1828605235619687,0.5950784683227539,0.4153069257736206,1.220703125e-08
517,1.684119602942986,2.1880506528261114,0.59196937084198,0.41192954778671265,1.220703125e-08
518,1.6873140135402456,2.1942387312949703,0.5862094163894653,0.409621000289917,1.220703125e-08
519,1.6729959191589099,2.2015408393132647,0.5875509977340698,0.40497589111328125,1.220703125e-08
520,1.6735056916273618,2.185372996888432,0.5862261056900024,0.41371411085128784,1.220703125e-08
521,1.6920896381189676,2.1851681506753367,0.5933983325958252,0.41413414478302,1.220703125e-08
522,1.6840487682639653,2.1863594581450907,0.5872423648834229,0.41356712579727173,1.220703125e-08
523,1.6866979630947911,2.197590859837357,0.5984283685684204,0.4076298475265503,1.220703125e-08
524,1.653497763015517,2.18635825568617,0.6086694002151489,0.4140203595161438,1.220703125e-08
525,1.6690777839727737,2.1874278293405487,0.5926809310913086,0.4122064709663391,1.220703125e-08
526,1.6597470947645816,2.1828404645058623,0.5945475101470947,0.4154185652732849,1.220703125e-08
527,1.6680488161106206,2.185163351205679,0.5926521420478821,0.4154013991355896,1.220703125e-08
528,1.6636408637316782,2.186983149187222,0.5948350429534912,0.411915123462677,1.220703125e-08
529,1.6394465462845973,2.1949694196516054,0.6035704612731934,0.40785568952560425,1.220703125e-08
530,1.644026085559647,2.1846000797373795,0.5970426797866821,0.4137178659439087,1.220703125e-08
531,1.662244686529265,2.1871534765364733,0.5962992906570435,0.41174691915512085,1.220703125e-08
532,1.6959538156263394,2.196974856398975,0.5865302085876465,0.4084343910217285,1.220703125e-08
533,1.7056165953577065,2.1952952748556998,0.5847911834716797,0.406627893447876,1.220703125e-08
534,1.678582472817183,2.1890337802095954,0.5978380441665649,0.4118573069572449,1.220703125e-08
535,1.6670180165787638,2.1933079411752248,0.5885496139526367,0.409416139125824,1.220703125e-08
536,1.6390009359698399,2.1896150431106722,0.6044816970825195,0.4117777943611145,1.220703125e-08
537,1.7372914440867488,2.1968616625935735,0.5730666518211365,0.4085240960121155,1.220703125e-08
538,1.6756592851188314,2.1958244939312888,0.594619870185852,0.40835851430892944,1.220703125e-08
539,1.6761643555096446,2.1873668133215762,0.5838682651519775,0.41286951303482056,1.220703125e-08
540,1.6551589332832963,2.1825302101696615,0.5987913012504578,0.41624534130096436,1.220703125e-08
541,1.6545424916636404,2.1817220772389185,0.5991038084030151,0.4170769453048706,1.220703125e-08
542,1.6544676110572751,2.1858590159527833,0.6119298934936523,0.4132905602455139,1.220703125e-08
543,1.6802893176150682,2.1863685164563234,0.5879393815994263,0.4129876494407654,1.220703125e-08
544,1.6738891148287647,2.185837093404304,0.5874552726745605,0.41361844539642334,1.220703125e-08
545,1.6840445673845121,2.185464060027464,0.5940284729003906,0.4137062430381775,1.220703125e-08
546,1.6780357516590674,2.194587880552413,0.5850167274475098,0.4098352789878845,1.220703125e-08
547,1.7108701275820708,2.1969083838638253,0.584932267665863,0.4087143540382385,1.220703125e-08
548,1.683943807379884,2.190849529859613,0.59757399559021,0.4110099673271179,1.220703125e-08
549,1.6820765737712484,2.1874276929874483,0.5953655242919922,0.4131245017051697,1.220703125e-08
550,1.6832745001344025,2.1931059440242806,0.5920915603637695,0.40881794691085815,1.220703125e-08
551,1.6951404123050684,2.1890759563765,0.5835096836090088,0.4121367931365967,1.220703125e-08
552,1.6424200309181534,2.190355469151883,0.6062111854553223,0.4118041396141052,1.220703125e-08
553,1.667159650193986,2.1946559231416836,0.5975220203399658,0.4085155129432678,1.220703125e-08
554,1.6858977630509804,2.200043939029094,0.5841165781021118,0.40543150901794434,1.220703125e-08
555,1.661409178770567,2.1968381229451666,0.5997310876846313,0.4071537256240845,1.220703125e-08
556,1.6857445631394634,2.1906953511828164,0.5893247127532959,0.41013103723526,1.220703125e-08
557,1.6694530512220296,2.1940918439208064,0.5986652970314026,0.40788018703460693,1.220703125e-08
558,1.701703824190239,2.188401631288305,0.5868924856185913,0.4117851257324219,1.220703125e-08
559,1.7130406042638935,2.1979454273364216,0.587998628616333,0.4086045026779175,1.220703125e-08
560,1.6187514102638667,2.19390597630504,0.6164183020591736,0.4089546203613281,1.220703125e-08
561,1.7032509834522778,2.19125406797913,0.5878697037696838,0.41222530603408813,1.220703125e-08
562,1.65653172469818,2.183412875618823,0.6025905609130859,0.41582053899765015,1.220703125e-08
563,1.6923807933302581,2.1840837480232467,0.5849969387054443,0.4151521921157837,1.220703125e-08
564,1.6561136295647676,2.187190279912789,0.5999038219451904,0.4126623272895813,1.220703125e-08
565,1.678129690576039,2.1927221905826326,0.602702260017395,0.41050106287002563,1.220703125e-08
566,1.7155430296956993,2.1822903570921524,0.5833135843276978,0.41656070947647095,1.220703125e-08
567,1.6477323429069328,2.1884728913323137,0.5991805791854858,0.4131597876548767,1.220703125e-08
568,1.685567398965858,2.1930084069038314,0.5980255603790283,0.40951985120773315,1.220703125e-08
569,1.6686778765427608,2.190505416098247,0.5969799757003784,0.41064542531967163,1.220703125e-08
570,1.6978232451220054,2.1816194727269305,0.5712169408798218,0.4156429171562195,1.220703125e-08
571,1.6588696065659898,2.192140155811374,0.5980470180511475,0.40924781560897827,1.220703125e-08
572,1.6621471284022882,2.1875840557060116,0.5963393449783325,0.413205623626709,1.220703125e-08
573,1.660077756573407,2.1957442935892573,0.6018521785736084,0.4084100127220154,1.220703125e-08
574,1.7004870535740302,2.1865677379046793,0.5878795385360718,0.41336870193481445,1.220703125e-08
575,1.6639785856457812,2.187099814016285,0.6026312112808228,0.412728488445282,1.220703125e-08
576,1.6564384301503499,2.184326563391797,0.6076036691665649,0.41303884983062744,1.220703125e-08
577,1.6975267778089898,2.1795170984937995,0.5711134672164917,0.4173429012298584,1.220703125e-08
578,1.6881244212538753,2.1866280442496207,0.5885334014892578,0.412952184677124,1.220703125e-08
579,1.7062770252052064,2.186888740214217,0.5792825222015381,0.41302335262298584,1.220703125e-08
580,1.7212306530631367,2.198802096389209,0.5806720852851868,0.4068225622177124,1.220703125e-08
581,1.6789417125072512,2.18552890509666,0.5940856337547302,0.41413813829421997,1.220703125e-08
582,1.6872673246329355,2.1848062264879413,0.5798331499099731,0.4149906635284424,1.220703125e-08
583,1.6584670240156216,2.1981203603903983,0.6052882075309753,0.40597641468048096,1.220703125e-08
584,1.6864979973989516,2.1880890063218845,0.5921383500099182,0.4123914837837219,1.220703125e-08
585,1.655871213381015,2.1982694094795048,0.6006506681442261,0.4075712561607361,1.220703125e-08
586,1.705252571321612,2.190653832062431,0.579924464225769,0.4120575189590454,1.220703125e-08
587,1.6529311361025327,2.197851085343887,0.5995684266090393,0.40824806690216064,1.220703125e-08
588,1.6900761546801084,2.192351510293508,0.5890020728111267,0.4105907082557678,1.220703125e-08
589,1.6791957582860337,2.1827935406994263,0.597127377986908,0.41595858335494995,1.220703125e-08
590,1.6849599180109736,2.1851225393671654,0.5929332375526428,0.41275835037231445,1.220703125e-08
591,1.7019901708941563,2.1857826422688156,0.5858242511749268,0.4128859043121338,1.220703125e-08
592,1.645221219989323,2.1808285848751514,0.5959870219230652,0.4160127639770508,1.220703125e-08
593,1.6658460111474271,2.1876967886219854,0.5958542227745056,0.41200846433639526,1.220703125e-08
594,1.6408185589453284,2.1851965894667202,0.610047459602356,0.41541385650634766,1.220703125e-08
595,1.6844076024028325,2.188426410872801,0.5964425206184387,0.4132741689682007,1.220703125e-08
596,1.7132973874633635,2.2012711464362003,0.5780668258666992,0.40493834018707275,1.220703125e-08
597,1.64920945203484,2.1933866631625887,0.5973094701766968,0.408424973487854,1.220703125e-08
598,1.6601208368537814,2.1912043740518117,0.5925961136817932,0.4096715450286865,1.220703125e-08
599,1.6549684148737334,2.1943678449228856,0.6011918187141418,0.4087059497833252,1.220703125e-08
600,1.691353983615511,2.193038891789108,0.591442883014679,0.40943896770477295,1.220703125e-08
601,1.6622365185962849,2.198069015872917,0.5932103395462036,0.4068981409072876,1.220703125e-08
602,1.6995570893263696,2.2022626384046164,0.5856244564056396,0.4048081040382385,1.220703125e-08
603,1.6658720229338961,2.1913875337428474,0.592602014541626,0.41008782386779785,1.220703125e-08
604,1.6872179620030339,2.186985255882493,0.5833975672721863,0.41282302141189575,1.220703125e-08
605,1.7212697439257623,2.1881648656915265,0.5835580825805664,0.4122362732887268,1.220703125e-08
606,1.694725582547723,2.1866719930068306,0.587491512298584,0.4133208394050598,1.220703125e-08
607,1.6636692996400484,2.18864467231725,0.5987827777862549,0.41141414642333984,1.220703125e-08
608,1.6946555380046469,2.191492751290567,0.5748920440673828,0.4111406207084656,1.220703125e-08
609,1.659213207474905,2.187161357905155,0.6002171039581299,0.4130927324295044,1.220703125e-08
610,1.6647879514262904,2.1888426107706436,0.5934096574783325,0.411939799785614,1.220703125e-08
611,1.6658611746888663,2.1840055985594273,0.592221736907959,0.4148412346839905,1.220703125e-08
612,1.6512651199871171,2.184072659565852,0.6067749261856079,0.41412973403930664,1.220703125e-08
613,1.6493950341414767,2.184342202534245,0.6029680371284485,0.4144163727760315,1.220703125e-08
614,1.6390904687357508,2.1823974389296312,0.6101949214935303,0.41628360748291016,1.220703125e-08
615,1.6700658103329453,2.181038087028325,0.5999164581298828,0.4178450107574463,1.220703125e-08
616,1.6379560242146503,2.1843706229857376,0.6023223996162415,0.41634953022003174,1.220703125e-08
617,1.6719850439522135,2.191683725369814,0.5921154022216797,0.4108498692512512,1.220703125e-08
618,1.664370380853688,2.1891056359013588,0.5949954986572266,0.411368727684021,1.220703125e-08
619,1.658663856324239,2.1900961534634082,0.5987234711647034,0.4114212989807129,1.220703125e-08
620,1.6748131727253772,2.1928208855083553,0.5882245898246765,0.40895724296569824,1.220703125e-08
621,1.6650210770729998,2.1898170857126495,0.5997133851051331,0.4119284749031067,1.220703125e-08
622,1.6609773306391347,2.1953682173853335,0.5988755226135254,0.40764284133911133,1.220703125e-08
623,1.6887438157495342,2.1817511013120314,0.5889221429824829,0.4164026379585266,1.220703125e-08
624,1.7254162912991777,2.185131222109332,0.5672021508216858,0.41570329666137695,1.220703125e-08
625,1.6841621343015227,2.1909506895071686,0.5879907608032227,0.41206806898117065,1.220703125e-08
626,1.6908598551199066,2.199691194355687,0.5793814659118652,0.4069511294364929,1.220703125e-08
627,1.6717463484161863,2.1915786473647407,0.5996942520141602,0.41029685735702515,1.220703125e-08
628,1.6487300675518348,2.18384722243982,0.6110756397247314,0.4150955080986023,1.220703125e-08
629,1.6874895990394068,2.1861176275489322,0.5725604295730591,0.4152758717536926,1.220703125e-08
630,1.6531793544040851,2.1893101232905052,0.596863865852356,0.41235673427581787,1.220703125e-08
631,1.6749874573057422,2.1879992014588323,0.5997365713119507,0.4125479459762573,1.220703125e-08
632,1.6493596207955774,2.1881762467897854,0.6042475700378418,0.41294437646865845,1.220703125e-08
633,1.6762786933924485,2.1872106419757857,0.5969860553741455,0.41237443685531616,1.220703125e-08
634,1.6852443609605083,2.190583846242133,0.5835953950881958,0.41105860471725464,1.220703125e-08
635,1.677363946609561,2.1935595541096053,0.5995792150497437,0.4085133671760559,1.220703125e-08
636,1.6537573686995897,2.1844447799350903,0.6046424508094788,0.41446495056152344,1.220703125e-08
637,1.669454599944391,2.1863370707202514,0.598490297794342,0.41372138261795044,1.220703125e-08
638,1.6883828630000104,2.185019444462448,0.5849691033363342,0.41526371240615845,1.220703125e-08
639,1.6915621118529558,2.1957599510715955,0.5771117210388184,0.40884870290756226,1.220703125e-08
640,1.6517345362172853,2.189815208664706,0.5973403453826904,0.4114306569099426,1.220703125e-08
641,1.6723820991452216,2.1878473248370116,0.592404842376709,0.4125087261199951,1.220703125e-08
642,1.6827650763081945,2.1812310234758767,0.5914669632911682,0.4155540466308594,1.220703125e-08
643,1.6909514507856,2.1983259952187937,0.5846914052963257,0.40575283765792847,1.220703125e-08
644,1.6829998521149858,2.1876006493201623,0.5899051427841187,0.4116666913032532,1.220703125e-08
645,1.6098377634732168,2.185492430243604,0.6130934953689575,0.41427433490753174,1.220703125e-08
646,1.626077767392898,2.1885748395951694,0.6222256422042847,0.4130830764770508,1.220703125e-08
647,1.675403461783775,2.186865815350842,0.5910838842391968,0.4136003851890564,1.220703125e-08
648,1.7058169546239141,2.1868024677735907,0.5857803821563721,0.41390228271484375,1.220703125e-08
649,1.7258676625975413,2.189676807078231,0.5763536095619202,0.4120017886161804,1.220703125e-08
650,1.6635301792042538,2.179111352333656,0.5945141911506653,0.41852736473083496,1.220703125e-08
651,1.6364536385240667,2.1806410985646836,0.606968879699707,0.41817259788513184,1.220703125e-08
652,1.6990081710831404,2.1779834012124053,0.5849646329879761,0.4195826053619385,1.220703125e-08
653,1.6525734890645474,2.184132511400459,0.602648138999939,0.414794385433197,1.220703125e-08
654,1.6564507162950346,2.182025800979257,0.6076763868331909,0.41610991954803467,1.220703125e-08
655,1.6690368534532225,2.1915301670597547,0.5950033664703369,0.41061240434646606,1.220703125e-08
656,1.7063107802041213,2.1803443009239376,0.580202579498291,0.4173237085342407,1.220703125e-08
657,1.6579809847788596,2.1861616297310413,0.5969686508178711,0.4140416979789734,1.220703125e-08
658,1.6819111584019621,2.1843280154327087,0.5925489068031311,0.4151585102081299,1.220703125e-08
659,1.6779923365144074,2.1839666549976053,0.5864209532737732,0.41518425941467285,1.220703125e-08
660,1.665910876576026,2.1931677709853767,0.592124879360199,0.40840965509414673,1.220703125e-08
661,1.7103005002691118,2.1898608917376667,0.5803776383399963,0.4118114709854126,1.220703125e-08
662,1.664613379505611,2.193727948593854,0.5992050170898438,0.40842902660369873,1.220703125e-08
663,1.6630145377250174,2.1890557155162593,0.5944970846176147,0.41186338663101196,1.220703125e-08
664,1.6882662685272882,2.1854827738924567,0.5786136984825134,0.41411930322647095,1.220703125e-08
665,1.7012788648381705,2.1960835098024196,0.5828660726547241,0.40866702795028687,1.220703125e-08
666,1.6989870957992783,2.1848015785217285,0.5847653150558472,0.4143295884132385,1.220703125e-08
667,1.693207593020083,2.1787647850138687,0.5920451879501343,0.4178736209869385,1.220703125e-08
668,1.6655260937497445,2.1902166792381568,0.5949176549911499,0.41016054153442383,1.220703125e-08
669,1.6402233890951978,2.192025108082239,0.6077386736869812,0.4091862440109253,1.220703125e-08
670,1.6777420930526963,2.187960785766908,0.5992887020111084,0.4109582304954529,1.220703125e-08
671,1.6578733755316166,2.184082221825386,0.6054571270942688,0.4163232445716858,1.220703125e-08
672,1.6541460890266764,2.1909365335037077,0.6021797060966492,0.4124498963356018,1.220703125e-08
673,1.6825197503794378,2.1970619015071704,0.5812714695930481,0.4080149531364441,1.220703125e-08
674,1.7073813075795645,2.186403777687047,0.5913983583450317,0.41396450996398926,1.220703125e-08
675,1.6486921837581463,2.1851160948890507,0.6001675128936768,0.4134276509284973,1.220703125e-08
676,1.69079623849348,2.1836621474262863,0.5795915722846985,0.41438817977905273,1.220703125e-08
677,1.6762578080047914,2.192874706708468,0.6016115546226501,0.4086977243423462,1.220703125e-08
678,1.6824611511262417,2.1878943937678,0.5922318696975708,0.4121793508529663,1.220703125e-08
679,1.6381175957333103,2.193719867081148,0.6142399907112122,0.4072669744491577,1.220703125e-08
680,1.6444609398817895,2.1872888703808737,0.5999889969825745,0.4131608009338379,1.220703125e-08
681,1.7040895650933936,2.19445814655776,0.5789526700973511,0.40757960081100464,1.220703125e-08
682,1.6388426615764549,2.1908062110377795,0.6105858087539673,0.4111406207084656,1.220703125e-08
683,1.6787909718614127,2.183770260284577,0.5917272567749023,0.41406452655792236,1.220703125e-08
684,1.6725752549355153,2.1851465367154534,0.5941928029060364,0.4140242338180542,1.220703125e-08
685,1.667916514366316,2.1869396198553384,0.6013344526290894,0.4128658175468445,1.220703125e-08
686,1.7116783829390303,2.184476261553557,0.5672805309295654,0.41402846574783325,1.220703125e-08
687,1.6776783829757715,2.192616112654823,0.584398627281189,0.4082275629043579,1.220703125e-08
688,1.6926706999390568,2.205082603122877,0.5913525819778442,0.40194422006607056,1.220703125e-08
689,1.6818697792002104,2.1992236937966236,0.5946409702301025,0.4041687846183777,1.220703125e-08
690,1.6468930260420245,2.1879373059224925,0.6059405207633972,0.41191601753234863,1.220703125e-08
691,1.6827739213579265,2.177559291239965,0.5886391401290894,0.4181244969367981,1.220703125e-08
692,1.6838506957394395,2.1929011919027985,0.5933554172515869,0.4082149863243103,1.220703125e-08
693,1.6976139249913458,2.182793063862268,0.5917783975601196,0.4138704538345337,1.220703125e-08
694,1.7187147230359179,2.184019253006747,0.581728458404541,0.4149884581565857,1.220703125e-08
695,1.6647047413453784,2.1965047180851967,0.5915548801422119,0.40752488374710083,1.220703125e-08
696,1.646962563596179,2.187732536258506,0.5932561159133911,0.41204655170440674,1.220703125e-08
697,1.716689752573943,2.18884186680899,0.5770291686058044,0.4113789200782776,1.220703125e-08
698,1.6967849935119474,2.181610679148033,0.581189751625061,0.4162026643753052,1.220703125e-08
699,1.6550107629255235,2.1881397878844604,0.5920982360839844,0.41270869970321655,1.220703125e-08
700,1.669912200876616,2.183740976263448,0.589596152305603,0.41573095321655273,1.220703125e-08
701,1.6551174913818514,2.1848506002521835,0.5961988568305969,0.41404396295547485,1.220703125e-08
702,1.6292513618916522,2.1832853057312724,0.6209207773208618,0.4150703549385071,1.220703125e-08
703,1.6813829947556282,2.181533913947268,0.5852845311164856,0.41641414165496826,1.220703125e-08
704,1.7121334121854261,2.184630264805312,0.5808925628662109,0.414218008518219,1.220703125e-08
705,1.6433426475205413,2.183460703661609,0.6019048690795898,0.41641712188720703,1.220703125e-08
706,1.6882204230706297,2.184533764287381,0.5862438678741455,0.41335296630859375,1.220703125e-08
707,1.6772541219065935,2.184252402455512,0.5924224853515625,0.414104163646698,1.220703125e-08
708,1.685917730906501,2.188789505623655,0.588390588760376,0.4119876027107239,1.220703125e-08
709,1.654384340473156,2.185484921254442,0.5913020372390747,0.4157426953315735,1.220703125e-08
710,1.6358142034891663,2.1936703047226107,0.6009634733200073,0.41106706857681274,1.220703125e-08
711,1.6778667466324977,2.188880395729805,0.58974289894104,0.4119833707809448,1.220703125e-08
712,1.6829219673147153,2.1993008736383954,0.5875082015991211,0.40659087896347046,1.220703125e-08
713,1.6757313412437886,2.1892099117355603,0.5893173217773438,0.412696897983551,1.220703125e-08
714,1.6686208308042594,2.1868327397566576,0.5978808403015137,0.41377609968185425,1.220703125e-08
715,1.6861423906968467,2.187898373524082,0.5880529284477234,0.41315770149230957,1.220703125e-08
716,1.7040046643172477,2.1825233630113376,0.5838061571121216,0.41501885652542114,1.220703125e-08
717,1.6893932517848822,2.1814036839781794,0.5970947742462158,0.41637903451919556,1.220703125e-08
718,1.6516642141182418,2.1876682653076274,0.5941245555877686,0.4114818572998047,1.220703125e-08
719,1.6739236010578609,2.183919538223624,0.5859649181365967,0.4147471785545349,1.220703125e-08
720,1.6517719813128013,2.189964833466903,0.6011653542518616,0.4095173478126526,1.220703125e-08
721,1.7166712853177708,2.1807824640369735,0.572287917137146,0.4182797074317932,1.220703125e-08
722,1.6359924874713074,2.1871543114001932,0.6091978549957275,0.41288846731185913,1.220703125e-08
723,1.6763599274346177,2.1907498318216074,0.5869307518005371,0.4113098978996277,1.220703125e-08
724,1.664556651858229,2.1858493085688973,0.596830427646637,0.41425013542175293,1.220703125e-08
725,1.653369874211412,2.187076898721548,0.6063905954360962,0.41344672441482544,1.220703125e-08
726,1.6891405524520617,2.185387954265378,0.5870219469070435,0.41359084844589233,1.220703125e-08
727,1.701922181263641,2.1904718692486105,0.5774357318878174,0.4102526307106018,1.220703125e-08
728,1.6778727604116825,2.1968749940993395,0.5841208696365356,0.40650975704193115,1.220703125e-08
729,1.6741114227815688,2.1936217478685154,0.5960052013397217,0.4096481204032898,1.220703125e-08
730,1.6541186926552598,2.1894318594980398,0.6006515026092529,0.4115297198295593,1.220703125e-08
731,1.6375417537625312,2.185564290719686,0.6073874235153198,0.41394364833831787,1.220703125e-08
732,1.6579517846930167,2.1876790212548296,0.6013977527618408,0.4138248562812805,1.220703125e-08
733,1.6981341483405288,2.1786556219974886,0.5913456678390503,0.42040395736694336,1.220703125e-08
734,1.6737491239854438,2.1857783579108707,0.591575026512146,0.41184496879577637,1.220703125e-08
735,1.6547285058789916,2.1810880369167265,0.6079756021499634,0.4157530665397644,1.220703125e-08
736,1.6780360521782982,2.18583607673645,0.5861963629722595,0.4117053747177124,1.220703125e-08
737,1.6809728926350325,2.189453906438821,0.5914995670318604,0.41170990467071533,1.220703125e-08
738,1.6901643991070976,2.1910357562993283,0.5930607318878174,0.4086006283760071,1.220703125e-08
739,1.6751976476442474,2.1903444660148494,0.5894877910614014,0.4102245569229126,1.220703125e-08
740,1.6482855460951276,2.1886313017395427,0.5936805009841919,0.41169846057891846,1.220703125e-08
741,1.6576749473760275,2.1855718682840917,0.6011932492256165,0.4134039878845215,1.220703125e-08
742,1.6496103197286276,2.1854719501673974,0.6071010231971741,0.41423892974853516,1.220703125e-08
743,1.6444562887226917,2.1804459405981977,0.6051572561264038,0.416725218296051,1.220703125e-08
744,1.692054805643794,2.186858209080521,0.5972701907157898,0.4138050079345703,1.220703125e-08
745,1.6618840590593602,2.2000832342383854,0.6083883047103882,0.4066306948661804,1.220703125e-08
746,1.74592563474997,2.1933005238855166,0.5652300715446472,0.41028672456741333,1.220703125e-08
747,1.6704863090211621,2.1888322192290954,0.5923801064491272,0.4121350049972534,1.220703125e-08
748,1.6732832307192549,2.185212859341931,0.5960562229156494,0.41348665952682495,1.220703125e-08
749,1.6581714702411312,2.193173579149023,0.6027233600616455,0.41018497943878174,1.220703125e-08
750,1.64032737713563,2.1880985590127797,0.6061899065971375,0.41251087188720703,1.220703125e-08
