epoch,train_loss,val_loss,train_acc,val_acc,current_lr
1,1.1967086392631083,1.3691343061102672,50.41876046901172,38.79598662207358,0.0001
2,0.9437568849654653,1.2697550979346337,67.08542713567839,38.79598662207358,0.0001
3,0.79074538173388,1.2212167519789476,72.69681742043551,43.812709030100336,0.0001
4,0.641068212600609,1.227223646680647,80.82077051926298,43.812709030100336,0.0001
5,0.5321974716893393,1.2357364047729849,87.60469011725294,43.812709030100336,0.0001
6,0.43835897870998286,1.2460993420718904,89.36348408710218,43.812709030100336,0.0001
7,0.3784198735776658,1.2177380929423813,89.44723618090453,44.14715719063545,0.0001
8,0.31683014645249,1.0296675802074546,91.4572864321608,45.1505016722408,0.0001
9,0.2765726387201242,0.8908763723229883,92.12730318257957,55.51839464882943,0.0001
10,0.23695330274364657,0.5524904856514372,92.71356783919597,79.93311036789298,0.0001
11,0.21273875578464177,1.4426956252509535,93.71859296482413,43.812709030100336,0.0001
12,0.19521120762206,2.6623187128915435,94.9748743718593,39.46488294314381,0.0001
13,0.17718252799219422,4.9143396428596215,95.56113902847572,38.79598662207358,0.0001
14,0.15921455546839153,2.411565438959511,95.7286432160804,42.14046822742475,0.0001
15,0.14499028002097578,2.3645218618737416,96.39865996649917,43.812709030100336,0.0001
16,0.13514541431487706,0.7251438702827313,96.64991624790619,77.92642140468227,0.0001
17,0.12822992266023178,0.7369645703397069,96.8174204355109,79.26421404682274,0.0001
18,0.1194995972304488,0.43046319544514683,96.64991624790619,81.60535117056857,0.0001
19,0.11832281350590276,0.6511105830753129,96.98492462311557,80.60200668896321,0.0001
20,0.1037779789748703,1.0737276788938006,97.571189279732,56.187290969899664,0.0001
21,0.09575654741008477,0.22985255140125951,97.571189279732,93.31103678929766,0.0001
22,0.09714597121654843,0.190556793458087,97.15242881072027,94.31438127090301,0.0001
23,0.08612365026644726,0.9551183212560953,97.82244556113902,65.88628762541806,0.0001
24,0.08409507050985467,0.3187045264104537,97.98994974874373,86.2876254180602,0.0001
25,0.08380909964217613,1.0396076733850714,97.06867671691792,66.88963210702342,0.0001
26,0.07706056577676106,0.32911875430357496,98.07370184254607,86.95652173913044,0.0001
27,0.06991813396738603,0.2545473705167356,98.07370184254607,92.64214046822742,0.0001
28,0.07255356319535718,0.35255024848773725,97.90619765494138,84.94983277591973,0.0001
29,0.06970212614815838,0.7138018628027926,97.82244556113902,66.22073578595318,0.0001
30,0.06414788980130574,1.1005923335368817,98.07370184254607,59.53177257525084,0.0001
31,0.05800759923992245,1.4225272303042205,98.40871021775544,49.163879598662206,0.0001
32,0.05923869998710639,3.13756084601616,98.1574539363484,40.13377926421405,0.0001
33,0.0596813913465944,3.4899757785541956,98.40871021775544,39.130434782608695,0.0001
34,0.051114955870200644,0.7799128840200877,98.49246231155779,76.92307692307693,5e-05
35,0.0502209928092645,0.3030793925990229,98.49246231155779,90.3010033444816,5e-05
36,0.04667312676520703,0.2984032685242369,98.99497487437185,88.96321070234113,5e-05
37,0.052419207990169525,0.3152180802463289,98.49246231155779,86.62207357859532,5e-05
38,0.048966511241604935,0.6291773761793921,98.49246231155779,82.6086956521739,5e-05
39,0.04896090083585512,0.7021020086712662,98.74371859296483,82.6086956521739,5e-05
40,0.04835024708803974,0.2646692118616806,98.57621440536013,90.3010033444816,5e-05
41,0.04368571333362529,0.22087543001741072,98.99497487437185,94.98327759197325,5e-05
42,0.04013555855108066,0.5723805132019879,98.65996649916248,81.93979933110369,5e-05
43,0.04027091281198377,0.38084722043678515,98.82747068676717,86.2876254180602,5e-05
44,0.045168117350170164,0.34847915860322803,98.91122278056952,87.62541806020067,5e-05
45,0.04110401763363899,0.14409922180466828,98.91122278056952,95.9866220735786,2.5e-05
46,0.0375504736824451,0.12530054360079926,99.2462311557789,96.65551839464884,2.5e-05
47,0.03869267752771601,0.13309022360621486,98.91122278056952,96.32107023411372,2.5e-05
48,0.035300402735146244,0.14248941639394663,99.07872696817421,95.9866220735786,2.5e-05
49,0.04023859747240891,0.12461790432499403,98.65996649916248,95.9866220735786,2.5e-05
50,0.039287775180847,0.10909120262566219,98.82747068676717,96.32107023411372,2.5e-05
51,0.04025846420220993,0.13680122608325154,98.65996649916248,95.9866220735786,2.5e-05
52,0.0387075823205999,0.11271963263534782,99.07872696817421,96.98996655518395,2.5e-05
53,0.03629240379910573,0.13245459454115419,98.74371859296483,97.32441471571906,2.5e-05
54,0.037950019731219094,0.2652661152757131,98.99497487437185,90.3010033444816,2.5e-05
55,0.03756586202674575,0.1803472331634732,98.91122278056952,94.64882943143813,2.5e-05
56,0.03862497831384341,0.29624798958716186,98.99497487437185,88.62876254180601,2.5e-05
57,0.03755048693936175,0.25615174036759597,98.99497487437185,90.63545150501672,2.5e-05
58,0.039046718809173334,0.28676857163874203,99.07872696817421,89.63210702341136,2.5e-05
59,0.03487378700169886,0.14612404438962903,98.99497487437185,95.9866220735786,2.5e-05
60,0.03012894772592202,0.20947805774650446,99.58123953098827,93.31103678929766,2.5e-05
61,0.03441358283879719,0.23941064688274294,98.99497487437185,90.96989966555184,2.5e-05
62,0.033128317763757464,0.1200543711317024,99.16247906197655,96.98996655518395,1.25e-05
63,0.029441287466504266,0.11111084917516613,99.32998324958125,96.65551839464884,1.25e-05
64,0.03317347993228703,0.10663323126808058,99.07872696817421,96.65551839464884,1.25e-05
65,0.0323878092600822,0.10651913436011327,99.16247906197655,96.98996655518395,1.25e-05
66,0.03231005532857362,0.1154548634578751,99.32998324958125,96.98996655518395,1.25e-05
67,0.039357161143142576,0.1252208011206177,98.91122278056952,96.98996655518395,1.25e-05
68,0.03663165833632551,0.12160954011423532,98.99497487437185,96.65551839464884,1.25e-05
69,0.03466820434809131,0.12566507551632197,99.16247906197655,95.9866220735786,1.25e-05
70,0.033085311184226966,0.11876282710145947,99.16247906197655,96.65551839464884,1.25e-05
71,0.029953633190149837,0.12238358302558944,99.2462311557789,96.32107023411372,1.25e-05
72,0.033349515317971985,0.12833140364359055,98.91122278056952,96.98996655518395,1.25e-05
73,0.03153433537787728,0.12736907343451792,99.32998324958125,96.98996655518395,1.25e-05
74,0.02976196442716685,0.12391767032868088,99.2462311557789,96.98996655518395,1.25e-05
75,0.03259205011342039,0.10599571620939567,99.32998324958125,96.98996655518395,1.25e-05
76,0.02900359432027368,0.13741927724767689,99.2462311557789,96.65551839464884,1.25e-05
77,0.027280057244973142,0.18279842833013438,99.41373534338358,95.65217391304348,1.25e-05
78,0.03339882269720087,0.17284289620393095,99.07872696817421,96.32107023411372,1.25e-05
79,0.02900362531755937,0.1589696361966755,99.32998324958125,96.32107023411372,1.25e-05
80,0.03154441791663018,0.1365760898958879,99.16247906197655,96.98996655518395,1.25e-05
81,0.02886751083223464,0.13521772884704597,99.32998324958125,96.65551839464884,1.25e-05
82,0.02884357292797897,0.12049817787265299,99.58123953098827,97.32441471571906,1.25e-05
83,0.0321766846630741,0.12805234372964672,99.16247906197655,96.98996655518395,1.25e-05
84,0.028846109775792016,0.1490351113437809,99.58123953098827,95.65217391304348,1.25e-05
85,0.02483098695625612,0.1320652033772357,99.41373534338358,97.32441471571906,1.25e-05
86,0.025685827582419368,0.12502506766530583,99.41373534338358,97.32441471571906,1.25e-05
87,0.03382902163107391,0.11627186128377516,99.07872696817421,96.98996655518395,6.25e-06
88,0.030170689879837048,0.11314787439079986,99.2462311557789,96.32107023411372,6.25e-06
89,0.0252446064996959,0.1092992288661641,99.49748743718592,96.98996655518395,6.25e-06
90,0.032864327618924015,0.11142956393219555,99.16247906197655,96.65551839464884,6.25e-06
91,0.028670602133325996,0.10841715269812373,99.2462311557789,96.65551839464884,6.25e-06
92,0.027813715370406257,0.10931715518734526,99.41373534338358,96.98996655518395,6.25e-06
93,0.02747272839847721,0.11317408360216928,99.41373534338358,96.65551839464884,6.25e-06
94,0.02994405238154396,0.12817930392796378,99.16247906197655,96.65551839464884,6.25e-06
95,0.026876791697026697,0.1181057821274003,99.32998324958125,96.65551839464884,6.25e-06
96,0.02751041085488932,0.10889806213436717,99.2462311557789,96.65551839464884,6.25e-06
97,0.03128586180657897,0.10627014962426795,99.2462311557789,96.98996655518395,6.25e-06
98,0.029788096477488177,0.10672779778722537,99.07872696817421,96.65551839464884,3.125e-06
99,0.026399309860801377,0.10774912737484361,99.32998324958125,96.65551839464884,3.125e-06
100,0.025878471033756855,0.10849070689799793,99.41373534338358,96.32107023411372,3.125e-06
101,0.03249658611751281,0.10627970273877466,98.74371859296483,96.98996655518395,3.125e-06
102,0.027881820750121696,0.10604300969171285,99.2462311557789,96.65551839464884,3.125e-06
103,0.02737077500302987,0.10811764081584968,99.58123953098827,96.65551839464884,3.125e-06
104,0.02531910019691166,0.10820068024024118,99.49748743718592,96.98996655518395,3.125e-06
105,0.03364471941749554,0.10726463717461429,99.16247906197655,96.65551839464884,3.125e-06
106,0.02827507072601037,0.1067436371982895,99.07872696817421,96.65551839464884,3.125e-06
107,0.025442413898368977,0.10809899987434862,99.58123953098827,96.65551839464884,3.125e-06
108,0.02398767838975293,0.10551284183825936,99.41373534338358,96.65551839464884,3.125e-06
109,0.02928190397245301,0.10410819551518131,99.07872696817421,96.98996655518395,3.125e-06
110,0.026607785913687655,0.10442380457618165,99.07872696817421,96.98996655518395,3.125e-06
111,0.030640742493484488,0.10746102185801519,99.2462311557789,96.65551839464884,3.125e-06
112,0.028074183312542675,0.11002963453680775,99.2462311557789,96.65551839464884,3.125e-06
113,0.028492179164160636,0.10856859890563432,99.2462311557789,96.65551839464884,3.125e-06
114,0.03503707422558187,0.11063352135013178,98.99497487437185,96.98996655518395,3.125e-06
115,0.02993859536633819,0.11248144827608679,99.16247906197655,96.98996655518395,3.125e-06
116,0.024712991412460705,0.10961956397496338,99.49748743718592,96.98996655518395,3.125e-06
117,0.025467364913105365,0.10941392103565178,99.49748743718592,96.32107023411372,3.125e-06
118,0.031659052062973106,0.11046773678682321,99.07872696817421,96.65551839464884,3.125e-06
119,0.028870308943329943,0.11076117943611033,99.16247906197655,96.32107023411372,3.125e-06
120,0.024953231836358707,0.10824320921331744,99.58123953098827,96.65551839464884,3.125e-06
121,0.025859225132632096,0.10878498908319202,99.2462311557789,96.98996655518395,1.5625e-06
122,0.02402723477014545,0.10864243125636443,99.32998324958125,96.98996655518395,1.5625e-06
123,0.030050953653589566,0.10885944399347273,99.07872696817421,96.98996655518395,1.5625e-06
124,0.03203275566998638,0.10923445410403519,98.65996649916248,96.65551839464884,1.5625e-06
125,0.021106812319838422,0.10863887404020016,99.58123953098827,96.32107023411372,1.5625e-06
126,0.02662605507739225,0.10794620188482629,98.99497487437185,96.65551839464884,1.5625e-06
127,0.02499462931200088,0.11049223733586212,99.41373534338358,96.32107023411372,1.5625e-06
128,0.028574768324356084,0.11111784083488394,99.16247906197655,96.98996655518395,1.5625e-06
129,0.0266796266925295,0.10861212370238177,99.32998324958125,96.65551839464884,1.5625e-06
130,0.03427554319115041,0.10842017502988062,98.82747068676717,96.65551839464884,1.5625e-06
131,0.023898353453856616,0.10778180643118744,99.49748743718592,96.65551839464884,1.5625e-06
132,0.028331199348896392,0.10804661805663619,99.07872696817421,96.65551839464884,7.8125e-07
133,0.03073193298237807,0.10835331883966723,99.16247906197655,96.65551839464884,7.8125e-07
134,0.025774745991331848,0.10790834369069358,99.58123953098827,96.32107023411372,7.8125e-07
135,0.024921161046179894,0.10803035760055417,99.58123953098827,96.65551839464884,7.8125e-07
136,0.02441806400466205,0.10838496875653299,99.58123953098827,96.32107023411372,7.8125e-07
137,0.02776406333786459,0.10736779212004764,99.16247906197655,96.65551839464884,7.8125e-07
138,0.031532819596566945,0.10682970405023633,99.07872696817421,96.98996655518395,7.8125e-07
139,0.02748092914146794,0.10843336681857157,98.99497487437185,96.65551839464884,7.8125e-07
140,0.026295746862264335,0.10942614781218628,99.41373534338358,96.65551839464884,7.8125e-07
141,0.029728788433212732,0.10814145520130129,99.49748743718592,96.65551839464884,7.8125e-07
142,0.029817850321181855,0.10833482269858039,99.2462311557789,96.65551839464884,7.8125e-07
143,0.02579796339199571,0.10894961590352266,99.32998324958125,96.32107023411372,3.90625e-07
144,0.039771505436505906,0.1103141418717378,98.65996649916248,96.32107023411372,3.90625e-07
145,0.026517050200371286,0.10927936808520734,99.07872696817421,96.65551839464884,3.90625e-07
146,0.02652509375108746,0.10966092191113277,99.49748743718592,96.65551839464884,3.90625e-07
147,0.025865417822471617,0.10840428654216604,99.2462311557789,96.65551839464884,3.90625e-07
148,0.026084263534464528,0.10921906408258904,99.32998324958125,96.32107023411372,3.90625e-07
149,0.023918499142068814,0.10841838836071882,99.32998324958125,96.65551839464884,3.90625e-07
150,0.027044961525367534,0.1085374576341747,99.32998324958125,96.65551839464884,3.90625e-07
151,0.025943257363896872,0.10981334466798648,99.49748743718592,96.32107023411372,3.90625e-07
152,0.027973355878288024,0.109115057304053,99.41373534338358,96.65551839464884,3.90625e-07
153,0.030241435459211242,0.10895366630326944,98.99497487437185,96.32107023411372,3.90625e-07
154,0.026367103833848708,0.10862353120161139,99.49748743718592,96.65551839464884,1.953125e-07
155,0.02651853280974992,0.10879183864613441,99.2462311557789,96.65551839464884,1.953125e-07
156,0.026738071728379182,0.1083753313806942,99.41373534338358,96.65551839464884,1.953125e-07
157,0.02578414795636332,0.10894426713420396,99.58123953098827,96.65551839464884,1.953125e-07
158,0.027726044781643342,0.10906061917593247,99.2462311557789,96.65551839464884,1.953125e-07
159,0.02899587221780614,0.10932951931371337,99.41373534338358,96.65551839464884,1.953125e-07
160,0.026828046304671407,0.10821069289858525,99.41373534338358,96.65551839464884,1.953125e-07
161,0.02632708257997106,0.10884550405684922,99.49748743718592,96.32107023411372,1.953125e-07
162,0.02533861781958759,0.10821763387442034,99.32998324958125,96.32107023411372,1.953125e-07
163,0.028173489993753246,0.10860271199939642,99.32998324958125,96.32107023411372,1.953125e-07
164,0.025783121067924516,0.10789097458074325,99.32998324958125,96.65551839464884,1.953125e-07
165,0.03387586190248255,0.10815250994419573,98.99497487437185,96.65551839464884,9.765625e-08
166,0.027130750068767587,0.10883002287169365,99.41373534338358,96.32107023411372,9.765625e-08
167,0.031798164767386325,0.10866815193141982,98.91122278056952,96.65551839464884,9.765625e-08
168,0.02429896542861733,0.10936747843954077,99.66499162479062,96.65551839464884,9.765625e-08
169,0.026125738369160562,0.10831377874549017,99.49748743718592,96.65551839464884,9.765625e-08
170,0.03287591832616621,0.10868440164770171,98.82747068676717,96.65551839464884,9.765625e-08
171,0.029127683721395393,0.10776181369521547,99.2462311557789,96.65551839464884,9.765625e-08
172,0.02562425054697136,0.10824861352559316,99.41373534338358,96.65551839464884,9.765625e-08
173,0.03022051583881953,0.10875860829666306,98.91122278056952,96.65551839464884,9.765625e-08
174,0.026860610249653534,0.10797033511276628,99.41373534338358,96.65551839464884,9.765625e-08
175,0.023119707656571863,0.10751608675688405,99.41373534338358,96.98996655518395,9.765625e-08
176,0.03119303465788089,0.10824870268337702,99.2462311557789,96.65551839464884,4.8828125e-08
177,0.027704654551630643,0.10835123327514001,99.32998324958125,96.32107023411372,4.8828125e-08
178,0.026633070797427015,0.10927259003787136,99.2462311557789,96.65551839464884,4.8828125e-08
179,0.023631312215148505,0.10869434270322523,99.58123953098827,96.65551839464884,4.8828125e-08
180,0.030179027088885032,0.1085309624970956,99.2462311557789,96.65551839464884,4.8828125e-08
181,0.02873378732495971,0.10960777224754809,99.32998324958125,96.65551839464884,4.8828125e-08
182,0.029018996144571596,0.1092808907820429,98.91122278056952,96.32107023411372,4.8828125e-08
183,0.02713746609637386,0.10830771032234897,99.32998324958125,96.32107023411372,4.8828125e-08
184,0.026625128531550843,0.10890984674759932,99.32998324958125,96.65551839464884,4.8828125e-08
185,0.030189875712995754,0.10831533004856828,99.16247906197655,96.65551839464884,4.8828125e-08
186,0.026409191514678937,0.1081388460279109,99.49748743718592,96.65551839464884,4.8828125e-08
187,0.028437705604449987,0.10864167529653546,99.32998324958125,96.65551839464884,2.44140625e-08
188,0.029407874532855136,0.1083835758717363,99.2462311557789,96.65551839464884,2.44140625e-08
189,0.027911266940684874,0.10777556927357629,99.2462311557789,96.65551839464884,2.44140625e-08
190,0.02969781930403943,0.10760347040550765,99.2462311557789,96.65551839464884,2.44140625e-08
191,0.02536521944992706,0.1081595012675161,99.58123953098827,96.65551839464884,2.44140625e-08
192,0.031162042083402775,0.10887551064724507,99.2462311557789,96.65551839464884,2.44140625e-08
193,0.029002533461180962,0.10823736805780276,99.16247906197655,96.65551839464884,2.44140625e-08
194,0.028050215314243808,0.10801061995352391,99.2462311557789,96.65551839464884,2.44140625e-08
195,0.025669043655920668,0.10882889919207248,99.41373534338358,96.32107023411372,2.44140625e-08
196,0.02367487355717263,0.1088566087983723,99.41373534338358,96.32107023411372,2.44140625e-08
197,0.02585102079071142,0.1085577240107849,99.41373534338358,96.65551839464884,2.44140625e-08
198,0.028117510366879116,0.10804470908831194,99.32998324958125,96.65551839464884,1.220703125e-08
199,0.02702413382354993,0.10785133442701304,99.07872696817421,96.65551839464884,1.220703125e-08
200,0.031958048536100576,0.10786624163090186,98.91122278056952,96.65551839464884,1.220703125e-08
201,0.028217147798644038,0.10783849409890414,99.32998324958125,96.65551839464884,1.220703125e-08
202,0.026969450939340608,0.10806981774427021,99.2462311557789,96.65551839464884,1.220703125e-08
203,0.024070472498634952,0.10889244326281308,99.41373534338358,96.32107023411372,1.220703125e-08
204,0.03228366150172861,0.10760904704049279,99.32998324958125,96.65551839464884,1.220703125e-08
205,0.027227734474518293,0.10862104445197511,99.32998324958125,96.32107023411372,1.220703125e-08
206,0.0304421096902896,0.10883052617211804,99.16247906197655,96.32107023411372,1.220703125e-08
207,0.03370948932391016,0.10861485538674039,99.16247906197655,96.32107023411372,1.220703125e-08
208,0.02651019141053035,0.10892436795410106,99.32998324958125,96.65551839464884,1.220703125e-08
209,0.028726456351453437,0.10894207864451567,99.32998324958125,96.65551839464884,1.220703125e-08
210,0.025729610055834802,0.10909263825785356,99.32998324958125,96.65551839464884,1.220703125e-08
211,0.02525529405492135,0.10792112428956606,99.49748743718592,96.65551839464884,1.220703125e-08
212,0.030663094204075172,0.10886869278041814,98.99497487437185,96.65551839464884,1.220703125e-08
213,0.026056436038696187,0.10869901571235928,99.32998324958125,96.32107023411372,1.220703125e-08
214,0.03258576161747602,0.10972790832453747,99.07872696817421,96.32107023411372,1.220703125e-08
215,0.03450923587758737,0.1093127176564274,99.07872696817421,96.32107023411372,1.220703125e-08
216,0.022497338681190058,0.10891663600818369,99.49748743718592,96.65551839464884,1.220703125e-08
217,0.02592654381465273,0.10798769589999448,99.49748743718592,96.65551839464884,1.220703125e-08
218,0.02981720357771395,0.10881737587244614,99.32998324958125,96.65551839464884,1.220703125e-08
219,0.02693430365841692,0.10876658350777467,99.41373534338358,96.32107023411372,1.220703125e-08
220,0.027915570688382466,0.10951371314035212,99.41373534338358,96.65551839464884,1.220703125e-08
221,0.02665439985031059,0.10878590600297204,99.16247906197655,96.65551839464884,1.220703125e-08
222,0.03500523652656743,0.10787856692205304,98.91122278056952,96.32107023411372,1.220703125e-08
223,0.029327048441173644,0.10828705792343338,99.07872696817421,96.32107023411372,1.220703125e-08
224,0.02996770658185534,0.10838042842504572,99.32998324958125,96.65551839464884,1.220703125e-08
225,0.027398572800996116,0.10864520229922489,99.49748743718592,96.65551839464884,1.220703125e-08
226,0.023557107670972095,0.10886727841602122,99.32998324958125,96.32107023411372,1.220703125e-08
227,0.025450950575808384,0.10894006783497773,99.2462311557789,96.65551839464884,1.220703125e-08
228,0.027111175718094835,0.10881424272887683,99.16247906197655,96.65551839464884,1.220703125e-08
229,0.027313300628383556,0.10828065792453728,99.2462311557789,96.65551839464884,1.220703125e-08
230,0.024144310462077958,0.10817729200806506,99.2462311557789,96.65551839464884,1.220703125e-08
231,0.027288166985502293,0.10768359898274958,99.41373534338358,96.65551839464884,1.220703125e-08
232,0.027267819644112633,0.10816665322684922,99.41373534338358,96.65551839464884,1.220703125e-08
233,0.02665214750672405,0.10775443703484376,99.49748743718592,96.65551839464884,1.220703125e-08
234,0.02558602527457865,0.10826458365821519,99.16247906197655,96.65551839464884,1.220703125e-08
235,0.02433448930706211,0.10822488305261702,99.41373534338358,96.65551839464884,1.220703125e-08
236,0.025328856551242833,0.10785857661561822,99.41373534338358,96.65551839464884,1.220703125e-08
237,0.026105104628919157,0.10812058269877896,99.41373534338358,96.65551839464884,1.220703125e-08
238,0.027711590440004714,0.10852611796263867,99.32998324958125,96.65551839464884,1.220703125e-08
239,0.028445349691101855,0.10931499484291045,99.58123953098827,96.65551839464884,1.220703125e-08
240,0.03047722641696882,0.10829938350114535,98.99497487437185,96.32107023411372,1.220703125e-08
241,0.02802551774872807,0.1090617856154075,99.07872696817421,96.32107023411372,1.220703125e-08
242,0.029249404268448475,0.10816214177570614,99.2462311557789,96.65551839464884,1.220703125e-08
243,0.031181309883868077,0.10887968039333222,99.16247906197655,96.65551839464884,1.220703125e-08
244,0.02634338025858554,0.10898492096558861,99.41373534338358,96.65551839464884,1.220703125e-08
245,0.030663461815971425,0.10809537779577201,99.16247906197655,96.32107023411372,1.220703125e-08
246,0.02604492005254056,0.10858548038878967,99.41373534338358,96.32107023411372,1.220703125e-08
247,0.026822956094839666,0.10913242939174375,99.41373534338358,96.65551839464884,1.220703125e-08
248,0.033607161842548666,0.10868616432051197,99.07872696817421,96.65551839464884,1.220703125e-08
249,0.024939131362978338,0.10834008223536022,99.2462311557789,96.65551839464884,1.220703125e-08
250,0.024008839309271706,0.10800923954035127,99.74874371859298,96.65551839464884,1.220703125e-08
251,0.024605879756673495,0.10834758996614645,99.58123953098827,96.65551839464884,1.220703125e-08
252,0.030020892838487273,0.10774242935272363,98.99497487437185,96.65551839464884,1.220703125e-08
253,0.028516445989085603,0.10963806421511547,99.41373534338358,96.65551839464884,1.220703125e-08
254,0.02720087632486968,0.10906199929008516,99.32998324958125,96.65551839464884,1.220703125e-08
255,0.03340897891183744,0.10910530632554886,98.99497487437185,96.65551839464884,1.220703125e-08
256,0.02286838489573705,0.10961492500426777,99.49748743718592,96.65551839464884,1.220703125e-08
257,0.022646637686483024,0.10943176931262415,99.58123953098827,96.32107023411372,1.220703125e-08
258,0.029335947424154636,0.10776310622143905,99.2462311557789,96.65551839464884,1.220703125e-08
259,0.032467164841778515,0.10804898543501379,98.82747068676717,96.65551839464884,1.220703125e-08
260,0.025755760030605684,0.10900272487547485,99.41373534338358,96.32107023411372,1.220703125e-08
261,0.023627783285712876,0.10840540882636074,99.49748743718592,96.65551839464884,1.220703125e-08
262,0.02427946222662127,0.1092655573127461,99.32998324958125,96.65551839464884,1.220703125e-08
263,0.026718234590299966,0.10979775857666264,99.2462311557789,96.65551839464884,1.220703125e-08
264,0.024635489218848033,0.10894576050216538,99.2462311557789,96.32107023411372,1.220703125e-08
265,0.0251674783997974,0.10873214392159695,99.41373534338358,96.65551839464884,1.220703125e-08
266,0.03000849727510008,0.10886286276339688,99.07872696817421,96.65551839464884,1.220703125e-08
267,0.024251924626454337,0.10791708786900227,99.58123953098827,96.65551839464884,1.220703125e-08
268,0.028432416818549286,0.1084053925173139,99.49748743718592,96.65551839464884,1.220703125e-08
269,0.025377942096298463,0.10851578272405675,99.2462311557789,96.65551839464884,1.220703125e-08
270,0.028525129238290203,0.10789194958514992,99.41373534338358,96.65551839464884,1.220703125e-08
271,0.026429813367687478,0.10870611761076793,99.2462311557789,96.32107023411372,1.220703125e-08
272,0.02284088320686939,0.10835248476087449,99.49748743718592,96.32107023411372,1.220703125e-08
273,0.03265139942292991,0.10840449129608164,98.99497487437185,96.65551839464884,1.220703125e-08
274,0.027999847777924147,0.10876687878998227,99.49748743718592,96.65551839464884,1.220703125e-08
275,0.026687949034736383,0.10819152917052591,99.2462311557789,96.65551839464884,1.220703125e-08
276,0.03249668431666428,0.10831341192275784,99.2462311557789,96.32107023411372,1.220703125e-08
277,0.024437512491066852,0.10858435545079285,99.41373534338358,96.32107023411372,1.220703125e-08
278,0.02571833116069461,0.10918256604302687,99.49748743718592,96.65551839464884,1.220703125e-08
279,0.02988144249922067,0.10902259765460738,99.16247906197655,96.65551839464884,1.220703125e-08
280,0.0268669047843746,0.1084077799051103,99.16247906197655,96.65551839464884,1.220703125e-08
281,0.025519405995531496,0.10864373920703413,99.41373534338358,96.65551839464884,1.220703125e-08
282,0.027707587609339,0.10751432545458194,99.32998324958125,96.65551839464884,1.220703125e-08
283,0.027067670938707076,0.10870954259781535,99.41373534338358,96.65551839464884,1.220703125e-08
284,0.025067530441374036,0.10921716430912846,99.41373534338358,96.65551839464884,1.220703125e-08
285,0.02646652394453285,0.10938759465829584,99.2462311557789,96.65551839464884,1.220703125e-08
286,0.028492064410243403,0.10923274677483533,99.2462311557789,96.65551839464884,1.220703125e-08
287,0.03032407960175869,0.10795712528320459,98.99497487437185,96.65551839464884,1.220703125e-08
288,0.026432921061638612,0.10830599326254134,99.16247906197655,96.65551839464884,1.220703125e-08
289,0.03274953655330729,0.10917682715233752,99.32998324958125,96.65551839464884,1.220703125e-08
290,0.020258643968620493,0.10902240184637216,99.74874371859298,96.65551839464884,1.220703125e-08
291,0.02524825554010357,0.10901839896588023,99.16247906197655,96.32107023411372,1.220703125e-08
292,0.02950107447266379,0.10898557560748878,99.32998324958125,96.32107023411372,1.220703125e-08
293,0.031590858259093225,0.10893057127262039,98.99497487437185,96.65551839464884,1.220703125e-08
294,0.027023127702668535,0.10921014423005557,99.07872696817421,96.65551839464884,1.220703125e-08
295,0.025185794761432474,0.10951124848081516,99.41373534338358,96.65551839464884,1.220703125e-08
296,0.02540693309164327,0.10894013001866963,99.16247906197655,96.65551839464884,1.220703125e-08
297,0.022292442354599835,0.1092588750888472,99.58123953098827,96.65551839464884,1.220703125e-08
298,0.030556101308296273,0.1083921135892238,98.91122278056952,96.65551839464884,1.220703125e-08
299,0.028663739356114038,0.10855200154127484,99.2462311557789,96.65551839464884,1.220703125e-08
300,0.0302358159617563,0.10850234190157823,99.2462311557789,96.32107023411372,1.220703125e-08
301,0.02730899842041022,0.10903460534918667,99.41373534338358,96.65551839464884,1.220703125e-08
302,0.021778501670065037,0.10867865692612319,99.41373534338358,96.65551839464884,1.220703125e-08
303,0.029456460477169634,0.10754265185183905,98.91122278056952,96.65551839464884,1.220703125e-08
304,0.026862767660737637,0.10799128882412527,99.41373534338358,96.65551839464884,1.220703125e-08
305,0.02844954632110332,0.10817545151531098,99.32998324958125,96.65551839464884,1.220703125e-08
306,0.02914143249180349,0.10810817350761148,99.2462311557789,96.65551839464884,1.220703125e-08
307,0.025120366458317743,0.10927871470168282,99.2462311557789,96.65551839464884,1.220703125e-08
308,0.028958091833683315,0.1092950861689239,99.07872696817421,96.65551839464884,1.220703125e-08
309,0.022237241655039028,0.10919738274354202,99.49748743718592,96.65551839464884,1.220703125e-08
310,0.028464779981616353,0.10906123961742506,99.16247906197655,96.65551839464884,1.220703125e-08
311,0.028002115205192385,0.10875960415771176,99.32998324958125,96.65551839464884,1.220703125e-08
312,0.0228437168439429,0.10822254819265975,99.66499162479062,96.65551839464884,1.220703125e-08
313,0.026357072655897793,0.10823453574076942,99.49748743718592,96.65551839464884,1.220703125e-08
314,0.02708561370894937,0.10884489349547437,99.41373534338358,96.65551839464884,1.220703125e-08
315,0.025728936982614112,0.10939693316368754,99.32998324958125,96.65551839464884,1.220703125e-08
316,0.030875766852642823,0.10820720684917076,99.16247906197655,96.65551839464884,1.220703125e-08
317,0.027759978706812738,0.10804150596161351,99.49748743718592,96.65551839464884,1.220703125e-08
318,0.02871609299476422,0.1087268892438914,98.91122278056952,96.32107023411372,1.220703125e-08
319,0.027798030063684663,0.1097393035141122,99.41373534338358,96.65551839464884,1.220703125e-08
320,0.03242820124118472,0.108865193910523,99.07872696817421,96.32107023411372,1.220703125e-08
321,0.02594263458599522,0.10830010837535795,99.32998324958125,96.65551839464884,1.220703125e-08
322,0.02350295160489915,0.10849532249530024,99.58123953098827,96.65551839464884,1.220703125e-08
323,0.024433386017579328,0.10842170368219697,99.66499162479062,96.65551839464884,1.220703125e-08
324,0.025178538675933226,0.10766147221609901,99.2462311557789,96.65551839464884,1.220703125e-08
325,0.030204939977320495,0.10741908004800213,99.16247906197655,96.65551839464884,1.220703125e-08
326,0.02645111664929981,0.10812501760081304,99.2462311557789,96.65551839464884,1.220703125e-08
327,0.02758809171579591,0.10890112409872754,99.32998324958125,96.65551839464884,1.220703125e-08
328,0.0261871130977893,0.10892987667417846,99.41373534338358,96.32107023411372,1.220703125e-08
329,0.024458379414512885,0.10864800101389056,99.49748743718592,96.65551839464884,1.220703125e-08
330,0.02627851775655495,0.109046936695492,99.16247906197655,96.65551839464884,1.220703125e-08
331,0.030195883820004998,0.10827889028052023,99.16247906197655,96.65551839464884,1.220703125e-08
332,0.02764299115512389,0.10870560850437269,99.16247906197655,96.65551839464884,1.220703125e-08
333,0.027885897524991828,0.10807822780515437,99.2462311557789,96.65551839464884,1.220703125e-08
334,0.02526437079337374,0.10934454608820753,99.58123953098827,96.65551839464884,1.220703125e-08
335,0.02533423480963088,0.10927941661365455,99.41373534338358,96.32107023411372,1.220703125e-08
336,0.024835549706789715,0.10859014923656266,99.58123953098827,96.32107023411372,1.220703125e-08
337,0.031455810520317484,0.10853036037057538,99.07872696817421,96.65551839464884,1.220703125e-08
338,0.03256975732107258,0.1089855587502387,98.91122278056952,96.65551839464884,1.220703125e-08
339,0.023640989953062342,0.10916568903271172,99.32998324958125,96.65551839464884,1.220703125e-08
340,0.02969545667594801,0.10832728444284022,99.16247906197655,96.32107023411372,1.220703125e-08
341,0.030464615154905336,0.1082557835756337,99.16247906197655,96.65551839464884,1.220703125e-08
342,0.032549246346930565,0.10866047709831426,99.07872696817421,96.65551839464884,1.220703125e-08
343,0.023974462682178472,0.1094028792876663,99.41373534338358,96.32107023411372,1.220703125e-08
344,0.026451277881985532,0.10968810633871467,99.2462311557789,96.32107023411372,1.220703125e-08
345,0.024991533127761565,0.10904139518289263,99.49748743718592,96.65551839464884,1.220703125e-08
346,0.026937701296329598,0.10876003788615947,99.41373534338358,96.65551839464884,1.220703125e-08
347,0.03031283079754168,0.10789086120234286,99.32998324958125,96.65551839464884,1.220703125e-08
348,0.02661335650812741,0.10820584538638792,99.32998324958125,96.65551839464884,1.220703125e-08
349,0.02386772825103409,0.10808145001929341,99.49748743718592,96.65551839464884,1.220703125e-08
350,0.023606666366895738,0.10800534170307842,99.58123953098827,96.65551839464884,1.220703125e-08
351,0.027564684356526915,0.1083050141964469,99.2462311557789,96.65551839464884,1.220703125e-08
352,0.03101805035318162,0.10865244729114217,99.41373534338358,96.65551839464884,1.220703125e-08
353,0.025392977299302868,0.10843024581022885,99.58123953098827,96.65551839464884,1.220703125e-08
354,0.031211713737678688,0.10889363035958348,98.99497487437185,96.32107023411372,1.220703125e-08
355,0.02374730385852419,0.10814554011293478,99.41373534338358,96.32107023411372,1.220703125e-08
356,0.02713126407770855,0.10844468993187747,99.58123953098827,96.65551839464884,1.220703125e-08
357,0.02775543515681222,0.10937106253012367,99.41373534338358,96.32107023411372,1.220703125e-08
358,0.023681003104277593,0.10883747692839757,99.66499162479062,96.32107023411372,1.220703125e-08
359,0.028568334571730154,0.10914231206362064,99.07872696817421,96.65551839464884,1.220703125e-08
360,0.027001357570265606,0.10877210579588262,99.2462311557789,96.65551839464884,1.220703125e-08
361,0.029583976752244848,0.10809639528593092,98.99497487437185,96.65551839464884,1.220703125e-08
362,0.025945451435082322,0.1083185162557208,99.32998324958125,96.65551839464884,1.220703125e-08
363,0.026108768798248652,0.10869480078934028,99.49748743718592,96.32107023411372,1.220703125e-08
364,0.03399135086878859,0.10867637603926818,99.16247906197655,96.32107023411372,1.220703125e-08
365,0.024703525421732236,0.10837923811381078,99.41373534338358,96.65551839464884,1.220703125e-08
366,0.03262907380185135,0.10831835449838319,99.07872696817421,96.65551839464884,1.220703125e-08
367,0.027753169330108407,0.10910887835566017,99.32998324958125,96.65551839464884,1.220703125e-08
368,0.02557388505815736,0.10868477892367337,99.32998324958125,96.65551839464884,1.220703125e-08
369,0.02734582681970131,0.1082620142171016,99.2462311557789,96.65551839464884,1.220703125e-08
370,0.03204767674853529,0.10898200078652455,98.99497487437185,96.65551839464884,1.220703125e-08
371,0.031726970951972994,0.10905625824396029,99.07872696817421,96.65551839464884,1.220703125e-08
372,0.0306658562603508,0.1088602878900874,99.16247906197655,96.65551839464884,1.220703125e-08
373,0.02776634004871849,0.1088318816046651,99.2462311557789,96.32107023411372,1.220703125e-08
374,0.02923195759049762,0.10908249221169032,99.07872696817421,96.32107023411372,1.220703125e-08
375,0.02170750549666808,0.10865262839756283,99.58123953098827,96.65551839464884,1.220703125e-08
376,0.029792680743601255,0.1088248726267081,99.16247906197655,96.65551839464884,1.220703125e-08
377,0.025033120289008122,0.10914017763424877,99.41373534338358,96.65551839464884,1.220703125e-08
378,0.026747066976106296,0.10820709241174137,99.32998324958125,96.65551839464884,1.220703125e-08
379,0.02323284018878362,0.10928474630799181,99.49748743718592,96.65551839464884,1.220703125e-08
380,0.02750377411918225,0.10900167053110624,99.32998324958125,96.32107023411372,1.220703125e-08
381,0.026441086801252574,0.10881898152240144,99.49748743718592,96.65551839464884,1.220703125e-08
382,0.02593498557830975,0.10958386980071913,99.58123953098827,96.65551839464884,1.220703125e-08
383,0.03086379807211546,0.1092987042481086,99.16247906197655,96.32107023411372,1.220703125e-08
384,0.026819450409468294,0.10904940074452987,99.32998324958125,96.32107023411372,1.220703125e-08
385,0.02906952769974468,0.10869842159708208,99.41373534338358,96.65551839464884,1.220703125e-08
386,0.029857659534593323,0.10920694905230433,99.32998324958125,96.65551839464884,1.220703125e-08
387,0.02746617513236089,0.10820206187441198,99.16247906197655,96.65551839464884,1.220703125e-08
388,0.02777536700743327,0.10872838405711595,99.16247906197655,96.65551839464884,1.220703125e-08
389,0.028415149587894505,0.10782420690043715,99.2462311557789,96.32107023411372,1.220703125e-08
390,0.03103617852837646,0.10809591226902694,99.2462311557789,96.65551839464884,1.220703125e-08
391,0.028586795946686113,0.1083479380502948,99.2462311557789,96.65551839464884,1.220703125e-08
392,0.030144454250689377,0.10837415374042995,99.2462311557789,96.32107023411372,1.220703125e-08
393,0.02892860686297293,0.1084517476750058,98.99497487437185,96.32107023411372,1.220703125e-08
394,0.027557402534076517,0.10844789406776827,99.07872696817421,96.32107023411372,1.220703125e-08
395,0.026755688309519736,0.10947984901808178,99.41373534338358,96.32107023411372,1.220703125e-08
396,0.025966081097472452,0.10924096171273834,99.2462311557789,96.32107023411372,1.220703125e-08
397,0.029060935124230743,0.10858730551939345,99.16247906197655,96.32107023411372,1.220703125e-08
398,0.030150789149742032,0.10949651272749422,99.07872696817421,96.65551839464884,1.220703125e-08
399,0.026674238175553092,0.1086306842324327,99.2462311557789,96.65551839464884,1.220703125e-08
400,0.026460596770547344,0.10876261421719123,99.41373534338358,96.65551839464884,1.220703125e-08
401,0.024474988774188997,0.10878268775084744,99.49748743718592,96.32107023411372,1.220703125e-08
402,0.030061805012387845,0.10844950127511918,99.2462311557789,96.65551839464884,1.220703125e-08
403,0.029931809335098394,0.1090277870338298,99.16247906197655,96.65551839464884,1.220703125e-08
404,0.028347421746772763,0.10864278230579402,99.16247906197655,96.65551839464884,1.220703125e-08
405,0.02853282290343913,0.10847591010722826,99.2462311557789,96.65551839464884,1.220703125e-08
406,0.02912353260607975,0.10899398009912625,99.32998324958125,96.65551839464884,1.220703125e-08
407,0.02480188847739418,0.10877911937127145,99.2462311557789,96.65551839464884,1.220703125e-08
408,0.028539123540897066,0.10856275012511074,99.07872696817421,96.65551839464884,1.220703125e-08
409,0.031170603123429532,0.10925633710712493,98.99497487437185,96.65551839464884,1.220703125e-08
410,0.023661811623123273,0.10844869924129849,99.41373534338358,96.65551839464884,1.220703125e-08
411,0.0345571849688613,0.10699900731843053,98.82747068676717,96.65551839464884,1.220703125e-08
412,0.02980381155377207,0.10841752131497581,99.32998324958125,96.32107023411372,1.220703125e-08
413,0.025033538455964132,0.1084104727168745,99.49748743718592,96.65551839464884,1.220703125e-08
414,0.024124798812658544,0.10805587252496078,99.2462311557789,96.65551839464884,1.220703125e-08
415,0.02863421397193193,0.1081958018791516,99.16247906197655,96.65551839464884,1.220703125e-08
416,0.02580168924935574,0.10846873564664337,99.49748743718592,96.65551839464884,1.220703125e-08
417,0.02360484999927444,0.1085699226545251,99.49748743718592,96.32107023411372,1.220703125e-08
418,0.02749935561600742,0.10848658515707306,99.32998324958125,96.32107023411372,1.220703125e-08
419,0.031319928076274234,0.10863296946753627,99.41373534338358,96.65551839464884,1.220703125e-08
420,0.023422391857433958,0.1087245017190442,99.41373534338358,96.65551839464884,1.220703125e-08
421,0.02517898765141441,0.1089058360178335,99.32998324958125,96.65551839464884,1.220703125e-08
422,0.02594320729555846,0.10835628749734183,99.58123953098827,96.65551839464884,1.220703125e-08
423,0.026869276029929844,0.10866943341882332,99.2462311557789,96.65551839464884,1.220703125e-08
424,0.02530946264938893,0.10784151575786613,99.49748743718592,96.65551839464884,1.220703125e-08
425,0.025115331513198776,0.1085916363874008,99.41373534338358,96.65551839464884,1.220703125e-08
426,0.025632803180134875,0.10852395252240542,99.41373534338358,96.65551839464884,1.220703125e-08
427,0.02797153469805342,0.10874329387742938,99.32998324958125,96.65551839464884,1.220703125e-08
428,0.029610933545646156,0.10910330636794352,99.07872696817421,96.32107023411372,1.220703125e-08
429,0.027594303827689123,0.10902424261322786,99.32998324958125,96.32107023411372,1.220703125e-08
430,0.024184883526921074,0.10833936289301684,99.58123953098827,96.32107023411372,1.220703125e-08
431,0.02287720141923008,0.10774309205570348,99.41373534338358,96.32107023411372,1.220703125e-08
432,0.027895040357706933,0.10857327412004056,98.99497487437185,96.65551839464884,1.220703125e-08
433,0.030130187246068637,0.10976471390612548,99.41373534338358,96.65551839464884,1.220703125e-08
434,0.024658686394055985,0.1097002122862682,99.49748743718592,96.65551839464884,1.220703125e-08
435,0.02478670616208309,0.1090169766899136,99.41373534338358,96.65551839464884,1.220703125e-08
436,0.027291484635753847,0.10815861976914183,99.32998324958125,96.65551839464884,1.220703125e-08
437,0.030469866566222716,0.1091755777348244,99.07872696817421,96.65551839464884,1.220703125e-08
438,0.02348196713980818,0.10857962312357482,99.66499162479062,96.65551839464884,1.220703125e-08
439,0.026766277805994103,0.10786287533898019,99.41373534338358,96.65551839464884,1.220703125e-08
440,0.028189312345293698,0.10857914832971965,99.32998324958125,96.65551839464884,1.220703125e-08
441,0.029437188377332446,0.10939276644517745,98.99497487437185,96.65551839464884,1.220703125e-08
442,0.024941781860225564,0.10943775334984164,99.41373534338358,96.65551839464884,1.220703125e-08
443,0.024310401124471,0.10808021317307766,99.49748743718592,96.32107023411372,1.220703125e-08
444,0.03123747432601312,0.10812852212716903,99.07872696817421,96.65551839464884,1.220703125e-08
445,0.02544930359813536,0.1095662030662382,99.32998324958125,96.65551839464884,1.220703125e-08
446,0.038206437973920225,0.10852730870994437,98.82747068676717,96.65551839464884,1.220703125e-08
447,0.028896913961998782,0.1089068486862956,99.16247906197655,96.65551839464884,1.220703125e-08
448,0.02507166301135841,0.1092404648786205,99.49748743718592,96.65551839464884,1.220703125e-08
449,0.030675692555542967,0.10792987964374565,99.07872696817421,96.32107023411372,1.220703125e-08
450,0.030482794259560967,0.1084271121807521,99.16247906197655,96.32107023411372,1.220703125e-08
451,0.027511541882976016,0.10860420727361006,99.07872696817421,96.32107023411372,1.220703125e-08
452,0.027249459676457012,0.10897739516901332,99.32998324958125,96.32107023411372,1.220703125e-08
453,0.02830770515354734,0.10882287128613545,99.2462311557789,96.65551839464884,1.220703125e-08
454,0.026256344775658358,0.10904996074661363,99.49748743718592,96.32107023411372,1.220703125e-08
455,0.026309383175081545,0.10888840658060683,99.49748743718592,96.32107023411372,1.220703125e-08
456,0.026767987995041875,0.10846636926499896,99.41373534338358,96.32107023411372,1.220703125e-08
457,0.029869466654993782,0.1088500335986997,99.32998324958125,96.65551839464884,1.220703125e-08
458,0.03296075521701544,0.10889650107576297,99.16247906197655,96.65551839464884,1.220703125e-08
459,0.03142205247003429,0.10808234550930983,99.16247906197655,96.65551839464884,1.220703125e-08
460,0.023665080533380085,0.10900060164689221,99.66499162479062,96.65551839464884,1.220703125e-08
461,0.02741903145883351,0.1087658442930633,99.58123953098827,96.65551839464884,1.220703125e-08
462,0.02715572227148255,0.10750826369709394,99.32998324958125,96.65551839464884,1.220703125e-08
463,0.02971225215973866,0.10835490595038519,99.16247906197655,96.65551839464884,1.220703125e-08
464,0.028153608929072593,0.1084516751377479,99.16247906197655,96.32107023411372,1.220703125e-08
465,0.0251037881614475,0.10918525573999985,99.41373534338358,96.32107023411372,1.220703125e-08
466,0.027934887265502608,0.10871299624094198,99.16247906197655,96.65551839464884,1.220703125e-08
467,0.02904337225559868,0.10924766693625562,99.07872696817421,96.65551839464884,1.220703125e-08
468,0.02642494131353882,0.1087219677242547,99.2462311557789,96.65551839464884,1.220703125e-08
469,0.025477066124404094,0.109813113475723,99.49748743718592,96.65551839464884,1.220703125e-08
470,0.02685172776917816,0.10864883658778308,99.41373534338358,96.65551839464884,1.220703125e-08
471,0.031073914179375623,0.10920533125466328,99.16247906197655,96.65551839464884,1.220703125e-08
472,0.024584894818901217,0.10929637782300596,99.49748743718592,96.65551839464884,1.220703125e-08
473,0.024185141685794744,0.10975377237966229,99.49748743718592,96.65551839464884,1.220703125e-08
474,0.022951246917846814,0.10814299328520545,99.58123953098827,96.65551839464884,1.220703125e-08
475,0.027318740385261612,0.10842564738165575,99.2462311557789,96.65551839464884,1.220703125e-08
476,0.024559812367561475,0.10908273524016042,99.49748743718592,96.32107023411372,1.220703125e-08
477,0.02443539881782366,0.10892574998696512,99.2462311557789,96.32107023411372,1.220703125e-08
478,0.022834413254343384,0.10806284473592222,99.49748743718592,96.32107023411372,1.220703125e-08
479,0.02848138332591584,0.10877788506672534,99.32998324958125,96.32107023411372,1.220703125e-08
480,0.029249914296258433,0.10686702799537907,99.07872696817421,96.32107023411372,1.220703125e-08
481,0.02201321836361284,0.10724401388030785,99.58123953098827,96.65551839464884,1.220703125e-08
482,0.02764483978675438,0.10875124332298802,99.2462311557789,96.65551839464884,1.220703125e-08
483,0.02886243363439887,0.10830590395524749,99.41373534338358,96.65551839464884,1.220703125e-08
484,0.028836594150406333,0.10858263930050426,99.32998324958125,96.65551839464884,1.220703125e-08
485,0.03129316028831542,0.10898739848298372,98.82747068676717,96.65551839464884,1.220703125e-08
486,0.026786862690020445,0.10906911223977306,99.16247906197655,96.65551839464884,1.220703125e-08
487,0.03028971835396797,0.10959539183705148,99.07872696817421,96.65551839464884,1.220703125e-08
488,0.024614062835735393,0.10847934051401241,99.49748743718592,96.65551839464884,1.220703125e-08
489,0.031143537930008555,0.10864081325937673,98.91122278056952,96.65551839464884,1.220703125e-08
490,0.02477428626574863,0.10814866644134091,99.32998324958125,96.65551839464884,1.220703125e-08
491,0.02695144251241681,0.1077939218352471,99.41373534338358,96.65551839464884,1.220703125e-08
492,0.02808428623743193,0.1087475969116624,99.41373534338358,96.32107023411372,1.220703125e-08
493,0.026466399693309363,0.10870049252209057,99.32998324958125,96.65551839464884,1.220703125e-08
494,0.024518725232937227,0.10867433065554769,99.41373534338358,96.65551839464884,1.220703125e-08
495,0.025175892390697646,0.10896345741274364,99.49748743718592,96.32107023411372,1.220703125e-08
496,0.02556817742279876,0.10818655108628066,99.32998324958125,96.65551839464884,1.220703125e-08
497,0.027117439918532046,0.10925702021821686,99.32998324958125,96.32107023411372,1.220703125e-08
498,0.028984273610702112,0.10849113741198112,99.16247906197655,96.65551839464884,1.220703125e-08
499,0.029302297968111644,0.10869190753453152,99.16247906197655,96.65551839464884,1.220703125e-08
500,0.024540204086794925,0.10923452199402461,99.32998324958125,96.32107023411372,1.220703125e-08
501,0.023181265035965536,0.10864813757879678,99.41373534338358,96.65551839464884,1.220703125e-08
502,0.023265580540613413,0.10837886009028923,99.58123953098827,96.65551839464884,1.220703125e-08
503,0.030667035339690334,0.10788317015986379,99.07872696817421,96.65551839464884,1.220703125e-08
504,0.030258433141400864,0.10869161728582653,99.16247906197655,96.65551839464884,1.220703125e-08
505,0.029519398401879785,0.10804342117197936,99.32998324958125,96.65551839464884,1.220703125e-08
506,0.028146135035771222,0.10846341178319525,99.32998324958125,96.65551839464884,1.220703125e-08
507,0.0243248019205216,0.1090822362381479,99.32998324958125,96.65551839464884,1.220703125e-08
508,0.02988887822857654,0.10827818438161575,98.91122278056952,96.32107023411372,1.220703125e-08
509,0.02959070247527792,0.10879318681498834,99.2462311557789,96.32107023411372,1.220703125e-08
510,0.027275544714488377,0.10817825505167346,99.49748743718592,96.65551839464884,1.220703125e-08
511,0.02664445833594755,0.10887341283535877,99.07872696817421,96.32107023411372,1.220703125e-08
512,0.029104696022006535,0.109259297865689,99.07872696817421,96.32107023411372,1.220703125e-08
513,0.029576920590658282,0.10888507517434681,99.16247906197655,96.65551839464884,1.220703125e-08
514,0.02571102571509891,0.10864792085162374,99.49748743718592,96.65551839464884,1.220703125e-08
515,0.025486726987751285,0.1089656439588022,99.32998324958125,96.65551839464884,1.220703125e-08
516,0.027783495537824367,0.10822302176551675,99.49748743718592,96.65551839464884,1.220703125e-08
517,0.025379914578231334,0.1088454031002362,99.41373534338358,96.65551839464884,1.220703125e-08
518,0.02543813587982251,0.10828030767249423,99.41373534338358,96.65551839464884,1.220703125e-08
519,0.031666764998855304,0.10861000252956132,98.99497487437185,96.65551839464884,1.220703125e-08
520,0.030414033295833184,0.10841909523143817,99.16247906197655,96.65551839464884,1.220703125e-08
521,0.023742552378668857,0.10856856962659686,99.58123953098827,96.65551839464884,1.220703125e-08
522,0.02713698119711337,0.10802184556140548,99.41373534338358,96.65551839464884,1.220703125e-08
523,0.030297105043028266,0.10841591085578287,99.16247906197655,96.32107023411372,1.220703125e-08
524,0.024211274712678775,0.10926037265554718,99.49748743718592,96.32107023411372,1.220703125e-08
525,0.028522157988556267,0.10937050133196008,99.41373534338358,96.32107023411372,1.220703125e-08
526,0.027235395523097047,0.10842760694664856,99.2462311557789,96.65551839464884,1.220703125e-08
527,0.028811404888691314,0.10910031061158532,99.16247906197655,96.65551839464884,1.220703125e-08
528,0.028405704627584173,0.10794171218738507,99.16247906197655,96.65551839464884,1.220703125e-08
529,0.02536171236835183,0.1085711355043893,99.49748743718592,96.65551839464884,1.220703125e-08
530,0.023863726396931077,0.10831338286798535,99.49748743718592,96.65551839464884,1.220703125e-08
531,0.02266837797522345,0.10763467607839051,99.66499162479062,96.65551839464884,1.220703125e-08
532,0.02347527812835659,0.10833469591411858,99.32998324958125,96.32107023411372,1.220703125e-08
533,0.025594735839458767,0.10892597321782224,99.41373534338358,96.32107023411372,1.220703125e-08
534,0.02834387845866744,0.10835320823966062,99.49748743718592,96.32107023411372,1.220703125e-08
535,0.03201174100789193,0.10864737902746152,99.07872696817421,96.65551839464884,1.220703125e-08
536,0.026746705300806455,0.10839762323127941,99.49748743718592,96.65551839464884,1.220703125e-08
537,0.03103365186895158,0.10890165469718219,99.07872696817421,96.65551839464884,1.220703125e-08
538,0.03134141281134819,0.10911602559296982,99.16247906197655,96.65551839464884,1.220703125e-08
539,0.029241872781347888,0.10877683649095006,99.07872696817421,96.65551839464884,1.220703125e-08
540,0.021802261621508764,0.10780866482734282,99.66499162479062,96.65551839464884,1.220703125e-08
541,0.02753105043578687,0.1082977394894214,99.2462311557789,96.65551839464884,1.220703125e-08
542,0.030356107351418516,0.10849490150011902,98.91122278056952,96.32107023411372,1.220703125e-08
543,0.02478096245552477,0.10803622806002464,99.32998324958125,96.32107023411372,1.220703125e-08
544,0.024605715391499115,0.10829028302809865,99.32998324958125,96.32107023411372,1.220703125e-08
545,0.032697810493472035,0.10952003560586518,99.2462311557789,96.65551839464884,1.220703125e-08
546,0.026019978107669244,0.10922344207115796,99.41373534338358,96.32107023411372,1.220703125e-08
547,0.030762499182717486,0.10900411006050764,99.07872696817421,96.65551839464884,1.220703125e-08
548,0.023519930489036805,0.10808745680694597,99.49748743718592,96.32107023411372,1.220703125e-08
549,0.02583935552696312,0.1077430972636344,99.41373534338358,96.65551839464884,1.220703125e-08
550,0.02713307237854755,0.1079893255587605,99.2462311557789,96.32107023411372,1.220703125e-08
551,0.02145404855360338,0.10823440068342215,99.58123953098827,96.65551839464884,1.220703125e-08
552,0.027556776619786193,0.10883713460038338,99.32998324958125,96.65551839464884,1.220703125e-08
553,0.02591570027459606,0.10871887706643761,99.41373534338358,96.65551839464884,1.220703125e-08
554,0.029633145267689846,0.10847115441907608,98.99497487437185,96.65551839464884,1.220703125e-08
555,0.022664854418442678,0.10908926441567797,99.58123953098827,96.65551839464884,1.220703125e-08
556,0.02809030983216399,0.10781803404457593,99.41373534338358,96.65551839464884,1.220703125e-08
557,0.030898822580699745,0.10755381760589255,99.16247906197655,96.65551839464884,1.220703125e-08
558,0.03068668444888975,0.10849486215407633,99.2462311557789,96.65551839464884,1.220703125e-08
559,0.01949066951421637,0.10831309401470682,99.74874371859298,96.65551839464884,1.220703125e-08
560,0.026125002458966158,0.10839939977114017,99.58123953098827,96.65551839464884,1.220703125e-08
561,0.027233419035073102,0.10953105883953165,99.49748743718592,96.65551839464884,1.220703125e-08
562,0.02749068225723016,0.10957917396639502,99.32998324958125,96.32107023411372,1.220703125e-08
563,0.027827676011240064,0.10846695202997696,99.2462311557789,96.65551839464884,1.220703125e-08
564,0.024973612278699875,0.10844626333751407,99.41373534338358,96.65551839464884,1.220703125e-08
565,0.032365390497386154,0.10867203297373842,99.16247906197655,96.32107023411372,1.220703125e-08
566,0.028448515230012898,0.10849499478188646,99.2462311557789,96.65551839464884,1.220703125e-08
567,0.03263008856593664,0.10841110060894768,99.07872696817421,96.65551839464884,1.220703125e-08
568,0.025159231594559336,0.10916830528290775,99.2462311557789,96.65551839464884,1.220703125e-08
569,0.02915595124914019,0.1087419586038111,98.99497487437185,96.65551839464884,1.220703125e-08
570,0.02805933958134759,0.10887217681144791,99.16247906197655,96.65551839464884,1.220703125e-08
571,0.026810483604519812,0.1085509179054096,99.32998324958125,96.65551839464884,1.220703125e-08
572,0.027197938477948082,0.10805744049840149,99.32998324958125,96.65551839464884,1.220703125e-08
573,0.03072179586219428,0.1077700746323552,99.2462311557789,96.65551839464884,1.220703125e-08
574,0.03014496921357298,0.10915844009123916,99.2462311557789,96.65551839464884,1.220703125e-08
575,0.02607478441317976,0.10899009328821431,99.58123953098827,96.65551839464884,1.220703125e-08
576,0.028537377262709527,0.1087699804990786,99.41373534338358,96.65551839464884,1.220703125e-08
577,0.034266447364485246,0.10950346553953595,98.74371859296483,96.32107023411372,1.220703125e-08
578,0.023437648949211767,0.1090553634142796,99.49748743718592,96.65551839464884,1.220703125e-08
579,0.02438866349726516,0.10860517427923289,99.58123953098827,96.65551839464884,1.220703125e-08
580,0.026166898376266262,0.10921213228915846,99.41373534338358,96.65551839464884,1.220703125e-08
581,0.025935563793908212,0.10867524610514624,99.2462311557789,96.65551839464884,1.220703125e-08
582,0.0262430930756644,0.1090428893856181,99.2462311557789,96.32107023411372,1.220703125e-08
583,0.02838916927139264,0.10835491129536692,99.16247906197655,96.65551839464884,1.220703125e-08
584,0.02943654987380732,0.10826253658004828,99.41373534338358,96.65551839464884,1.220703125e-08
585,0.027816908115792516,0.10878638778641869,99.07872696817421,96.65551839464884,1.220703125e-08
586,0.026123597603322474,0.10815966812065214,99.32998324958125,96.65551839464884,1.220703125e-08
587,0.027236616435512225,0.1084741143428761,99.41373534338358,96.65551839464884,1.220703125e-08
588,0.023575640054204355,0.10834036779941922,99.49748743718592,96.65551839464884,1.220703125e-08
589,0.026921553902290573,0.10894831213913235,99.41373534338358,96.65551839464884,1.220703125e-08
590,0.03161010144581048,0.10868624638903102,99.07872696817421,96.65551839464884,1.220703125e-08
591,0.0298881561961805,0.10924747551364644,99.2462311557789,96.65551839464884,1.220703125e-08
592,0.02945338729675391,0.10864503821202345,99.16247906197655,96.65551839464884,1.220703125e-08
593,0.023738128727479796,0.10818393249376163,99.58123953098827,96.32107023411372,1.220703125e-08
594,0.02748393682978261,0.10888101369840246,99.41373534338358,96.32107023411372,1.220703125e-08
595,0.029314570253718038,0.10914369037119441,99.16247906197655,96.65551839464884,1.220703125e-08
596,0.02807985185029319,0.10890824966954946,99.2462311557789,96.65551839464884,1.220703125e-08
597,0.03316655800595156,0.1089214690552906,99.07872696817421,96.32107023411372,1.220703125e-08
598,0.027180738609839526,0.10882413663892045,99.32998324958125,96.32107023411372,1.220703125e-08
599,0.027066735223160318,0.10896515035160807,99.2462311557789,96.32107023411372,1.220703125e-08
600,0.023997531236590854,0.10949956462484937,99.32998324958125,96.32107023411372,1.220703125e-08
601,0.026270337697661402,0.10919027481489756,99.2462311557789,96.65551839464884,1.220703125e-08
602,0.027949082055183712,0.10919074700478726,99.41373534338358,96.32107023411372,1.220703125e-08
603,0.02395823193086901,0.10912633740832176,99.49748743718592,96.32107023411372,1.220703125e-08
604,0.02786186458527343,0.10898312378089164,99.2462311557789,96.65551839464884,1.220703125e-08
605,0.034313392536823875,0.10866558194210298,99.07872696817421,96.65551839464884,1.220703125e-08
606,0.027968299362989425,0.10891570676628962,99.32998324958125,96.65551839464884,1.220703125e-08
607,0.027959498547179815,0.10923356621410935,99.16247906197655,96.65551839464884,1.220703125e-08
608,0.027099495315284685,0.10769400079064943,99.16247906197655,96.32107023411372,1.220703125e-08
609,0.024010920129604076,0.10810197479898316,99.49748743718592,96.65551839464884,1.220703125e-08
610,0.025532991349247833,0.10929259635433305,99.07872696817421,96.32107023411372,1.220703125e-08
611,0.02663039826043886,0.10933759148204605,99.49748743718592,96.32107023411372,1.220703125e-08
612,0.028070523461305116,0.10999712086341852,98.99497487437185,96.32107023411372,1.220703125e-08
613,0.022758067457607542,0.11023485302974946,99.32998324958125,96.65551839464884,1.220703125e-08
614,0.02655437652963889,0.10897853703901521,99.32998324958125,96.32107023411372,1.220703125e-08
615,0.0245946473075417,0.10932104414123356,99.58123953098827,96.32107023411372,1.220703125e-08
616,0.0283020386687625,0.10842963514918069,99.16247906197655,96.65551839464884,1.220703125e-08
617,0.027420885953155207,0.10850018630408523,99.2462311557789,96.65551839464884,1.220703125e-08
618,0.03127166561445399,0.10926017292267502,99.2462311557789,96.32107023411372,1.220703125e-08
619,0.021451103667942322,0.10842762584720168,99.66499162479062,96.65551839464884,1.220703125e-08
620,0.02475983158402906,0.10857509216137953,99.58123953098827,96.65551839464884,1.220703125e-08
621,0.03240411958526165,0.10800881216607763,98.99497487437185,96.65551839464884,1.220703125e-08
622,0.030638450840909277,0.10963219299563597,98.91122278056952,96.65551839464884,1.220703125e-08
623,0.029014446356113832,0.10788683999441938,99.16247906197655,96.65551839464884,1.220703125e-08
624,0.024924218979113465,0.10933023392157411,99.16247906197655,96.65551839464884,1.220703125e-08
625,0.030459743941599,0.10875265315224893,99.2462311557789,96.65551839464884,1.220703125e-08
626,0.022629040142855102,0.1086134542415174,99.66499162479062,96.65551839464884,1.220703125e-08
627,0.022801176373420946,0.10908856612932323,99.66499162479062,96.65551839464884,1.220703125e-08
628,0.02689023122153989,0.10883453039819979,99.16247906197655,96.65551839464884,1.220703125e-08
629,0.027491807351060448,0.10808000037054154,99.16247906197655,96.32107023411372,1.220703125e-08
630,0.026830933594973242,0.1082357230244273,99.41373534338358,96.65551839464884,1.220703125e-08
631,0.026415888210711766,0.10847765204798816,99.41373534338358,96.32107023411372,1.220703125e-08
632,0.024285708022127598,0.1084892672041188,99.58123953098827,96.32107023411372,1.220703125e-08
633,0.02611093241814992,0.10857185732610648,99.49748743718592,96.32107023411372,1.220703125e-08
634,0.022281375212885028,0.10873259895521661,99.41373534338358,96.65551839464884,1.220703125e-08
635,0.029092965563338007,0.1086683669766056,99.32998324958125,96.65551839464884,1.220703125e-08
636,0.027327546590886122,0.1082429868421427,99.16247906197655,96.65551839464884,1.220703125e-08
637,0.028980345070561773,0.10909211031320103,99.41373534338358,96.65551839464884,1.220703125e-08
638,0.023595574165271655,0.1074724627478067,99.74874371859298,96.32107023411372,1.220703125e-08
639,0.028758092522870756,0.10843320461270403,99.16247906197655,96.32107023411372,1.220703125e-08
640,0.029432921684417294,0.10895864483604463,99.16247906197655,96.32107023411372,1.220703125e-08
641,0.027315201501438464,0.10868140129391167,99.41373534338358,96.32107023411372,1.220703125e-08
642,0.02794810331471801,0.10786761972666983,99.32998324958125,96.32107023411372,1.220703125e-08
643,0.0264722175983528,0.10721189843920562,99.07872696817421,96.32107023411372,1.220703125e-08
644,0.025037666194615154,0.10755250763683813,99.49748743718592,96.65551839464884,1.220703125e-08
645,0.029719138163854828,0.10772448409361185,99.32998324958125,96.65551839464884,1.220703125e-08
646,0.027492855698918576,0.10822407714399605,99.41373534338358,96.65551839464884,1.220703125e-08
647,0.026249484478853256,0.10803058535408815,99.41373534338358,96.65551839464884,1.220703125e-08
648,0.026140355696929757,0.10949764070552727,99.49748743718592,96.65551839464884,1.220703125e-08
649,0.024979316304988498,0.10861845634703253,99.41373534338358,96.65551839464884,1.220703125e-08
650,0.03160285852362762,0.10917372144384926,99.07872696817421,96.65551839464884,1.220703125e-08
651,0.024374761362833095,0.108361499527326,99.49748743718592,96.65551839464884,1.220703125e-08
652,0.025732882096240268,0.10842104764487033,99.41373534338358,96.65551839464884,1.220703125e-08
653,0.026580565320437077,0.1075602752284262,99.2462311557789,96.65551839464884,1.220703125e-08
654,0.026635708519798927,0.10749145360495334,99.49748743718592,96.98996655518395,1.220703125e-08
655,0.029653391973981306,0.10664106952805184,99.07872696817421,96.65551839464884,1.220703125e-08
656,0.027768866219862024,0.1084955486914386,99.32998324958125,96.32107023411372,1.220703125e-08
657,0.028577386462433855,0.10903278178843766,99.16247906197655,96.65551839464884,1.220703125e-08
658,0.025380673507849377,0.10884278169194592,99.41373534338358,96.65551839464884,1.220703125e-08
659,0.02908608555431841,0.10927651583351021,99.07872696817421,96.32107023411372,1.220703125e-08
660,0.025151261328945757,0.10875909609788637,99.49748743718592,96.32107023411372,1.220703125e-08
661,0.028692165399017047,0.10803713599674677,99.16247906197655,96.65551839464884,1.220703125e-08
662,0.027754571001783288,0.10890785660781589,99.41373534338358,96.65551839464884,1.220703125e-08
663,0.026385815823497485,0.10887232600994733,99.32998324958125,96.65551839464884,1.220703125e-08
664,0.02639041545565304,0.108893524531437,99.07872696817421,96.65551839464884,1.220703125e-08
665,0.02810514681166041,0.10849528349811417,99.2462311557789,96.32107023411372,1.220703125e-08
666,0.030320279893014498,0.10872835067901324,98.82747068676717,96.65551839464884,1.220703125e-08
667,0.024752933603759786,0.10877310498352832,99.58123953098827,96.32107023411372,1.220703125e-08
668,0.03151174219109904,0.10915619691827624,99.32998324958125,96.32107023411372,1.220703125e-08
669,0.02407501142478269,0.10903524238628687,99.41373534338358,96.65551839464884,1.220703125e-08
670,0.023338573006679065,0.10946273550789891,99.58123953098827,96.32107023411372,1.220703125e-08
671,0.028334290359381405,0.10842114227222759,98.99497487437185,96.65551839464884,1.220703125e-08
672,0.023814364419111254,0.1084973399331139,99.32998324958125,96.65551839464884,1.220703125e-08
673,0.028513849892308762,0.10892676270526389,99.07872696817421,96.65551839464884,1.220703125e-08
674,0.025429944028856368,0.10905238224760345,99.58123953098827,96.32107023411372,1.220703125e-08
675,0.025848006763319224,0.10817118625726588,99.49748743718592,96.65551839464884,1.220703125e-08
676,0.024621586148413383,0.10826213456017517,99.32998324958125,96.65551839464884,1.220703125e-08
677,0.030091004779989796,0.10912996324956617,99.2462311557789,96.65551839464884,1.220703125e-08
678,0.02952022522288551,0.10869451371772233,99.32998324958125,96.65551839464884,1.220703125e-08
679,0.024948514523717828,0.10943407032103045,99.41373534338358,96.65551839464884,1.220703125e-08
680,0.028835397628658582,0.10862056231967183,98.99497487437185,96.65551839464884,1.220703125e-08
681,0.023798838962911562,0.10909027983761552,99.66499162479062,96.65551839464884,1.220703125e-08
682,0.024449047891476148,0.10776705735901924,99.41373534338358,96.65551839464884,1.220703125e-08
683,0.0300253915726839,0.10859226398045403,99.07872696817421,96.65551839464884,1.220703125e-08
684,0.024868399329121587,0.1091923035407146,99.41373534338358,96.65551839464884,1.220703125e-08
685,0.02726162537632875,0.1095193303797556,99.32998324958125,96.65551839464884,1.220703125e-08
686,0.027048189196130338,0.10913001676167931,99.58123953098827,96.65551839464884,1.220703125e-08
687,0.02836056914760839,0.10941565776848075,99.49748743718592,96.65551839464884,1.220703125e-08
688,0.029030559019776844,0.1094389390013489,99.2462311557789,96.65551839464884,1.220703125e-08
689,0.029818425650772338,0.10803630186811737,98.91122278056952,96.65551839464884,1.220703125e-08
690,0.02559079871305469,0.10844469793066133,99.66499162479062,96.65551839464884,1.220703125e-08
691,0.027977541338658613,0.10835053858948392,99.32998324958125,96.65551839464884,1.220703125e-08
692,0.027289324616342533,0.10836258053430746,99.32998324958125,96.65551839464884,1.220703125e-08
693,0.02888983040673649,0.10830341790332443,99.2462311557789,96.32107023411372,1.220703125e-08
694,0.03043492172081866,0.1086463895330461,99.16247906197655,96.32107023411372,1.220703125e-08
695,0.023367004337996693,0.10845748970540471,99.58123953098827,96.32107023411372,1.220703125e-08
696,0.02652201897946734,0.10828922497089889,99.2462311557789,96.65551839464884,1.220703125e-08
697,0.029066711876360417,0.10861468063449381,99.16247906197655,96.65551839464884,1.220703125e-08
698,0.026118529345871416,0.10885052244649285,99.32998324958125,96.65551839464884,1.220703125e-08
699,0.026871657563713527,0.10869522864952136,99.41373534338358,96.65551839464884,1.220703125e-08
700,0.026703536928548686,0.10875214227665228,99.07872696817421,96.65551839464884,1.220703125e-08
701,0.027153521564038753,0.10839856275198452,99.41373534338358,96.65551839464884,1.220703125e-08
702,0.02725513071177443,0.10835023722720385,99.41373534338358,96.32107023411372,1.220703125e-08
703,0.0234209844433832,0.10834401690192445,99.49748743718592,96.32107023411372,1.220703125e-08
704,0.02531818586590402,0.1097302476324166,99.32998324958125,96.65551839464884,1.220703125e-08
705,0.030534737055475387,0.10942871842446136,99.16247906197655,96.65551839464884,1.220703125e-08
706,0.026068655078235383,0.10898063870078345,99.41373534338358,96.65551839464884,1.220703125e-08
707,0.03267571154726011,0.10858323919683396,98.99497487437185,96.32107023411372,1.220703125e-08
708,0.026371789699922654,0.10746476399310456,99.41373534338358,96.65551839464884,1.220703125e-08
709,0.025045223761867838,0.10788713785567411,99.49748743718592,96.65551839464884,1.220703125e-08
710,0.025405044241541594,0.1084384193338678,99.49748743718592,96.32107023411372,1.220703125e-08
711,0.027457807131947783,0.10836921870259936,99.32998324958125,96.65551839464884,1.220703125e-08
712,0.0275081507409213,0.10831686570293529,99.16247906197655,96.65551839464884,1.220703125e-08
713,0.035282208202047964,0.10840063822458819,98.91122278056952,96.65551839464884,1.220703125e-08
714,0.02417479469238077,0.10863635426131778,99.58123953098827,96.65551839464884,1.220703125e-08
715,0.02665156418367147,0.10789172771234178,99.2462311557789,96.65551839464884,1.220703125e-08
716,0.028844530411825907,0.10733712947986597,99.16247906197655,96.65551839464884,1.220703125e-08
717,0.020457590243761963,0.10853759725157633,99.49748743718592,96.65551839464884,1.220703125e-08
718,0.028465964614571238,0.10883951600778063,99.2462311557789,96.32107023411372,1.220703125e-08
719,0.025563429913154398,0.10901765859246652,99.32998324958125,96.65551839464884,1.220703125e-08
720,0.024818835742584425,0.10885934375949129,99.32998324958125,96.65551839464884,1.220703125e-08
721,0.026373864330937913,0.10887828094255565,99.32998324958125,96.65551839464884,1.220703125e-08
722,0.03334545097789623,0.10823200862343893,98.91122278056952,96.65551839464884,1.220703125e-08
723,0.025240296550981162,0.10794048589408198,99.49748743718592,96.65551839464884,1.220703125e-08
724,0.02682992151721538,0.10841214684239997,99.41373534338358,96.65551839464884,1.220703125e-08
725,0.025180815764308175,0.10876882222035657,99.32998324958125,96.65551839464884,1.220703125e-08
726,0.027599846529251765,0.10864969807673856,99.32998324958125,96.32107023411372,1.220703125e-08
727,0.021451357073482856,0.10927347281953961,99.49748743718592,96.32107023411372,1.220703125e-08
728,0.025650637820238246,0.10884791721019857,99.2462311557789,96.32107023411372,1.220703125e-08
729,0.030077943512842285,0.10903175882870537,98.91122278056952,96.65551839464884,1.220703125e-08
730,0.029079212750958736,0.10849448414301394,99.07872696817421,96.65551839464884,1.220703125e-08
731,0.02520244675914646,0.10791291386188073,99.32998324958125,96.65551839464884,1.220703125e-08
732,0.03286637884051456,0.10830680270956511,99.16247906197655,96.65551839464884,1.220703125e-08
733,0.02338165920882968,0.10876535635478919,99.58123953098827,96.65551839464884,1.220703125e-08
734,0.02675251916387872,0.10903866813334334,99.16247906197655,96.65551839464884,1.220703125e-08
735,0.030439391264214587,0.10789551757849179,99.16247906197655,96.65551839464884,1.220703125e-08
736,0.030094635933388018,0.1095275240000275,99.32998324958125,96.32107023411372,1.220703125e-08
737,0.02904691300362698,0.10887728661398426,99.2462311557789,96.65551839464884,1.220703125e-08
738,0.025872778019538675,0.10772099120411585,99.41373534338358,96.65551839464884,1.220703125e-08
739,0.029701637462954626,0.10887199336270424,99.07872696817421,96.65551839464884,1.220703125e-08
740,0.02437639826755827,0.10806365022093158,99.16247906197655,96.65551839464884,1.220703125e-08
741,0.026430193041537077,0.1077230208892886,99.32998324958125,96.65551839464884,1.220703125e-08
742,0.026478731839401238,0.10746155436272206,99.32998324958125,96.65551839464884,1.220703125e-08
743,0.028777601833843706,0.10776357287945955,99.32998324958125,96.65551839464884,1.220703125e-08
744,0.025949670042424544,0.10772907873459883,99.41373534338358,96.65551839464884,1.220703125e-08
745,0.02647119575808795,0.10782828119686216,99.41373534338358,96.65551839464884,1.220703125e-08
746,0.026914378362933995,0.10728060211176457,99.58123953098827,96.65551839464884,1.220703125e-08
747,0.022047325506981096,0.10872023378227866,99.49748743718592,96.65551839464884,1.220703125e-08
748,0.03163175941312333,0.10879272377012565,98.99497487437185,96.65551839464884,1.220703125e-08
749,0.028691021014173427,0.10906077680928651,98.99497487437185,96.65551839464884,1.220703125e-08
750,0.022467923205551788,0.10842219730185026,99.66499162479062,96.65551839464884,1.220703125e-08
