epoch,train_mae,val_mae,train_r2,val_r2,num_tracts
1,5.783393618798935,8.082834496047584,-3.059823825955391,-4.878473470608394,48
2,3.4369659742069003,5.699150649434082,-0.44181077927351,-2.4452548821767173,48
3,2.8120817579433015,3.85406995417681,-0.08346687008937197,-0.915773739417394,48
4,2.680255584997015,3.540989938404914,0.044887833297252634,-0.6400656675299009,48
5,2.618652486588155,3.374922819792759,0.08561604718367255,-0.5023029011984667,48
6,2.592820858465334,3.874231519208704,0.0993232429027557,-0.9264084560175737,48
7,2.543705457394047,4.482702099650666,0.1222532565395037,-1.471051146586736,48
8,2.5425429382948557,4.050462114256096,0.13001415133476255,-1.0815535485744476,48
9,2.5257138865186075,3.4195444939228206,0.1407703335086504,-0.46361038958032924,48
10,2.492951148489645,4.806367146056831,0.15614077200492218,-2.5936237014830112,48
11,2.5003229399289184,6.7403150839334485,0.15829114367564515,-6.787437031666438,48
12,2.479710299731765,8.182267276048993,0.16819023589293158,-10.425780127445856,48
13,2.468550532428097,10.75411105588693,0.17372909064094222,-21.192114401608706,48
14,2.464857858055001,14.392176538207458,0.17377528051535285,-42.449096304674946,48
15,2.4539027436028507,11.949423779130248,0.17708408087491986,-23.19755054389437,48
16,2.444995804152663,10.59296798989293,0.19055664290984467,-17.795679459969204,48
17,2.4176479779154745,12.296814103074032,0.1995679711302121,-34.670046941687666,48
18,2.4194930141603463,10.908043936833558,0.20070432374874747,-23.19590877617399,48
19,2.42046668070162,12.032054275996908,0.20254126812020934,-30.705858794351418,48
20,2.4053940989954854,10.827103704255627,0.2080266637106736,-26.92023237173756,48
21,2.3846789504864705,10.713303040625858,0.2166345392664273,-25.414766862988472,48
22,2.379175233739438,11.771521339988297,0.22124720364809033,-36.89555363729596,48
23,2.366102036440226,8.477405367221854,0.22800945366422332,-11.253877274692059,48
24,2.371311060614189,7.505884560038946,0.21840884784857428,-8.512955052157244,48
25,2.361067892730835,6.9761525991569,0.23449763034780816,-8.537886949876944,48
26,2.362084807504628,6.754104071312326,0.2293358966708183,-6.790504566083352,48
27,2.345769262668276,6.413809250778577,0.24345378205180165,-6.228013524164756,48
28,2.3351817735741753,6.230409370600313,0.24305648977557814,-5.422366154690583,48
29,2.328236427122757,5.993096785601167,0.2514336121579011,-5.787563352535169,48
30,2.3214529077270254,5.525451886223643,0.24708565821250275,-3.840656698991855,48
31,2.316089732812677,5.330858633918906,0.25629794845978415,-3.420844230800867,48
32,2.3118155209554567,5.141260427791405,0.2610063552856445,-4.251105445126693,48
33,2.3149692340437293,4.890296390373571,0.25195478151241935,-3.152184241761764,48
34,2.299585478477043,4.5216768070756395,0.25961637124419207,-2.192683160305023,48
35,2.3022222730083084,3.8903001510063677,0.26221904779473937,-0.9338956760863463,48
36,2.295880435158393,4.31400752135676,0.26401354496677715,-1.9496184488137562,48
37,2.28923699992752,4.678199578520978,0.26464618121584255,-2.6661011713246503,48
38,2.2888516419380487,4.361728954773683,0.2690580561757087,-1.7499577266474564,48
39,2.284263991518336,4.017152213698114,0.26736641178528464,-1.2048088995118935,48
40,2.266760965708346,3.814046716635243,0.2806246628363927,-1.0964611967404683,48
41,2.2640652291389367,4.164017967331569,0.27699878811836237,-1.3667079942921798,48
42,2.26249649337405,3.9926440571761845,0.2771797987322012,-1.0894554257392883,48
43,2.2558905626519774,4.145720278970906,0.2810924872756004,-1.5218582252661388,48
44,2.2610675220230583,4.182627621219974,0.28305577362577117,-1.8949844564000766,48
45,2.244281710142666,3.8632350540081397,0.2882409828404585,-1.1717981944481533,48
46,2.2472196186573927,3.669623379764815,0.2873577152689298,-0.82162003343304,48
47,2.2550268702454437,3.504332257918557,0.2826998680830001,-0.6855462044477463,48
48,2.2440362297402023,3.8169922745862404,0.2926026346782843,-1.3983545651038487,48
49,2.233786506776967,3.4755476113230226,0.29602804780006403,-0.5489338152110577,48
50,2.2288299951554675,3.388401714987314,0.30092264836033183,-0.46429341038068134,48
51,2.2275420815368263,3.456506382952233,0.2955158576369285,-0.5163562732438246,48
52,2.230318517129325,3.5994305332402057,0.29627759133776027,-0.9040054095288118,48
53,2.2180158224420663,3.4164188009257965,0.30562086279193557,-0.5793014417092005,48
54,2.2226143383583765,3.2027265977367776,0.30363391960660613,-0.30434658750891685,48
55,2.227127889721404,3.1631867652437093,0.29862511530518526,-0.26697276656826335,48
56,2.220259397389967,3.3168516708589846,0.301064271479845,-0.3974004363020261,48
57,2.2228022265382683,3.2157520180528643,0.30081405987342197,-0.3317485886315505,48
58,2.2126777458838216,3.166360317813513,0.302879070242246,-0.29223007957140607,48
59,2.209254538040298,3.460929944770724,0.30506839479009307,-0.5735642078022162,48
60,2.21074728274199,3.298063822738502,0.30490499734878534,-0.3609478486080964,48
61,2.215102048055178,3.302508528391055,0.3054776526987552,-0.3888511011997859,48
62,2.1977927822189116,3.3753757967697737,0.3113746158778667,-0.4487625372906526,48
63,2.200351604926626,3.1674968539970774,0.31319046889742214,-0.2860538102686405,48
64,2.1991049086478487,3.3241280980549397,0.3137949543694655,-0.4370957848926385,48
65,2.201502001199025,3.1475913592820848,0.31181331848104793,-0.2565532798568408,48
66,2.1967367596138065,3.111619175975538,0.31341111163298285,-0.25200226530432707,48
67,2.1972508946779983,3.2654107395090253,0.3141274464627107,-0.38361430168151855,48
68,2.1931055887809747,3.304893653860592,0.3162548666199048,-0.4207483058174451,48
69,2.192612212161689,3.1739533196806646,0.3160938943425814,-0.29133347421884537,48
70,2.1995277486570983,3.1950647589919825,0.31347165008385974,-0.30606768156091374,48
71,2.1995189702008306,3.2797370795970378,0.31333799163500464,-0.3830016776919365,48
72,2.1789236575248587,3.163440726132629,0.3221278091271718,-0.2812516887982686,48
73,2.1902595265975946,3.363198364334162,0.31672417496641475,-0.5444501514236132,48
74,2.1956731694153007,3.3394192882554985,0.3125025058786074,-0.45461322739720345,48
75,2.187826502883088,3.199137830506665,0.3171648830175399,-0.32681723559896153,48
76,2.189773317723884,3.199292226820154,0.3187396464248498,-0.3379068076610565,48
77,2.186176473600348,3.237036890525749,0.31785693143804866,-0.35477621853351593,48
78,2.1917033997712223,3.12362454272599,0.31493187074859935,-0.2604371954997381,48
79,2.1781404392761536,3.0263843669108588,0.32136114190022147,-0.1758235593636831,48
80,2.174011132359039,3.005274632162806,0.3247843471666177,-0.1564704515039921,48
81,2.1852069430090677,3.024387019060328,0.3198018297553062,-0.18352312843004867,48
82,2.182430406232608,3.043552128542028,0.31998915846149123,-0.1926621583600839,48
83,2.1800888930283597,2.9498366243481104,0.32191213717063266,-0.10907755543788276,48
84,2.190199840795155,2.85545183939147,0.31491473689675326,-0.04733310391505561,48
85,2.179684907655554,2.934453838154956,0.3242898198465506,-0.11795691276590031,48
86,2.1775567842546555,3.0725198184350795,0.3210530541837215,-0.22738617658615112,48
87,2.183512803897187,3.1307308274500874,0.3206604532897472,-0.28231950973471004,48
88,2.1756056877012226,3.127047226729999,0.32409273833036417,-0.304333221167326,48
89,2.17208597334835,2.965909209364035,0.326455100129048,-0.13358008737365407,48
90,2.182264457479128,3.0086179098141366,0.3190996746222178,-0.17046546439329782,48
91,2.1735518551085797,2.982309046788027,0.32302051037549967,-0.15299087141950926,48
92,2.176529631214159,2.8749860209997418,0.3226645675798257,-0.0623723715543747,48
93,2.1862197095150724,2.858635331260055,0.31851187596718467,-0.045657889296611166,48
94,2.172737451816224,2.9106387805314102,0.32654084265232086,-0.092931321511666,48
95,2.1877967242561263,2.90003432697277,0.31895492846767104,-0.08172094573577247,48
96,2.1802990040146457,2.9136806324772215,0.32357853899399436,-0.10486201196908952,48
97,2.176701434243664,2.8589872842781254,0.3215354258815447,-0.05941900735100112,48
98,2.1800687733948196,2.761718528625558,0.31896194443106646,0.020294579366842886,48
99,2.170936150658337,2.73556557629951,0.32672191783785814,0.04626519729693731,48
100,2.187004101627503,2.6773793115015807,0.3191248426834742,0.09495802223682402,48
101,2.1718005772944204,2.7747003286744705,0.3257410389681657,0.0155760198831558,48
102,2.1788740363252823,2.7287506587811667,0.32471235344807303,0.05858342101176578,48
103,2.1753378410426882,2.741488253857646,0.3223049578567346,0.04122827450434364,48
104,2.1764863814798763,2.714665209411445,0.32332512984673184,0.06479449694355327,48
105,2.177329115715192,2.68492502682617,0.3242617920041084,0.09076684340834613,48
106,2.1764298610468273,2.701554115217931,0.3253688539067904,0.07557394603888191,48
107,2.172475693750521,2.7110876723907995,0.3246392744282881,0.06525918965538341,48
108,2.174469935364027,2.7095060288789816,0.3255455444256464,0.06828052923083303,48
109,2.185318736375077,2.6713996353821874,0.3174067176878452,0.10450297097365059,48
110,2.1863328348959645,2.650839981792231,0.3170099208752314,0.11244506264726317,48
111,2.177749017649759,2.6696875597471776,0.32290912295381224,0.10221937298774715,48
112,2.1808537908734587,2.64453689026394,0.32187200337648386,0.12507871538400647,48
113,2.179432441092017,2.6585916677114025,0.32221209506193793,0.11192248264948525,48
114,2.1748316614929686,2.638038528919087,0.3229596639672915,0.12737878039479253,48
115,2.1849767543595973,2.589383540411325,0.3188605594138304,0.15890477473537123,48
116,2.1769856235780973,2.5803388363807365,0.3222265094518661,0.167937741925319,48
117,2.173593014724124,2.617301363228024,0.32513663669427234,0.14760300144553182,48
118,2.1785597262487006,2.624477798549029,0.32212993875145907,0.14132941762606302,48
119,2.171211149254403,2.5762488929390774,0.3255784834424654,0.17654351145029065,48
120,2.1723529794016807,2.560866283965084,0.32351559773087496,0.18597897638877228,48
121,2.1764950528865685,2.540040141197883,0.3227729188899199,0.19920800377925232,48
122,2.17153742028341,2.5399754874516227,0.3240413243571917,0.20022956778605774,48
123,2.1568872103689105,2.5520970050656673,0.3327738928298155,0.19271647309263543,48
124,2.171666054432616,2.548844092590952,0.32547235364715255,0.1921766474843025,48
125,2.1776919030006674,2.5624025805023734,0.3236109067996343,0.18159022927284238,48
126,2.1802103710758627,2.577426012119521,0.3220446519553661,0.17361872270703313,48
127,2.1713461242345775,2.5882647976096522,0.32534211128950113,0.1667482256889343,48
128,2.171414088921664,2.5547920038784495,0.32392486433188117,0.1901696088413397,48
129,2.170377981269213,2.548027293463814,0.3263532829781373,0.1942346555491288,48
130,2.174236502413108,2.5812738979175074,0.3248025265832742,0.17009936148921645,48
131,2.179286168044769,2.533857853499676,0.32199185093243915,0.2070757759114106,48
132,2.1744613494746914,2.519750819091946,0.32265194008747733,0.21979448199272153,48
133,2.1688379409142144,2.530211843367471,0.3269138174752394,0.2094113379716873,48
134,2.172752131689766,2.5109659690771218,0.323159875969092,0.22144672398765877,48
135,2.1767201576525443,2.513852418166738,0.3232618781427542,0.2209842875599861,48
136,2.177128930844986,2.5304350397293116,0.32285223528742785,0.20566953967014945,48
137,2.1703786890618897,2.5661328065820626,0.32577379917105037,0.17867944389581678,48
138,2.178085180079551,2.5261135692298082,0.32076466704408324,0.2127800124386946,48
139,2.177358056940159,2.515599397778378,0.3244498595595359,0.21934247886141137,48
140,2.1718333505847016,2.5396704451329466,0.3267329509059588,0.19907891626159346,48
141,2.1679366540344716,2.54809506145309,0.32893472164869303,0.19563555593291915,48
142,2.1764512507360383,2.5758838264423205,0.3224776188532511,0.17354827746748921,48
143,2.181657414282254,2.566336132112554,0.3195089995861053,0.18029580513636267,48
144,2.177958656865781,2.5705923396458594,0.3229564217229684,0.17606539775927857,48
145,2.177361523531822,2.530263094939582,0.3225851158301035,0.20785729587078092,48
146,2.1722022036245456,2.505834451478926,0.3262777738273143,0.22973472749193505,48
147,2.1745334365875744,2.513297099557808,0.32091668744881946,0.2275659988323847,48
148,2.1774917716406894,2.504637702128361,0.32123982657988864,0.22756559898455933,48
149,2.17566603457109,2.517151679091961,0.32532830908894533,0.21590790649255112,48
150,2.1763458605512502,2.521551575283276,0.3227153656383355,0.21246812120079991,48
151,2.164409035909349,2.5048946869396578,0.3287490457296371,0.22444155191381768,48
152,2.1663818369192627,2.5057146859956423,0.32779074460268015,0.22740379348397252,48
153,2.1769429138923475,2.508765246723275,0.32320649301012355,0.22666817655165986,48
154,2.1699525414150167,2.4980877896681544,0.32569290449221927,0.23294928669929502,48
155,2.179941550200875,2.498735075843507,0.3202813218037287,0.23106607918937996,48
156,2.1736307666953683,2.5056345227237795,0.32595234488447505,0.22582592690984404,48
157,2.1769281768519275,2.502087368473095,0.32085518787304557,0.228882556160291,48
158,2.1741320732284164,2.4980329372395773,0.3250793976088365,0.23202926789720849,48
159,2.1732407704137144,2.498415644269192,0.3261953902741273,0.23233718425035474,48
160,2.1695089817779283,2.4991384131237946,0.3261554675797621,0.23239501068989432,48
161,2.1780786941057806,2.4972085967460607,0.32341312244534487,0.2338121893505255,48
162,2.175104307490211,2.5007556979290086,0.32498336086670554,0.22973485663533208,48
163,2.179635240716651,2.50646240407873,0.3214543412129084,0.22538281232118604,48
164,2.179634740092547,2.4951144737776043,0.3232590096692244,0.2352753082911173,48
165,2.1704953416250126,2.4965537184955284,0.3242960957189401,0.23425135388970372,48
166,2.177437940513635,2.4952933680403193,0.3205455380181471,0.23549559215704596,48
167,2.1680758235958417,2.497701042272574,0.32859796285629267,0.23429009318351743,48
168,2.178997095526596,2.496189237479847,0.32057716573278106,0.2351490147411823,48
169,2.1762047810453997,2.496423423315171,0.32296957572301227,0.2330737027029196,48
170,2.1842342679690945,2.4954335977185265,0.31837143500645954,0.23362028971314427,48
171,2.1726010113763183,2.4938205336630674,0.3260450412829717,0.23620330293973282,48
172,2.173024507148981,2.495529155426533,0.3243541655441125,0.23533035566409424,48
173,2.1663929267028803,2.495879282113767,0.3296385270853837,0.23418231680989263,48
174,2.169633175892779,2.495183642010891,0.3257042318582534,0.23503193631768224,48
175,2.176764231489265,2.4948635177485388,0.322135679423809,0.23697552705804503,48
176,2.17044339576525,2.494261726346635,0.3258854461212953,0.23682215685645736,48
177,2.174479384489029,2.4945866091461353,0.3234500860174497,0.23608813434839246,48
178,2.170698951320366,2.495299798298374,0.32790399466951686,0.23550538967053092,48
179,2.17289711908962,2.495080967785722,0.32497461885213846,0.23504044115543363,48
180,2.168658944725624,2.4957634051275357,0.32463556528091425,0.2341925961275895,48
181,2.1656386689524756,2.495226053174257,0.327872975418965,0.23511397590239838,48
182,2.1682422012506684,2.4942716104014795,0.32803685963153834,0.23539504284660018,48
183,2.167205303803394,2.494227648520616,0.32556927949190134,0.236015028009812,48
184,2.169730157059441,2.4944283551927926,0.3271809965372085,0.23689309383432067,48
185,2.175410037651234,2.494900795270833,0.3233804851770401,0.23591602096954978,48
186,2.17837457310997,2.4949758672960094,0.32174865653117496,0.2356661111116409,48
187,2.1719553804577294,2.495469101263395,0.3281812481582164,0.2343934985498587,48
188,2.1715134942351875,2.4951085524265983,0.32541883985201514,0.23484237616260842,48
189,2.1754026057782085,2.49385319121074,0.32141764461994166,0.23627740020553267,48
190,2.1694623471920482,2.494952082650584,0.327671634654204,0.23443057015538213,48
191,2.176347466111849,2.4946270608317227,0.3213029243052005,0.2351624990502993,48
192,2.1733556183139284,2.494473232838887,0.32400190209348995,0.23592067013184226,48
193,2.161227442919043,2.4941224140782685,0.3307240928212801,0.2363091930747032,48
194,2.1729236799144065,2.4941950535345634,0.32441804061333335,0.23669139916698134,48
195,2.1753113355210947,2.4945003390561378,0.32354075213273364,0.23549140368898705,48
196,2.1704178164660566,2.494431747059227,0.32507823159297305,0.23482457920908925,48
197,2.171591510558381,2.494230655515141,0.32628994931777316,0.23528739934166268,48
198,2.1707222781522124,2.4943809065814135,0.3262122956415017,0.23534270375967023,48
199,2.165609157768493,2.4944867934354704,0.32894451916217804,0.2352506096164385,48
200,2.1662655179474624,2.4944378595172094,0.3272400572896003,0.23517461493611333,48
201,2.1745579701014766,2.494620482907646,0.32403661683201784,0.2354149830838044,48
202,2.1687924162818026,2.4946917999814056,0.32945931702852244,0.23551752418279645,48
203,2.1704806183875105,2.4937019508618574,0.3277913369238376,0.23677169904112813,48
204,2.1727117188420464,2.493801660985253,0.32815357173482573,0.23678495238224662,48
205,2.175808099205104,2.492989099867966,0.3226525671780109,0.23744724442561463,48
206,2.170637802936923,2.4937376416845862,0.32889715954661364,0.2365408192078272,48
207,2.171453191873283,2.49380055369774,0.3258698222537835,0.23632219061255452,48
208,2.173847320636746,2.4932887726022117,0.3250888188680013,0.23690175016721085,48
209,2.171014930535002,2.4933293497017526,0.3241915442049503,0.23720114057262734,48
210,2.165944983378793,2.4937397054040447,0.3296860257784525,0.23634215320150054,48
211,2.176241703951312,2.4937765625956465,0.32398979986707366,0.23573420072595275,48
212,2.1690138298737343,2.493669132781999,0.3261320243279139,0.2358310942848523,48
213,2.1683380101926497,2.492952448609747,0.3292672857642173,0.2370865220824877,48
214,2.1712399165451295,2.493727860517526,0.32711689422527945,0.23673050229748085,48
215,2.171371857050675,2.494420519856572,0.32390455653270084,0.23620754604538277,48
216,2.167877428595544,2.493770909556909,0.3290691350897153,0.23681319753328955,48
217,2.1693948302885997,2.4939888816081828,0.32724602023760474,0.23683567593495047,48
218,2.1713417204796834,2.494340879188533,0.3237729196747144,0.23543588444590566,48
219,2.167671618412188,2.4949604015768307,0.3276859695712725,0.23520104462901747,48
220,2.1736348593479624,2.4945756154116183,0.32459577048818267,0.2363450651367505,48
221,2.182088642859013,2.4938563134774583,0.3196096171935399,0.23713264738519982,48
222,2.1744656179044113,2.493508552719186,0.3256933229664961,0.23668699835737542,48
223,2.1731141842672907,2.4943664931716065,0.3251286509136359,0.23624127109845475,48
224,2.1655015068129746,2.494154019150447,0.3261940044661363,0.23621861884991324,48
225,2.1826983691801045,2.494044561026288,0.32003445054093993,0.23596197739243505,48
226,2.1687545710181406,2.4942186233424555,0.3266529875497023,0.23580965027213094,48
227,2.174513244270313,2.4940089022734493,0.32409422596295673,0.23580765724182126,48
228,2.1614144931311783,2.4936115419203486,0.3296841084957122,0.2368751615285873,48
229,2.1726616913799064,2.4936131846861564,0.3261544977625211,0.236939279983441,48
230,2.1723581904026465,2.494272964596416,0.32448141028483707,0.23607104147473967,48
231,2.170451652069354,2.494294536635363,0.3243331561485926,0.23564248656233147,48
232,2.1716721573234072,2.493537014036739,0.3250170511504014,0.23686613142490384,48
233,2.172660449470873,2.4941149776762015,0.32429517557223636,0.23652920126914975,48
234,2.166680850259157,2.4939404093684296,0.3275560873250166,0.23675045867760972,48
235,2.168160342412212,2.494679535146275,0.32548570508758223,0.23559962337215737,48
236,2.175082274946103,2.4941956312909572,0.32371168707807857,0.2362056399385134,48
237,2.173548797466847,2.494017163953986,0.3246022115151087,0.23674671848615006,48
238,2.1632563271239973,2.493563217828372,0.32840202624599135,0.23665849119424817,48
239,2.174791310230059,2.4942967853152767,0.32375147814551986,0.23575635254383084,48
240,2.17417708853398,2.4931999225929427,0.3246264172097047,0.23689951871832207,48
241,2.170330933902032,2.494397753390713,0.32656590392192203,0.2360666083792845,48
242,2.1676566692819015,2.49383777210545,0.3278844815989335,0.23632672925790146,48
243,2.171139562482743,2.493244231312038,0.32544690991441405,0.23690943544109658,48
244,2.162922835454869,2.494107112728699,0.32963890706499416,0.2358078062534332,48
245,2.165705304948529,2.4935188670056054,0.3271175051728884,0.23698146020372704,48
246,2.171833511660347,2.493781271022033,0.32580133154988283,0.23663720985253647,48
247,2.1790825591231777,2.493364102233081,0.32154374321301776,0.2366808714965979,48
248,2.1717339524139176,2.4930277953096724,0.32574872175852454,0.23693490897615746,48
249,2.1763380732593225,2.493111462979147,0.322991086790959,0.23700545852382973,48
250,2.1760761133581816,2.4937412422918688,0.32267997538050014,0.23616430287559823,48
251,2.1748955829899983,2.4941847130506734,0.3235111298660437,0.23599954446156815,48
252,2.1695740572496676,2.4946762148037536,0.326095617065827,0.23551782344778374,48
253,2.163506525058543,2.49411739750351,0.3286411638061205,0.23645879328250882,48
254,2.1732530261861553,2.4938001161650933,0.3250394500792026,0.23662688583135602,48
255,2.174536321318429,2.4941934925839386,0.3260710500180721,0.23634322360157964,48
256,2.1677627689940913,2.494459641750574,0.32730151216189063,0.235979085167249,48
257,2.180774231360719,2.493847895085546,0.32128462692101795,0.23636691644787786,48
258,2.1701207625539793,2.4942169710080093,0.32643831521272654,0.2362353255351384,48
259,2.166745951306647,2.493763917938722,0.32799117267131805,0.23666585733493165,48
260,2.1715346786819114,2.493903746506575,0.3242391981184482,0.23621391629179314,48
261,2.169895514737688,2.4938138917071897,0.32691342135270435,0.23629436021049813,48
262,2.173071902484484,2.4936351413395226,0.3251360716919104,0.23626892517010367,48
263,2.169507353195826,2.4940833875217963,0.3237702846527099,0.23618339498837784,48
264,2.1736559958006336,2.4940448587837163,0.32264366870125133,0.23600356901685393,48
265,2.1621211508027938,2.4933309747340155,0.32675798982381815,0.23650614793101943,48
266,2.1725402310914927,2.4936274280781996,0.32502383738756174,0.23602905248602227,48
267,2.1703567834979727,2.493287419985436,0.32516086722413695,0.2366286180913448,48
268,2.176083012857895,2.4939273381512304,0.32545078297456104,0.23647355412443474,48
269,2.1764893417773403,2.4941220356519005,0.3254748856027921,0.23599056154489514,48
270,2.16771912913809,2.4935168524583182,0.3292730537553628,0.23639624565839765,48
271,2.1804172026585227,2.4940610514702475,0.31956814974546427,0.2360484215120474,48
272,2.168707214283384,2.4942160984511625,0.3270060295859972,0.23648788904150322,48
273,2.1747922557673927,2.4932417143613863,0.3261631603042285,0.2373079198102156,48
274,2.177398695364503,2.4929432033778167,0.32092299436529476,0.23687169328331945,48
275,2.178089681881756,2.4940318440646765,0.32216235498587287,0.2356592404345671,48
276,2.168290669195217,2.4942549445241724,0.32512695714831347,0.23545721297462777,48
277,2.1794212908426323,2.4935796764599307,0.3198561718066533,0.23652431617180503,48
278,2.1748344920022338,2.493073366067415,0.32316923265655834,0.2373871294160684,48
279,2.1736130512614347,2.4933635697034555,0.32425646980603534,0.2366781669358412,48
280,2.176068214856666,2.493751063319951,0.3247829402486483,0.23684805383284882,48
281,2.1756783397894277,2.49393027311517,0.32373067364096636,0.23591789603233335,48
282,2.1663246176417217,2.4947376008183926,0.3293358497321605,0.2351699533561865,48
283,2.1793189291212562,2.4940994256067035,0.3212927666803201,0.23644274473190305,48
284,2.170543469983662,2.493731115075657,0.3267849038044611,0.2370491251349449,48
285,2.1770759649171234,2.493628395058904,0.3227529972791671,0.2367187601824601,48
286,2.175294966329282,2.493624059900791,0.3219897809127966,0.23678896451989806,48
287,2.1774881170747467,2.494563233219461,0.32369946936766303,0.23568714906771973,48
288,2.1663836315648637,2.494217465969099,0.32703087975581485,0.23617405816912648,48
289,2.1809835592581197,2.494106083817639,0.3223044040302435,0.236100443949302,48
290,2.170450681804912,2.4942619270803936,0.3253396612902482,0.236100776741902,48
291,2.171971674881655,2.493824820853396,0.3252550313870112,0.23607319841782248,48
292,2.172081868411242,2.4937075932272434,0.32503903533021605,0.23659679666161534,48
293,2.170562497768104,2.4941367023066934,0.3280071119467417,0.23595060035586354,48
294,2.1711063365873713,2.4942332751957603,0.3256449463466803,0.2358032204210758,48
295,2.166909989200445,2.493573684108297,0.3288282230496406,0.23677845299243924,48
296,2.1632990961814316,2.493501473313723,0.332563911875089,0.23685285821557042,48
297,2.1646407964191643,2.4932749862289483,0.32849599793553347,0.23713000739614165,48
298,2.174534681845417,2.493582148707099,0.3250144099195798,0.23654728755354879,48
299,2.178091062518853,2.4938249485847543,0.3223068142930666,0.2356201199193795,48
300,2.1642111853588766,2.4938355177441567,0.32886973023414606,0.23614277939001715,48
301,2.164517412171192,2.494266254248029,0.3280476480722427,0.2358442532519499,48
302,2.168869104109484,2.493838077570948,0.3287349132200082,0.23595683028300599,48
303,2.17772265480824,2.4939246121440974,0.32068499550223345,0.23616754511992133,48
304,2.1782827605371167,2.493565909697393,0.3220816093186537,0.23575102910399434,48
305,2.1700123270993323,2.4941064539877336,0.324221309274435,0.23529171198606488,48
306,2.165449214511614,2.4943320995057574,0.32997298116485274,0.23524116352200505,48
307,2.1691325418963103,2.494395472890092,0.3277615867555141,0.23569914698600766,48
308,2.170831979594039,2.494269112247554,0.32542753343780834,0.23619515945514039,48
309,2.179860146754717,2.4935931288694326,0.3224984308083852,0.23670262470841405,48
310,2.168590940772189,2.493240254329997,0.3240908545752366,0.2366831600666046,48
311,2.1765514500667966,2.4935868370742305,0.3239794572194417,0.23688550790150956,48
312,2.1725499820794094,2.4939686232552747,0.32642079641421634,0.23634951685865715,48
313,2.1706154899705994,2.4944410825453476,0.3244445919990539,0.23580228413144744,48
314,2.1605549016182213,2.4935683822684998,0.32697441925605136,0.23653821398814515,48
315,2.1625437420059157,2.4938257937148265,0.3299145102500915,0.23644173145294187,48
316,2.169903480614749,2.4933250494209953,0.32745353008309996,0.23677332078417138,48
317,2.1776674370744717,2.4938059150342027,0.3206191149850686,0.23590836673974988,48
318,2.1749124551064005,2.4940247692774107,0.3268714696168899,0.2356289389232794,48
319,2.1768324002165955,2.493802298836352,0.32336105406284327,0.23639831940333045,48
320,2.169938599727195,2.493759335225309,0.32665545741717017,0.23646874104936913,48
321,2.1712871528142728,2.494117662983395,0.3272461208204428,0.235553382585446,48
322,2.176627288815331,2.493788262606996,0.3231738060712814,0.23599318166573838,48
323,2.1676780867267094,2.4942577575128877,0.3275270635883013,0.23517719159523642,48
324,2.1715265936870805,2.494091378888292,0.3279860354959964,0.2356736337145169,48
325,2.1718278425505946,2.493647157655844,0.32491794849435485,0.23601595188180602,48
326,2.1614776578305954,2.4939882016368,0.33175725738207495,0.2357587615648905,48
327,2.1754224482801026,2.4943843871903257,0.3252234583099683,0.23557314152518904,48
328,2.1696658736788517,2.4939292840568252,0.32730237642923987,0.23611544320980704,48
329,2.1756375378932717,2.4937581479001203,0.3255157681802908,0.236049390087525,48
330,2.1741760339710647,2.4936904084423315,0.32448657726248104,0.2359245158731937,48
331,2.175418225485709,2.494891358649518,0.32281429941455525,0.23480832328399018,48
332,2.1794799329065064,2.494846362666276,0.32008087759216625,0.23525650799274442,48
333,2.171335252801644,2.494543747392918,0.3255448440710703,0.23564476892352101,48
334,2.1724814385641626,2.4933374685255045,0.32470626880725223,0.23686993991335228,48
335,2.1789239447362125,2.493477637743538,0.32005353768666583,0.23683132727940873,48
336,2.1802454556144526,2.493403782256139,0.3203011825680732,0.23669899751742676,48
337,2.1729774879949977,2.494148145626022,0.3270637864867846,0.2361494439343611,48
338,2.1745930652605763,2.4936828599077803,0.3246632677813371,0.23644136140743888,48
339,2.170351921609332,2.4937032156830514,0.3257359427710374,0.2366206919153531,48
340,2.169026439700594,2.4933631112228003,0.3259975661834081,0.23728120947877562,48
341,2.1704556377056523,2.4936394302990523,0.3252375336984793,0.2363583681484063,48
342,2.174049930677176,2.493724518421302,0.3260205673674742,0.23622921357552207,48
343,2.165679564157689,2.494011649527611,0.3296552474300066,0.23602632308999694,48
344,2.1786208923454726,2.4939408070068296,0.32167145237326616,0.23607454821467397,48
345,2.176924095314884,2.493762039943882,0.3203488551080227,0.2362784420450528,48
346,2.169926266062699,2.4944397826640636,0.32523781930406886,0.2358878465990225,48
347,2.1642140770577507,2.493518000985667,0.32944449037313456,0.23710596809784568,48
348,2.1691130341463816,2.493913542882123,0.32718735809127486,0.23595930015047387,48
349,2.1672952481109227,2.4934059618292177,0.32620072737336153,0.23625700548291204,48
350,2.1725621476087205,2.494529176831511,0.32678862785299617,0.235247957209746,48
351,2.16998421964883,2.4935545045529453,0.3273294245203336,0.23607793698708213,48
352,2.1762296626316244,2.4926708076095236,0.32549387713273364,0.23730805392066634,48
353,2.178301181875082,2.493297171665806,0.3235077361265818,0.23631822938720382,48
354,2.174694155653318,2.493208327877814,0.3241270656387011,0.23633304735024765,48
355,2.174084852900437,2.4932538850301484,0.32470090811451274,0.23722614099582032,48
356,2.1762106706940014,2.493567409922048,0.32058155288298923,0.236974058051904,48
357,2.161385836625718,2.49392224665536,0.3330653756856918,0.2359613589942455,48
358,2.174778641780317,2.4937718511458358,0.3241095828513304,0.2365120040873686,48
359,2.1808928569008157,2.49447645160599,0.3215690652529398,0.23568084339300788,48
360,2.168449672722138,2.4945378005255425,0.32582611342271167,0.23553712666034696,48
361,2.167468387190521,2.4937718353226965,0.32786095266540843,0.23640507335464156,48
362,2.1793328842417545,2.4940665959813524,0.32098194087545073,0.23626359800497687,48
363,2.178020981592316,2.493544956206146,0.3223695370058218,0.23675842831532157,48
364,2.1720331597060283,2.4937024568700736,0.3254081085324287,0.2369751508037249,48
365,2.1698491825056037,2.493443126654213,0.32575866083304084,0.23650896797577536,48
366,2.1771884037255576,2.4937133243683323,0.32443624362349505,0.23612920070687926,48
367,2.1772550663498444,2.494268263703671,0.32099663342038787,0.23625042289495465,48
368,2.1760922353537904,2.4937929922222692,0.32495686536033946,0.23621752858161923,48
369,2.1703634393874123,2.4942472680007732,0.3261300052205721,0.23545137420296666,48
370,2.1727722839627566,2.49403346435415,0.32577336455384887,0.23572926968336103,48
371,2.1732258149560506,2.4936755973276754,0.32209263493617374,0.2357157468795776,48
372,2.1761613657343397,2.4943755839763413,0.3225938652952512,0.23584785312414167,48
373,2.175317546322584,2.4938374444211076,0.3242823245624701,0.23689705878496167,48
374,2.171443116911991,2.4943166747606185,0.3265810273587703,0.23582008481025693,48
375,2.168337365698708,2.494275984440493,0.3273600948353608,0.23582143709063527,48
376,2.1686613544414057,2.493546110049405,0.32875786349177355,0.23669455448786414,48
377,2.1776125787906575,2.4943508725600894,0.32359410822391504,0.23582019532720244,48
378,2.1730973122590487,2.4943278479486404,0.32542245214184123,0.23623349269231156,48
379,2.1809948950440172,2.493741206725106,0.3204164120058218,0.23665822545687354,48
380,2.172135625132331,2.4931247084751442,0.3260982893407344,0.2377110508581002,48
381,2.1768811712471017,2.493507205634279,0.32173730308810866,0.2366735848287741,48
382,2.1715743099549907,2.493472552527087,0.3260222412645816,0.23690531030297277,48
383,2.169978187411674,2.493916760037841,0.32709777976075805,0.23647881175080931,48
384,2.164019400712533,2.4937131401138957,0.33129537353912986,0.23639864474534986,48
385,2.1680813594978656,2.4942507849987536,0.32629906013607973,0.2361653260886669,48
386,2.169875977247837,2.493982613178068,0.3276083059608936,0.23619479561845458,48
387,2.171315937855768,2.4935348024519124,0.3251626094182332,0.23689972733457879,48
388,2.1763259189370823,2.4932197963563496,0.32407625888784725,0.2368854756156603,48
389,2.172620351323863,2.4936552335120896,0.32533843566974,0.23610922073324517,48
390,2.171723171423794,2.494331496365892,0.32324956854184467,0.23550187548001603,48
391,2.1788696110007284,2.4940167728857188,0.32258577148119605,0.2358854400614897,48
392,2.166707917415583,2.4943078011025155,0.32774667069315905,0.23539582019050911,48
393,2.1670973147595816,2.4935897269027687,0.3282902228335539,0.236228983849287,48
394,2.173739452774068,2.4941068457121833,0.32361374050378794,0.23631966610749558,48
395,2.1837491653672414,2.4947708924046594,0.3203866742551326,0.2356305457651615,48
396,2.17857657907513,2.493941715819846,0.32446777075529093,0.23643649742007253,48
397,2.1689972116594736,2.493026349681078,0.3272177837789058,0.2374174632132053,48
398,2.1818260236210096,2.493975370399729,0.32196356107791263,0.23608834296464917,48
399,2.168402448583588,2.4936991671604853,0.32787008707722026,0.23684434220194814,48
400,2.1746938075477154,2.493699235727423,0.3245610023538271,0.23630257447560624,48
401,2.1672069845187605,2.4941222754077637,0.3272531355420748,0.23579138020674384,48
402,2.179713852741011,2.4937283665589667,0.3190158133705457,0.23618678376078603,48
403,2.1697939537561255,2.4937587580171185,0.3297904121379057,0.2364782094955444,48
404,2.1802603685068793,2.4947589707946034,0.3203648316363493,0.23562091340621308,48
405,2.1739369792014043,2.4944564717984785,0.32415352637569106,0.23561222975452736,48
406,2.1798627088142797,2.4944332103964477,0.3205295825997988,0.23578164602319396,48
407,2.1760020399022078,2.4943670712436323,0.32262402027845377,0.23552390808860457,48
408,2.1734522924967012,2.4939439560690584,0.3216267886261145,0.23594842975338295,48
409,2.172475145290445,2.493752069314454,0.3246594704687595,0.23648241534829137,48
410,2.1712924036723087,2.4932714460569216,0.32620978479584056,0.2368058065573374,48
411,2.171854757080359,2.4936657589149047,0.32471496736009914,0.235626894980669,48
412,2.1821684573305378,2.4936877583945742,0.3208981764813264,0.23638569811979926,48
413,2.16680600005345,2.494223453719148,0.3262356668710708,0.23600973561406133,48
414,2.162942746738393,2.494608440709486,0.32936210930347437,0.23572711894909537,48
415,2.1753920833951996,2.494062921433079,0.32421630248427386,0.23624661813179648,48
416,2.1757740717462357,2.494477342801748,0.32482306286692614,0.23549305771787957,48
417,2.1667269963099263,2.4936862397635795,0.32890267421801883,0.2361180931329727,48
418,2.1680096933739867,2.4935295038598038,0.3298723623156547,0.23680416867136952,48
419,2.1860898971091696,2.493245293223273,0.318431065728267,0.2371725092331568,48
420,2.1807873465166554,2.4939959009189403,0.3227828020850817,0.2360577744742234,48
421,2.1675777880631966,2.493938700020845,0.3295187366505464,0.23627871150771773,48
422,2.170519972033903,2.4939506339488617,0.3255817083021005,0.23635048046708104,48
423,2.1723771881767653,2.4947426226841434,0.3250533690055211,0.2355622289081414,48
424,2.1770059927998475,2.4943444449018473,0.3211282094319661,0.23584690317511556,48
425,2.1610263923670847,2.4941954776196176,0.3318152738114198,0.23566293964783347,48
426,2.1692760044356287,2.493788145117071,0.32749638085563976,0.23585983365774152,48
427,2.1666904827907456,2.4934913577177586,0.32733144362767536,0.23606890191634491,48
428,2.1727156010188584,2.4935317016814067,0.3260043437282244,0.2364080063998699,48
429,2.1787658903325555,2.4933292957037323,0.32050009941061336,0.23661672696471212,48
430,2.1724168235932164,2.4935368815708983,0.32265311852097506,0.2367700872321923,48
431,2.1722876591215847,2.4939486207637764,0.32408598189552623,0.2356586158275604,48
432,2.178416009869641,2.4938030791870727,0.3210968449711799,0.23623694231112793,48
433,2.167809788634796,2.4944171452336223,0.3266568258404731,0.23597409327824906,48
434,2.1676367814816424,2.494794864427618,0.32829425980647403,0.23539689679940537,48
435,2.1670401096468797,2.4943378982170503,0.32620764647920925,0.2356862090528011,48
436,2.176183012790982,2.4938691516667437,0.3210287777086099,0.23660931363701818,48
437,2.178452753637138,2.4941714080081736,0.3204072589675585,0.23561488837003705,48
438,2.174247298017352,2.49416251238041,0.3244280119736989,0.23616940652330712,48
439,2.1709913465728445,2.4939356920129745,0.3272681708137194,0.23650132368008292,48
440,2.174199773451092,2.4928614079470486,0.324015624821186,0.23744371657570199,48
441,2.1725191899738054,2.493451190898517,0.32581099122762675,0.23645095527172086,48
442,2.1766470762345125,2.4940744787620726,0.3227971047163009,0.2359514310956001,48
443,2.1788325383510423,2.4938764114061596,0.323733897258838,0.23660630360245702,48
444,2.178870137566664,2.495069897211382,0.3228367542227109,0.23557537173231438,48
445,2.173976476210113,2.4945145661515933,0.3269454973439375,0.2351058262089888,48
446,2.1686273817990096,2.4940191136803915,0.3277159084876378,0.23608541488647458,48
447,2.1629227647845934,2.4940041417096106,0.3317299311359723,0.2361629009246826,48
448,2.172110395677625,2.4937972177812617,0.32323510075608886,0.2362942074735959,48
449,2.1768079813817303,2.4936388777766205,0.3217636197805404,0.23595962921778357,48
450,2.168811415790646,2.4934404719799526,0.3282762976984183,0.2366441724201043,48
451,2.1759724573948276,2.4939520978841228,0.3253665802379449,0.2360887875159581,48
452,2.17848111780611,2.4942744749545254,0.32223001370827353,0.23588066920638082,48
453,2.1625600977692105,2.494711362855424,0.33101247996091837,0.23525872205694512,48
454,2.1723517493029205,2.4942451996215875,0.3266225159168243,0.23568398877978322,48
455,2.1706146337695125,2.494531732305901,0.32703261574109393,0.2358824275434017,48
456,2.1689494668830047,2.493730587861942,0.32641838366786635,0.23677745958169297,48
457,2.174595986512172,2.494020015076052,0.3256492676834265,0.23616093272964156,48
458,2.1688169197521017,2.4937052560457285,0.32798351471622783,0.23631883164246872,48
459,2.164442048441891,2.494298688585609,0.33059224362174666,0.23585306604703263,48
460,2.1733786104104493,2.494058033519963,0.3247104523082574,0.2361288691560427,48
461,2.1754315068424246,2.4941945303825364,0.3230710998177528,0.23604201028744376,48
462,2.163509347684586,2.4953620327323045,0.3304335090021292,0.23499938473105428,48
463,2.180576056200389,2.4945704335120475,0.31843930110335344,0.23548218359549836,48
464,2.1815227979241905,2.4941105853554397,0.3199546337127685,0.2364084459841251,48
465,2.173013195798991,2.4948733058678134,0.32369454329212505,0.2347934581339359,48
466,2.166236764879815,2.493360215272659,0.3277273873488108,0.23631389935811356,48
467,2.182892260135951,2.493496981975825,0.3213739804923534,0.23628086845080054,48
468,2.1800770456775282,2.4934726518598556,0.3208248317241668,0.23665562396248177,48
469,2.17401841447165,2.4935523503135015,0.32533406466245646,0.23675572375456488,48
470,2.1739901392478838,2.494120594915605,0.32345650593439734,0.23669251178701714,48
471,2.173467095539864,2.494241397508078,0.32620332390069956,0.23630113651355103,48
472,2.1772108279222686,2.4932635555182943,0.32329734414815897,0.23702638472119963,48
473,2.1760497094573488,2.4941004295828217,0.3237832908829053,0.2356455102562904,48
474,2.1789555459016534,2.4938638197837464,0.323547409226497,0.236446987837553,48
475,2.173118473792429,2.4940660387161318,0.3255898753801981,0.23630780602494872,48
476,2.181931902361708,2.4938189077669697,0.3209954885145028,0.2360352613031864,48
477,2.1784967180114765,2.4938244267533984,0.32335377981265384,0.23633592575788495,48
478,2.1847043841378375,2.493521548890682,0.31802171468734736,0.23631471643845237,48
479,2.1759659218254,2.493133606586435,0.3244556536277135,0.23694260790944097,48
480,2.1696299156543266,2.493440928516978,0.32619845742980635,0.23627580205599463,48
481,2.1784998059796927,2.4943693532725772,0.32171162342031795,0.2356547613938649,48
482,2.1741711417809007,2.494026644855173,0.325148177643617,0.23647562662760413,48
483,2.17655791892628,2.49386207584952,0.3221123951176802,0.2363862295945485,48
484,2.175687718963836,2.4937721126803187,0.32293740163246787,0.23649114991227782,48
485,2.170774497374651,2.4936312557662212,0.32546090955535567,0.23667620991667107,48
486,2.1642647616020265,2.4939371094921627,0.32964671651522315,0.23591159780820206,48
487,2.173067861615713,2.493626813284862,0.32390679667393363,0.23610756173729894,48
488,2.1732233492506743,2.4938503364755156,0.322714727371931,0.23659774288535115,48
489,2.17203032806108,2.493839604242257,0.32446962098280585,0.2364717361827691,48
490,2.172502421408409,2.494034997329797,0.3247235144178072,0.23609405010938642,48
491,2.1680043007801992,2.494423276887025,0.3265078663825988,0.2355191235740979,48
492,2.1676109476604655,2.4947057022415144,0.3254186001916726,0.2350359347959359,48
493,2.1665747587463495,2.4938069324329946,0.33047595744331676,0.235893798371156,48
494,2.1804223980303252,2.493449707178102,0.32206671933333075,0.23648403709133461,48
495,2.1711701032612525,2.493911596851936,0.32710136349002517,0.2355563143889109,48
496,2.177337387124298,2.4937826330413255,0.3224075635274251,0.23621342952052748,48
497,2.1724998106018316,2.4936039824051206,0.324301707247893,0.23681856567660964,48
498,2.1722131427325464,2.493804157237079,0.3246443954606851,0.2367272314925988,48
499,2.1769297330331896,2.494045110276112,0.3233221260209878,0.23568631087740258,48
500,2.174263316927876,2.493303876565385,0.32574509332577384,0.23631298045317328,48
501,2.1755778987703214,2.4939448026859243,0.3214542927841345,0.23605240384737647,48
502,2.172796367579735,2.493945219735703,0.32414041211207706,0.23624294996261594,48
503,2.1706529057879544,2.493632019521334,0.32616339251399035,0.23695204655329383,48
504,2.1612275424889185,2.4938991539504216,0.33242669204870856,0.23598951101303098,48
505,2.1746534048462633,2.493186296735254,0.32300994172692293,0.23691761866211888,48
506,2.173539023399187,2.493570014975608,0.3251869591573874,0.23714897905786828,48
507,2.169443723731604,2.4926628037340266,0.3245777748525142,0.23779814814527825,48
508,2.1663176515235842,2.493242955335739,0.3278676196932792,0.23728856568535164,48
509,2.177161425181536,2.4932279781819453,0.32298900683720905,0.23722987249493596,48
510,2.1727587529679107,2.49354766149784,0.32672531033555663,0.23624956856171286,48
511,2.1663113394840545,2.4943456826866535,0.3269983852903048,0.23616466050346688,48
512,2.168106195473724,2.49495173062934,0.32559952388207114,0.23489799102147416,48
513,2.176378285910649,2.4939890054439755,0.322541798154513,0.23610515644152955,48
514,2.1640975310533226,2.493616809173505,0.33113124966621393,0.23656267300248143,48
515,2.1734298419338374,2.49349222697708,0.32363179450233776,0.23675971354047454,48
516,2.1735585751661968,2.4941047285179896,0.3227152737478415,0.23573908209800717,48
517,2.1728448312020316,2.493298317153119,0.3259892414013545,0.2361202575266361,48
518,2.172349805886988,2.4938932614548417,0.323977297792832,0.23586114371816314,48
519,2.1815643744103275,2.4936149232546354,0.32084479803840316,0.23635021721323327,48
520,2.1774274557246502,2.494615914862823,0.32196694736679393,0.23559305941065148,48
521,2.16840234090585,2.494083895598234,0.3278540248672167,0.235812180986007,48
522,2.1654926298351542,2.4944025822806117,0.3280568085610866,0.23542591060201323,48
523,2.1673977091858534,2.493566411170473,0.33022075891494745,0.23612706735730168,48
524,2.1787827434210656,2.4941877279193903,0.3219913616776466,0.2352553568780422,48
525,2.1757211259403486,2.4939885297779787,0.3218663136164347,0.2360234881440798,48
526,2.1684246733493473,2.493761503917384,0.3282009102404117,0.23593202730019883,48
527,2.176155694918983,2.4938689618056835,0.3196862364808718,0.23600261658430097,48
528,2.1715083688971784,2.494151191360243,0.325125644604365,0.2357044157882531,48
529,2.1732355637142007,2.493811875390701,0.3241624273359775,0.23609257613619164,48
530,2.1751582860480734,2.494077709448444,0.3226779364049434,0.23569449037313459,48
531,2.1794307988234767,2.4936234956252137,0.3213474762936433,0.23659064248204228,48
532,2.1661768144216036,2.4937605318616467,0.3277186254660288,0.23700634017586705,48
533,2.174321096434166,2.4942388639285946,0.3242779783904552,0.23513418063521382,48
534,2.1691727471844167,2.4938602268845345,0.32560945550600684,0.23647805303335187,48
535,2.16849716905856,2.4938238479089043,0.3285210691392421,0.23603617648283637,48
536,2.176261307244225,2.493431268195511,0.3231298786898454,0.2361541849871476,48
537,2.168313290218712,2.4942052370578947,0.32768313710888225,0.23569958657026288,48
538,2.1815112610516567,2.494003269775722,0.32100128879149753,0.2360902627309163,48
539,2.179087751811773,2.4950245159741495,0.32155636573831237,0.23458921412626899,48
540,2.1720359960933893,2.4937741131321376,0.3249808885157108,0.2359669854243596,48
541,2.1744179203565532,2.493816296010379,0.32400720690687496,0.2365175274511178,48
542,2.1786206387594915,2.49365171113175,0.3216219147046407,0.23604039351145423,48
543,2.1748998505710757,2.493453674034995,0.325659138460954,0.23671598484118775,48
544,2.166998219341955,2.4935175441080912,0.32747899368405337,0.2367087180415789,48
545,2.171467085899853,2.4938273607455232,0.3268272827068964,0.23631390680869416,48
546,2.17282889993463,2.494739283902058,0.32326547428965563,0.23517636830608046,48
547,2.1715141840358143,2.4941107405135727,0.32521215702096623,0.23615376899639762,48
548,2.169074109526136,2.4939142064655506,0.3268053370217482,0.23627922559777892,48
549,2.170725501815844,2.4937610068382363,0.32513963803648943,0.23662594829996422,48
550,2.1727893293561182,2.494314311755408,0.325815682609876,0.23625665530562398,48
551,2.1728198416593485,2.494223552088408,0.3251294319828351,0.23584954688946402,48
552,2.1725225176377245,2.4939337749046624,0.3287103784581025,0.23612953970829642,48
553,2.1672134475750275,2.493871763024641,0.32999207203586894,0.2362547951440016,48
554,2.1734895917879746,2.4943070348638754,0.32361299047867453,0.235299177467823,48
555,2.170409629168223,2.4935943189522494,0.32507407789429027,0.2358915271858374,48
556,2.1759591605046285,2.4942189377619406,0.3238884185751279,0.23593441148598984,48
557,2.166790694422658,2.4941149045658215,0.32808133090535796,0.2363580577075481,48
558,2.1717735606114137,2.493757510838102,0.32682866727312404,0.2366135033468405,48
559,2.1693888393811576,2.493920233146336,0.32601610198616976,0.2361839947601159,48
560,2.170515137226937,2.493567853742419,0.3262009993195533,0.23627275973558423,48
561,2.165910180601942,2.4941108466822697,0.3284593274195989,0.2362663087745507,48
562,2.177036362888925,2.494114637366572,0.3218507977823416,0.2362010354797045,48
563,2.175717126255692,2.4948709630132253,0.3245547177890936,0.23515688255429265,48
564,2.1762318257835243,2.494450560406498,0.3237428851425647,0.23550243551532424,48
565,2.1692851674308797,2.4934743794642693,0.32723220686117804,0.2365368604660034,48
566,2.1669574012591943,2.493236526365131,0.3285443546871344,0.23702143256862954,48
567,2.173920163611238,2.4933241122426133,0.3229067685703436,0.23669220631321267,48
568,2.1756614772119316,2.4935511723991355,0.3244377834101518,0.2359928637742996,48
569,2.178554391088032,2.493680288726537,0.322664625942707,0.23656514535347617,48
570,2.1676154593759778,2.494079882135758,0.32698555290699,0.2358694585661093,48
571,2.1752830892551684,2.494065927788034,0.32175185531377787,0.2360253532727559,48
572,2.175239049834223,2.4936789068556418,0.3261782998840014,0.23679739361008004,48
573,2.1763588610198297,2.493738761090714,0.3232546250025431,0.23667640611529348,48
574,2.176760396037702,2.4931185743963575,0.32030369838078815,0.23659541954596833,48
575,2.1719905505178363,2.4939187338021287,0.3278220432500044,0.2355976030230522,48
576,2.174833079549369,2.493679845479287,0.32554909711082775,0.2359960613151391,48
577,2.171274113204145,2.493916907280252,0.32563659424583113,0.2360655193527539,48
578,2.1782887297417783,2.493845723104251,0.322057435909907,0.23610773806770638,48
579,2.1741608339338447,2.49412572566615,0.3257935394843419,0.23599849641323087,48
580,2.1710503622431916,2.4941426435425265,0.32607228308916086,0.23589413488904631,48
581,2.1687875628754254,2.493592949889376,0.32569229602813715,0.23682840541005132,48
582,2.1818711331383533,2.493930408944985,0.31999804576237995,0.2367819597323735,48
583,2.1761554630482616,2.4934643881360157,0.32375293845931685,0.2367749450107415,48
584,2.180866504322045,2.493077851466444,0.31999732057253516,0.23746550083160398,48
585,2.175569739365365,2.4939600821488943,0.3223529209693273,0.2360455195109049,48
586,2.1675700230481305,2.493946075439453,0.32641963909069693,0.2358900705973307,48
587,2.1789326200574752,2.4936741915517957,0.32179858783880866,0.2363543758789698,48
588,2.171802013933592,2.4939498620620673,0.3254613392055034,0.23697953919569648,48
589,2.170525759167341,2.4946187075015693,0.3280678105851014,0.2359616545339425,48
590,2.1746980904875555,2.494429010254151,0.3221242539584636,0.2354261403282483,48
591,2.1727595469726655,2.49411878487305,0.32413540780544275,0.2363356140752633,48
592,2.1713167906248456,2.4935005007596187,0.32569279770056403,0.23637065043052033,48
593,2.171224667473854,2.4934904061033576,0.3249979068835576,0.23664731532335279,48
594,2.1675535751322603,2.4942644600286132,0.32727246731519694,0.23547596360246337,48
595,2.186482108463827,2.494168351775029,0.3183254736165205,0.23585011437535283,48
596,2.1643461174077325,2.494389848266557,0.32837781185905135,0.23539637401700017,48
597,2.179406053569149,2.4929759748520923,0.32265649487574893,0.23689272503058112,48
598,2.179698464500711,2.494055807939341,0.32310021544496215,0.23600185538331664,48
599,2.1719968515541352,2.4935236380351427,0.325707197189331,0.23704946165283516,48
600,2.167055741813614,2.494002388015705,0.3276906783382098,0.2358917432526747,48
601,2.173978174310167,2.493895547354434,0.32503199825684226,0.2356208687027295,48
602,2.1633748948440945,2.4947801877390448,0.32971937954425806,0.23496967926621434,48
603,2.1795547598570435,2.4937411345865415,0.3206204225619634,0.236468447993199,48
604,2.178560963823002,2.4938842010172446,0.3212848069767157,0.23661939178903893,48
605,2.1713234409606703,2.4939183427753924,0.325367779781421,0.23567658290266988,48
606,2.173658659123196,2.4942167493013234,0.3228147601087888,0.23557259266575173,48
607,2.175763533463663,2.493798150715222,0.3222563378512859,0.23569778477152184,48
608,2.161713258551027,2.4938651774921676,0.33058329050739604,0.2364200688898563,48
609,2.1850209940060563,2.493634873724967,0.3197723825772603,0.23662579680482543,48
610,2.172114008714173,2.4938102834665923,0.32440185422698653,0.23622657979528106,48
611,2.171945365034522,2.4933937499372325,0.3251745738089084,0.23695358385642365,48
612,2.1641183125488523,2.493646801589524,0.3280254465838273,0.2363908948997656,48
613,2.1788764420183324,2.4938228148447896,0.32297285149494803,0.2368139177560806,48
614,2.1718859820933996,2.4940506227090204,0.32540382817387575,0.2364445328712463,48
615,2.1757543422801744,2.494086361408167,0.32248350357015926,0.23634811242421463,48
616,2.1712004940047867,2.493687973132434,0.32869220897555346,0.23637113223473227,48
617,2.1737745839671874,2.4933656290040633,0.32508376737435657,0.23664883896708486,48
618,2.171138551712269,2.493689634993988,0.32606835911671317,0.23611618454257643,48
619,2.174152193032517,2.493445781901595,0.3265331375102202,0.2367857880890369,48
620,2.167103871337067,2.4934703305762347,0.3275897552569707,0.23619630808631575,48
621,2.1835312467257713,2.4933549692000834,0.3167016046742598,0.23627828558286026,48
622,2.1648227772121653,2.4937252181030836,0.3268430357178052,0.23613818983236945,48
623,2.175662257613449,2.4941627739647294,0.3248572597901026,0.23553793629010514,48
624,2.1717756456757376,2.4933834548960694,0.32306916390856105,0.23679068560401595,48
625,2.16964031312467,2.493625271986493,0.3261356713871161,0.23649440705776212,48
626,2.1746619765374793,2.493820560059885,0.32380212719241774,0.23646897698442138,48
627,2.1694003698264734,2.49358220727348,0.3258720363179842,0.2360635623335838,48
628,2.178650822829495,2.493584915339415,0.3237388506531715,0.23601039126515386,48
629,2.1637467585009014,2.493839227518642,0.32950447623928386,0.23618476962049798,48
630,2.1786738744932204,2.4938583031645587,0.3237816294034322,0.2360879021386305,48
631,2.1757675262635012,2.494127681381261,0.3225527120133241,0.2363782227039337,48
632,2.1724172632024317,2.493381291270721,0.32605584710836405,0.23708074912428853,48
633,2.1784935451915053,2.4929265761156145,0.32162061209479964,0.23773197208841637,48
634,2.1678932030180325,2.4930311424310925,0.32833373670776683,0.23704672480622924,48
635,2.1745595474405572,2.4936571641344423,0.32290743912259734,0.23623634750644362,48
636,2.169753456530892,2.49369007930442,0.3263862766325473,0.23626856630047158,48
637,2.1756133819378536,2.4933570019792817,0.3251958477000395,0.23649245252211884,48
638,2.1772421281899175,2.4936137521928106,0.32202508921424544,0.23616901536782578,48
639,2.161746950367687,2.494326974743917,0.3318342193961143,0.23604506005843476,48
640,2.1705674038443865,2.4938183541647434,0.3273829271396001,0.23666122679909066,48
641,2.173116927903035,2.4938016873820703,0.32201152915755904,0.23663989454507825,48
642,2.176007209203218,2.4939172155282967,0.32226793219645816,0.23597008983294165,48
643,2.1746357949310213,2.4932081068854535,0.323692279557387,0.2371251285076141,48
644,2.1699362038101717,2.4931051336320214,0.32570270076394076,0.23691330850124356,48
645,2.173861259982481,2.49360313466693,0.3220576966802279,0.23629937693476674,48
646,2.166796408431414,2.49440464177226,0.33014689261714614,0.2361718428631623,48
647,2.1704689268124695,2.493902840376432,0.3280311338603496,0.2362060186763604,48
648,2.172018812666686,2.4935664552509986,0.3244532185296217,0.2367976990838845,48
649,2.1788268129438544,2.493761252275478,0.3217936269938945,0.236448706438144,48
650,2.1778683605505593,2.49408041969058,0.3233341425657272,0.2358370261887709,48
651,2.1687393114053957,2.4944711711710377,0.32645832126339275,0.23523447910944617,48
652,2.1780986978996406,2.4937637443825555,0.32201906169454253,0.2356721808513005,48
653,2.17424527862713,2.49418149204092,0.3253232923646768,0.23582751676440236,48
654,2.167510503608711,2.493428934685296,0.32851737737655634,0.2366141465802987,48
655,2.1720098042491425,2.4933199414707214,0.3237077966332435,0.23644064366817472,48
656,2.170181307174153,2.493086014727884,0.32468322912851966,0.2373004058996836,48
657,2.1727196434892337,2.4931814850306964,0.32683838034669555,0.2370494815210501,48
658,2.1675223033357303,2.493960397623255,0.3271414351960023,0.23617126792669293,48
659,2.177993804894467,2.4941036998478068,0.3242306361595789,0.236197800685962,48
660,2.180933541755048,2.4932162153431805,0.321950818101565,0.23704905062913892,48
661,2.1718051018310884,2.493890823428846,0.3269000301758448,0.23572766656676925,48
662,2.1696923207273238,2.4940374303139836,0.32671946535507834,0.23541123916705445,48
663,2.1728357209640463,2.494075471142861,0.326164415727059,0.2361204971869786,48
664,2.1752484581827916,2.4940252732921606,0.3260263266662756,0.23613452042142546,48
665,2.1710265078054065,2.494445418201827,0.3219218030571937,0.2350247427821159,48
666,2.1763552900201977,2.4942313240157854,0.32187608877817786,0.23530686398347214,48
667,2.171055126446442,2.4936039464728887,0.3267709948122501,0.23651963224013642,48
668,2.1829947060726,2.494093649728907,0.31872625524799025,0.23590456818540886,48
669,2.1743246173805395,2.493738265622951,0.3230956743160883,0.23618739843368527,48
670,2.1648730853502807,2.4940478444979877,0.3306878693401813,0.23583873733878133,48
671,2.1739728072297297,2.494158510504957,0.32539805024862284,0.23618815590937928,48
672,2.174405101256155,2.4939889309381695,0.32538052524129546,0.23612659672896064,48
673,2.166521512200751,2.4939743077326377,0.3275847447415193,0.2365097105503082,48
674,2.162422757714338,2.4942938297438784,0.3309523314237594,0.23596167812744773,48
675,2.168121670258904,2.4944000761029845,0.3270225760837396,0.23636435593167937,48
676,2.1752036046642353,2.4939592946798372,0.32422653213143343,0.23690126836299893,48
677,2.1744289701250197,2.494031312058336,0.3234639726579189,0.23627062141895291,48
678,2.1712559745556015,2.49395657436239,0.3274066274364789,0.2363872888187567,48
679,2.1699833850423627,2.4946655052544813,0.3276890156169732,0.23577609161535895,48
680,2.1670259933051352,2.4938830895932886,0.32901844878991443,0.23624123384555176,48
681,2.1710001334572957,2.4950675626296794,0.3247271565099557,0.23512498289346692,48
682,2.170316022848331,2.493430032944068,0.329025849699974,0.23658130442102746,48
683,2.171422195377994,2.4932546793268275,0.3276674076914787,0.236662570387125,48
684,2.181390916237047,2.4937458317664554,0.3221700129409631,0.23669726153214768,48
685,2.171994583099864,2.493926204342308,0.32429109265406925,0.23591267193357146,48
686,2.1708189354286986,2.4936339730934685,0.3249288735290368,0.23630354925990102,48
687,2.178640526584711,2.494287049416515,0.3211469252904256,0.23590435211857155,48
688,2.173143710227634,2.493972360655881,0.3258941483994325,0.23603181044260657,48
689,2.1809613370840473,2.4940840352654723,0.3189903832972049,0.23556869352857268,48
690,2.176391680486238,2.4934690794850405,0.32371756558616954,0.23686351999640465,48
691,2.168143709013909,2.493082417526107,0.32864270483454067,0.23710179328918454,48
692,2.176059710137475,2.4937466481158563,0.3209468896190325,0.23606101423501966,48
693,2.168354577217969,2.4945128022162546,0.3263921191294988,0.23516832912961638,48
694,2.1714171076672892,2.493460249085158,0.32706041013201076,0.23676630109548566,48
695,2.1713350627473584,2.494370940977182,0.32576500996947283,0.23646523306767142,48
696,2.1674989783259693,2.4937695914104894,0.3270978679259618,0.2366715495785077,48
697,2.1871833068233903,2.4943429634323886,0.31732129553953803,0.23573213443160054,48
698,2.1721528431786497,2.493841652595412,0.32401619230707485,0.2364341889818509,48
699,2.171022627949881,2.493884482444861,0.3267004564404487,0.23614660526315367,48
700,2.172479789331763,2.4944439728805583,0.3265475382407506,0.23598255962133405,48
701,2.172180073998249,2.4932554280811066,0.32394184544682497,0.23695046827197072,48
702,2.1748157281164415,2.493402976497028,0.3241461167732874,0.2367518047491709,48
703,2.1764404218766624,2.493625525231478,0.3240194730460643,0.23650601878762242,48
704,2.1775211347657035,2.494224497880226,0.3241429266830285,0.23596523950497306,48
705,2.168173170822716,2.4941096785109713,0.3283033221960067,0.23602490127086637,48
706,2.171247280934448,2.4939118887701692,0.32426518946886057,0.23614079256852463,48
707,2.1756851537634647,2.4933109046806194,0.32646026710669196,0.23694721981883046,48
708,2.1755371000940142,2.493770667334132,0.3223012511928876,0.23644126330812767,48
709,2.1732473776851,2.493888952552342,0.3237153167525927,0.23607926194866494,48
710,2.170846288390395,2.4934270289480485,0.3265441519518693,0.2365309322873751,48
711,2.1723108008578795,2.4939527777309136,0.32513439034422237,0.23580192898710564,48
712,2.1702235454640397,2.4936138641259475,0.32588958119352657,0.23571807146072385,48
713,2.1737997624991925,2.4936679052884627,0.3235804277161757,0.236286174505949,48
714,2.180725061979991,2.4929582379517483,0.3212000057101249,0.23694765567779538,48
715,2.1699210439586625,2.4934638995789364,0.3272339875499407,0.2368247049550215,48
716,2.1815418366037025,2.494753376264104,0.32303233196338016,0.23595455164710677,48
717,2.177255389507858,2.4938616547380534,0.3258049997190634,0.2359790516396363,48
718,2.1688802578366384,2.4933325253186154,0.32752447699507076,0.23657238980134324,48
719,2.171806234352619,2.493467861958836,0.3219612501561641,0.2366271466016769,48
720,2.172608602989625,2.4938307562251154,0.32469535370667774,0.2359564329187075,48
721,2.1713926873348197,2.494655171174602,0.32440441722671187,0.23518721262613929,48
722,2.168837107776231,2.4937941549696783,0.326737530529499,0.23593123381336525,48
723,2.162778724070237,2.493292705379136,0.33094254881143564,0.2363424698511759,48
724,2.1718017969640324,2.4937732774211945,0.32522578909993166,0.23624290153384206,48
725,2.1755797869953812,2.4935077167756714,0.3244089670479297,0.23622311900059378,48
726,2.171435398168733,2.4941566486571944,0.3245978044966856,0.23599205911159513,48
727,2.1707936542359296,2.4941474426301027,0.3256475453575452,0.23551264405250547,48
728,2.1575458735926465,2.4938275933996623,0.33025989060600597,0.2360979467630386,48
729,2.1670722503325313,2.4940358539389127,0.32865169892708457,0.23593187580506003,48
730,2.1731775958425903,2.493276918213503,0.32498850300908083,0.23673015460371968,48
731,2.177414561182444,2.493331384200316,0.31892187645037967,0.2363556772470474,48
732,2.1736980063465308,2.494084464300968,0.3233420910934607,0.23564128950238225,48
733,2.171696983177957,2.4937442239610648,0.32406254857778544,0.2362295327087243,48
734,2.174544833459081,2.493151119554056,0.3245264279345671,0.23728022600213683,48
735,2.164474148459271,2.49394724160898,0.3283228886624177,0.236615564674139,48
736,2.176412634460005,2.4938581252809087,0.3226188458502292,0.23631770039598143,48
737,2.165779642136752,2.493924517562424,0.32966852188110346,0.2364992909133434,48
738,2.1774934225578937,2.4940104670448844,0.32602339486281073,0.23614485934376714,48
739,2.171995015903301,2.4947327058866136,0.3230511806905269,0.23501709848642346,48
740,2.179041996340323,2.4939294167469312,0.32353712494174636,0.23606439679861066,48
741,2.1711672393013353,2.4941412771126896,0.32739319403966266,0.23632501934965447,48
742,2.1690989382386143,2.4941111472222453,0.32759012406071025,0.23638316368063286,48
743,2.1737000153949646,2.4936762422306615,0.324767991900444,0.2370937752226988,48
744,2.180221436656533,2.4936688885491427,0.3228647001087665,0.23637211943666137,48
745,2.160648648958343,2.4933869753826157,0.33075744037826854,0.23705546061197913,48
746,2.1732296579621946,2.493793369593761,0.32668772091468173,0.23650403817494706,48
747,2.166677758276529,2.4937452648661473,0.3287501434485117,0.2368891375760237,48
748,2.175557457077011,2.49344964445036,0.32567240794499713,0.23656218498945233,48
749,2.175706893313803,2.4933646300448356,0.3237896176675955,0.23705887297789252,48
750,2.169456446848057,2.4938348173895806,0.32684063538908953,0.23655591532588002,48
751,2.163840562067739,2.494367268513743,0.3267140835523605,0.23529872546593344,48
752,2.1655427233624365,2.4951020123451584,0.3288393691182136,0.23522444069385526,48
753,2.174895697681515,2.494363171350597,0.3229004753132661,0.23594496274987853,48
754,2.166682606420492,2.4942966476331985,0.33033261572321254,0.2362846123675505,48
755,2.1699349304348114,2.4943326206227874,0.32470547656218207,0.2359786840776602,48
756,2.1684383200757136,2.4934314751754636,0.3263056104381879,0.23709339400132493,48
757,2.169673163911805,2.4938110574963632,0.32416543985406554,0.23647119229038552,48
758,2.1748009416509246,2.493048584356555,0.3247959812482198,0.2372578804691632,48
759,2.1659840667866783,2.4940370841983834,0.32993614797790843,0.23579949264725045,48
760,2.173059657557193,2.4942867544499396,0.32386333122849464,0.23575981085499123,48
761,2.178706585125408,2.49466355586032,0.32336028044422466,0.23568690940737722,48
762,2.182365349535001,2.494492803761526,0.32185718913873035,0.23594666520754493,48
763,2.1797198311060186,2.4934390779406064,0.3239659555256366,0.23750403895974156,48
764,2.170772130569388,2.493288731445437,0.32828073576092714,0.237178411334753,48
765,2.181908543073452,2.493479418033607,0.31923245762785274,0.23730897779266036,48
766,2.1718551743794325,2.493343341767522,0.3247978637615839,0.2365668987234433,48
767,2.1752001417833022,2.493582309131306,0.3225227706134319,0.2367737380166848,48
768,2.173306178748774,2.494108920744563,0.3250165979067484,0.23640515655279157,48
769,2.158669507233941,2.4934334059473264,0.3328064158558845,0.23671641076604522,48
770,2.172780770223977,2.493642739212367,0.3244105676809947,0.2362764713664849,48
771,2.1703881239055725,2.4937993807504273,0.3245285935699939,0.23566916957497594,48
772,2.1729597103314515,2.4939577791221033,0.3240584582090377,0.23572189360857007,48
773,2.176683144104141,2.4941799630522064,0.32457320888837177,0.23559802646438277,48
774,2.1728779523399937,2.493767887877182,0.3257342850168546,0.2354689923425515,48
775,2.171673722065973,2.4936406451091586,0.32530250897010166,0.2360026898483435,48
776,2.1685119722140427,2.494350075455945,0.3274485828975836,0.2360982423027356,48
777,2.172575118354018,2.4935551111647647,0.3256948043902715,0.23691490416725472,48
778,2.1792682350588737,2.494595425035244,0.3218493151168028,0.23578376695513723,48
779,2.1712857532574437,2.4943160300154483,0.32462096462647116,0.2358857082823912,48
780,2.173855184306485,2.4942429073761274,0.32354730367660517,0.23567060008645055,48
781,2.180478924857312,2.493678305667712,0.32193643599748606,0.23682565366228417,48
782,2.1708811688513014,2.4938605710648107,0.3239232959846655,0.2365690506994724,48
783,2.18295405837975,2.494086205651994,0.32093898331125575,0.2362643678983052,48
784,2.173954951353808,2.4936891760481905,0.3244804069399833,0.23665364086627957,48
785,2.1725960484992384,2.493586201972454,0.3240805404881636,0.2363573908805847,48
786,2.175735675563931,2.49383224293573,0.3239785594244798,0.23637247085571286,48
787,2.178171083368548,2.493548837883882,0.32232633729775745,0.23675626640518502,48
788,2.180655760281849,2.493922856514869,0.32018812869985896,0.23630392178893087,48
789,2.1687887363772296,2.4938877580340626,0.3263741632302602,0.23645840212702748,48
790,2.1637324883884923,2.493223676323027,0.33049776280919707,0.23703014726440108,48
791,2.171099687079389,2.4932302832603455,0.32428919275601703,0.23763296132286385,48
792,2.180222706287883,2.4935467341954225,0.3215284198522567,0.2374945444365342,48
793,2.1780464580144248,2.4946653950074844,0.3231775586803754,0.23532297338048613,48
794,2.172634563062991,2.4941141227449197,0.3269007690250873,0.23596928268671033,48
795,2.1741112570924708,2.4944350827680517,0.3236912625531355,0.2354897210995356,48
796,2.1766111774776715,2.494459437436882,0.324009000013272,0.2358209093411763,48
797,2.1735936698926555,2.494676902400145,0.32241914793848986,0.23522464931011197,48
798,2.1724004193865873,2.4937756822725867,0.3253313141564528,0.23603272810578343,48
799,2.1795678743806586,2.4936728725913775,0.32142898688713706,0.23587203646699584,48
800,2.166303456070901,2.493737517798957,0.3256260901689529,0.2358422204852104,48
