epoch,train_loss,val_loss,train_recon_loss,val_recon_loss,train_kl_loss,val_kl_loss,beta,num_tracts
1,0.18737922322605405,0.07438270996093764,0.1873537127527398,0.07421562646458818,3.3190002940108427,21.738234788079723,7.686158073360571e-06,48
2,0.039282392700827236,0.0175789662369966,0.03901372731997407,0.017283254302719698,29.348188704922837,32.302674676147326,9.154408582006738e-06,48
3,0.013340392442497781,0.008418929086036173,0.012961592718796983,0.008017187220929638,34.61934631169341,36.716080686586224,1.0941850065037412e-05,48
4,0.00711061904381806,0.005325257556916108,0.0065920373746481626,0.0047533574443788685,39.53716977523865,43.60221832824524,1.311630654928996e-05,48
5,0.0046260634431478835,0.0038660460360860475,0.003883026256605346,0.0030574203914046708,47.14924724630509,51.31114693761802,1.5759257661579782e-05,48
6,0.0036630173693939813,0.0033069977589578066,0.0026341249518301584,0.002226477514193154,54.24295168066743,56.96475812105032,1.896822375212947e-05,48
7,0.003319331537372292,0.0031394933503219435,0.0019858622386136394,0.0017984716433240063,58.33355006031454,58.663935595332184,2.285938966519435e-05,48
8,0.0033220303513391853,0.003234622594494481,0.001715643339620823,0.0016748050185220354,58.26492152415062,56.575811544356405,2.7570396583288994e-05,48
9,0.0034689670083644687,0.003407862353727679,0.0016489101589641792,0.001691611710961294,54.71688246137932,51.59612767167447,3.326316923375208e-05,48
10,0.00366159130312525,0.0035783574154425544,0.0016849561448736416,0.0017513667045897417,49.260024266634694,45.53071207788211,4.012655707396759e-05,48
11,0.0038705619948055142,0.003766342222286279,0.001778530841598377,0.0018419052316852602,43.24304150271223,39.77880976821733,4.837844730438922e-05,48
12,0.004098135356472017,0.0040456123223071416,0.0019150000436551082,0.002052776206684496,37.46787910459596,34.20188478341403,5.826685172296986e-05,48
13,0.004323118194884367,0.0042236688436690685,0.0020667796097402435,0.0021584488215109043,32.201536473126005,29.47397094805504,7.006928192300347e-05,48
14,0.004541799987570609,0.0044717471640656125,0.002213564518912131,0.0023514969236826957,27.68758098099283,25.21420249269825,8.408952379742846e-05,48
15,0.004783478904987635,0.004735890240324885,0.0023848595807218187,0.0025240910591636623,23.83111526029593,21.974992128809628,0.0001006507386305,48
16,0.005035331884734717,0.004895467848281058,0.002552325559556375,0.002608505378824958,20.67729335388513,19.04473357885212,0.00012008371909999999,48
17,0.005243639644594418,0.005163104787432912,0.0026842838845767686,0.002836764098247737,17.93406020807719,16.30126391305124,0.0001427092138355,48
18,0.00551953087295261,0.005451388817477373,0.0028852085407421626,0.0030161040586722024,15.60491393951856,14.425876674274503,0.0001688136332512,48
19,0.005750326642042131,0.005662638071946406,0.0029833066073996603,0.0030807263451656775,13.93134552021347,12.99936538619283,0.0001986182953299,48
20,0.005991801293197284,0.005890770075807429,0.0030928272109085604,0.0031935472013367295,12.482463976392227,11.613759489897161,0.0002322437412844,48
21,0.006242033009526263,0.006133447637025964,0.003262144037064702,0.0033739213313421813,11.050029721935521,10.232880512983908,0.0002696724799486,48
22,0.006490670873939643,0.0063507786948170586,0.0034869806206633894,0.0035738162415766207,9.667011560484797,8.937315664405714,0.0003107154933535,48
23,0.006647681171858467,0.006563235926527865,0.0036173402723973917,0.0037713173055513582,8.536427847995558,7.864795502336226,0.0003549893500804,48
24,0.006825581973652091,0.006607818345385762,0.0037919043294026293,0.0038043915492146957,7.5481322366702805,6.97524215921229,0.0004019110275476,48
25,0.006919622193323684,0.0068874651604775945,0.003915216899021979,0.004127392293208061,6.66585262727824,6.123753904117637,0.0004507158366848,48
26,0.007015423052310863,0.0068321636072516375,0.004066394724903368,0.004090113400537823,5.8921641625341215,5.478621502723371,0.0005005,48
27,0.007010167626988893,0.0068314044979778865,0.004086762753215684,0.004108222502783533,5.312536770209026,4.948683208054169,0.0005502841633151,48
28,0.007043887783222316,0.006915079176525879,0.0041796712017685604,0.004207669121431843,4.780953705973547,4.519212081846937,0.0005990889724523,48
29,0.006983853945569836,0.006919158213886199,0.004159034681609118,0.004236827525579245,4.372713340669949,4.152146363777903,0.0006460106499195,48
30,0.006966856702481186,0.006887968034553801,0.004162221963375686,0.004203522854327597,4.063012576553112,3.8888966000256437,0.0006902845066464,48
31,0.006988849001857021,0.006873927199940137,0.004210351543534733,0.004242250904877567,3.7992519335476387,3.5984921321623013,0.0007313275200513,48
32,0.007004135778760752,0.006887073128989116,0.004254952752870718,0.004209284781954261,3.576143948700936,3.4832735855186994,0.0007687562587154999,48
33,0.006943743264396476,0.0069204111909649925,0.004215806081433726,0.004333956153544061,3.399799773122973,3.223472079981589,0.00080238170467,48
34,0.006894993322765199,0.00680088308950049,0.004254475790089887,0.004253708921327543,3.1729882082322156,3.06082173103915,0.0008321863667487,48
35,0.006748714579871834,0.006678724709466808,0.004177323139837435,0.0042113112048415054,2.9959444529243817,2.8747991057552214,0.0008582907861644,48
36,0.00666273084432634,0.006686279910073995,0.004159034900264525,0.004300842211143194,2.8421497893086918,2.707905175001672,0.0008809162808999,48
37,0.00657717771609204,0.006454556766141702,0.00415783094222415,0.004120547277624614,2.6871202259504994,2.592337831001764,0.0009003492613694,48
38,0.00645450022304355,0.006418047626330793,0.004101725447870028,0.004122027834648983,2.5659809287896542,2.5040827887842636,0.0009169104762025,48
39,0.006341015347785719,0.006342467842567438,0.004059097599214255,0.004142775628657793,2.4512218545220055,2.3628957029576187,0.0009309307180769,48
40,0.006271801369113545,0.0061259582962265476,0.004045635378272104,0.003975647848404836,2.3613957215675243,2.280932276494541,0.000942733148277,48
41,0.006230715858752296,0.006097035557973852,0.004046645373025745,0.003945950258325349,2.292694758526023,2.258069075470095,0.0009526215526956,48
42,0.006092833471609841,0.00603621963299178,0.0039368782184797035,0.003943300781334095,2.2437452895889787,2.178142054510762,0.0009608734429260001,48
43,0.006016884974655371,0.005907542811930472,0.0038904113908958342,0.003816034805097583,2.1973676407957368,2.1612363910913897,0.0009677368307662,48
44,0.00595114256976965,0.005883156209172651,0.00386524359342928,0.003851488176413689,2.1428349801245647,2.0871237862447294,0.0009734296034167,48
45,0.005888600589327573,0.005811281634811659,0.0038302002434348757,0.0038026509418797364,2.1044012133889187,2.0535193115991732,0.0009781406103348,48
46,0.0057965536949439135,0.00575698245330705,0.0037819102412726333,0.003779352771369615,2.051505293892421,2.013814270141938,0.0009820317762478,48
47,0.005741933059893618,0.005610583567824239,0.003757233008793655,0.0036672438820666516,2.014431461377739,1.9724514695683908,0.0009852407423384,48
48,0.0056491868717730475,0.005618493562498304,0.0037024624474862027,0.003721513839887437,1.9706009116953274,1.92024605840131,0.0009878836934507,48
49,0.005620598971801884,0.005451621220751855,0.003713677906647455,0.003575196854253016,1.9260697181742925,1.8952667968265822,0.0009900581499349,48
50,0.005472366584068637,0.00544099240147681,0.003604146921834321,0.003606342082804488,1.8835790666615508,1.849733684766812,0.0009918455914179,48
51,0.005438108056481087,0.005327104893656548,0.0035725954860756364,0.003491619141631238,1.8655124778368373,1.8354856787934877,0.001,48
52,0.005388878870871121,0.005354482322025325,0.003550796098366922,0.003558548454857634,1.8380826677647144,1.795933738724421,0.001,48
53,0.005306444183988531,0.005248259702536759,0.0035069764710372302,0.0034815578738742275,1.7994676110599424,1.7667017549761985,0.001,48
54,0.005314428599131675,0.005145146500894902,0.003535503150332377,0.0033879137288479783,1.7789253733854347,1.7572327224752453,0.001,48
55,0.005242966581761002,0.005300680465482001,0.003471835848939899,0.0035502538118995872,1.7711306420196846,1.750426571471342,0.001,48
56,0.00520054656889627,0.005165463146906429,0.0034520355558098274,0.0034613070090295946,1.7485109272674537,1.7041560679312981,0.001,48
57,0.00517673637719714,0.0051006557601592836,0.003456819232029569,0.0033967595440703813,1.7199170510762125,1.7038961448113996,0.001,48
58,0.005102557102521195,0.005061916797813327,0.003397887498975417,0.0033919137497367296,1.704669530863373,1.670002984739617,0.001,48
59,0.005136293149957201,0.005028232934819855,0.003449822732613659,0.0033498227550099163,1.686470345677814,1.678410113785047,0.001,48
60,0.005008218033622876,0.0049667693183329574,0.00331796526239176,0.0033144948628259945,1.6902526779971092,1.6522743799614232,0.001,48
61,0.004998480536085616,0.004969701324529456,0.0033424159638125173,0.003340935608572196,1.6560645083305199,1.62876567793234,0.001,48
62,0.004913918070014376,0.004865827394779764,0.003272321057521573,0.003249885332376759,1.6415969482095425,1.615941985045252,0.001,48
63,0.004925357807246299,0.004925591974291687,0.0032999912849315405,0.003321398651086733,1.625366431072189,1.6041932493730977,0.001,48
64,0.00489224379585694,0.00491895964789492,0.0032730756224175765,0.003322758376220918,1.6191681066587125,1.5962012086931094,0.001,48
65,0.004887226506223168,0.004876629452104932,0.0032796129933255276,0.0032882804226637176,1.6076134134548328,1.5883489460264997,0.001,48
66,0.0048360536573093665,0.0048635151785448826,0.0032321818886543057,0.003277759388179932,1.6038716986912938,1.5857557146418317,0.001,48
67,0.004828568445411804,0.0047987073341293806,0.0032305279143453763,0.003225435904219179,1.598040443002386,1.5732713660652056,0.001,48
68,0.004794767006388384,0.004797528829854054,0.0032119592337780238,0.0032418350652563634,1.5828076941407394,1.5556936855706154,0.001,48
69,0.004750776469851988,0.004747555555956147,0.0031838019784714397,0.0031997214888196106,1.5669744128763614,1.5478339728471904,0.001,48
70,0.00474384795759544,0.004770319528857117,0.0031848867589340003,0.003231422501954361,1.5589611270943475,1.5388969854040953,0.001,48
71,0.0047193383878614695,0.004776149188196602,0.003168997219957479,0.003245759285259917,1.5503410703075577,1.5303898388784865,0.001,48
72,0.004722176321685457,0.004626808350130548,0.0031783884181719596,0.0031014724477376847,1.5437878273168517,1.5253358137674795,0.001,48
73,0.004666330579511448,0.004667320668523855,0.003130219638486124,0.003153169719399869,1.5361108614235368,1.514150850261067,0.001,48
74,0.004677940265193631,0.004673399399510956,0.003149647766056852,0.003161742552768545,1.5282924162024747,1.51165678629656,0.001,48
75,0.0046419839295228455,0.004676082246693097,0.0031178628017623135,0.003171304466574257,1.5241210423956744,1.5047777012051649,0.001,48
76,0.004630865816331581,0.004663258388538655,0.0031129375573193617,0.0031627579248836185,1.51792820244352,1.5005003792843146,0.001,48
77,0.004598197551034285,0.004624252817551547,0.003084102639696294,0.003127028889316766,1.5140948290470904,1.4972238505379478,0.001,48
78,0.004604397050188448,0.004642205987595475,0.003094048195084105,0.003150774733897833,1.5103488024093545,1.49143116460281,0.001,48
79,0.004596393353401314,0.004605612523210143,0.0030921205898911757,0.003119822865608036,1.5042726937516813,1.4857895992226222,0.001,48
80,0.004588308127292097,0.004517324535741439,0.0030894881754651503,0.0030336540462117183,1.498819876707253,1.4836703897112413,0.001,48
81,0.004571888868550711,0.004630298820766968,0.0030730690447244614,0.0031478969247441964,1.4988197332939377,1.4824018409808772,0.001,48
82,0.004584292237695325,0.004581984032162708,0.0030887181298888456,0.0031044879330171166,1.4955740404853957,1.47749603182635,0.001,48
83,0.004537923636170472,0.004534905134167173,0.003048306150122609,0.003064521407296648,1.489617423244437,1.4703836662982281,0.001,48
84,0.004516123216719173,0.004530122690753029,0.0030326077241194208,0.00306392953846521,1.483515422464994,1.4661930838601387,0.001,48
85,0.004523883941495926,0.004442642319807453,0.0030440689408289235,0.002979920721805683,1.4798149291014366,1.4627215261885356,0.001,48
86,0.004579206974332529,0.004530931732396381,0.0031033799250596607,0.003071377131488503,1.475826968403623,1.4595545458575627,0.001,48
87,0.004505861850992576,0.004513380559629643,0.003031969456751327,0.003054364367186615,1.473892338872564,1.4590161465000175,0.001,48
88,0.004453108820484743,0.004472601987847077,0.0029792428779806626,0.0030144370883735745,1.4738658783929626,1.4581648236569167,0.001,48
89,0.004505343516060276,0.004517858660591186,0.0030337466796594974,0.0030628546234521964,1.471596757276976,1.4550039896978042,0.001,48
90,0.004485172264585551,0.004396814904582948,0.0030160049614395643,0.0029423574569699927,1.469167243356108,1.454457371823837,0.001,48
91,0.004503959758511574,0.004447452204602633,0.003034181254288401,0.0029923912193668945,1.4697784468704551,1.4550609128301744,0.001,48
92,0.004514486624945362,0.004447221297303243,0.0030452528471594485,0.0029947234491178765,1.4692337082487432,1.4524977879301877,0.001,48
93,0.004455725498907001,0.004426131322888766,0.0029905146331727205,0.0029784626950724456,1.4652107996826746,1.4476685679121946,0.001,48
94,0.004461273326638641,0.004478417548917145,0.002999898473341521,0.003032716517249631,1.4613747946206068,1.4457009741034241,0.001,48
95,0.004482760143359676,0.00446071477208785,0.0030229313545513856,0.0030165214709797126,1.459828722701247,1.4441932009778746,0.001,48
96,0.004461688919145726,0.004421043429134755,0.0030035481595805484,0.0029786841716497024,1.4581406861921309,1.4423591578613502,0.001,48
97,0.004441726820017606,0.004449824711009998,0.002984957351399532,0.0030079649275012985,1.4567694049243072,1.4418597384794216,0.001,48
98,0.004439428908812546,0.004419936970545174,0.002983035590156854,0.0029782569451301433,1.4563932337236138,1.441679931990327,0.001,48
99,0.004405929811512799,0.004456223134624966,0.0029493845579005814,0.00301457875267934,1.4565451911268703,1.4416443209919205,0.001,48
100,0.004430896413662968,0.004467431039108737,0.0029748623222511338,0.003025844627266213,1.456034027251427,1.4415863416343007,0.001,48
101,0.004426937097333448,0.004429160332431768,0.0029708266830398306,0.0029881248297510695,1.456110348604918,1.4410354138092067,0.001,48
102,0.0044179476414631935,0.004417282428648568,0.002963302780191662,0.0029788941285051524,1.454644788638557,1.438388242769143,0.001,48
103,0.004392454057340485,0.004451831032286492,0.0029405931672429934,0.0030159941652917045,1.4518608234472579,1.4358368271865114,0.001,48
104,0.004403937098335844,0.004453010919602493,0.0029545138574608065,0.0030190457568630945,1.449423163833919,1.433965101135521,0.001,48
105,0.004381212643080624,0.004418683361840507,0.002933165276389815,0.0029854551947032545,1.4480473141147658,1.433228102177073,0.001,48
106,0.004411678960333066,0.004374600337248527,0.002964251365915778,0.0029422212085346653,1.4474275287917873,1.432379114166917,0.001,48
107,0.004363264216891326,0.0044006314375634546,0.002916614248375925,0.0029683824764149686,1.4466498930871552,1.4322488918961653,0.001,48
108,0.004370644604297412,0.004369753650759911,0.0029238258023470856,0.0029379100334109526,1.4468187488223823,1.4318435351507295,0.001,48
109,0.0043901166654006524,0.004315733871612724,0.0029444847180120424,0.0028850288859644975,1.4456318725656778,1.4307049145584931,0.001,48
110,0.004394896197797081,0.00436538810771532,0.0029496851030723693,0.0029348008029810094,1.4452110463548655,1.4305872298814621,0.001,48
111,0.004385482567272366,0.004423980601205166,0.002940505462132387,0.0029934984389144432,1.444977036303694,1.4304820692359035,0.001,48
112,0.004378026959670323,0.00442223397820942,0.0029335245735542244,0.0029921456185370097,1.4445023053317565,1.4300882888282942,0.001,48
113,0.004352649487874837,0.0043581920508189475,0.0029075165581436847,0.0029278038761523816,1.445132872687216,1.4303881213329201,0.001,48
114,0.004377072650275094,0.004358803298718762,0.0029322436510116636,0.0029280707904349667,1.4448289431263215,1.4307324193341502,0.001,48
115,0.004363662261900456,0.004370250266856471,0.002918702939993247,0.002940658834711136,1.4449592592695015,1.4295913915951608,0.001,48
116,0.00434005751827295,0.004391521760678627,0.002896648727101353,0.0029635546870802466,1.4434087169892384,1.4279669710157752,0.001,48
117,0.004334844700388058,0.004365418083656203,0.0028932035689337543,0.0029389310030057034,1.4416410540003424,1.426486996424346,0.001,48
118,0.0043374978333276535,0.004368492943250326,0.002896805809671771,0.00294244996554434,1.4406919646314977,1.4260429101784349,0.001,48
119,0.004373509039295588,0.004377934093632925,0.0029330208193472707,0.0029520381099713867,1.4404881536332905,1.4258958946128841,0.001,48
120,0.004326683248621108,0.004389228221211934,0.0028865871463409254,0.002963921792951437,1.440096036413818,1.4253063732051003,0.001,48
121,0.004352156895523577,0.0043216890300703205,0.0029126785376558145,0.0028969534753239966,1.4394782889951954,1.4247354982816853,0.001,48
122,0.004369694147280772,0.004326290636980151,0.002930797556445907,0.002901817414730841,1.4388965155211155,1.4244731485472217,0.001,48
123,0.004364638235991154,0.004392901904018376,0.002925470691503975,0.002967995940098471,1.4391674736804487,1.424905879431539,0.001,48
124,0.00433503141900619,0.004358007073809069,0.0028956765459379956,0.002933065926426923,1.4393548127346285,1.4249410872569321,0.001,48
125,0.004354764425567432,0.004354731577450372,0.002915584861019596,0.002930365286874785,1.4391794905705237,1.4243662207384669,0.001,48
126,0.004327334946253527,0.004293429749134297,0.0028887879964580396,0.0028693789512566448,1.4385468869646856,1.42405072405907,0.001,48
127,0.0043440209127111025,0.00434662146234681,0.002905702516001442,0.002922930686213807,1.4383183230139596,1.42369067674015,0.001,48
128,0.004321713639919845,0.0043586993695977445,0.0028838290234669208,0.002935375181898115,1.437884542086976,1.4233240930313038,0.001,48
129,0.0043614643313342255,0.004356446006085369,0.002923849818728413,0.002933451107039745,1.4376144472829546,1.4229948714836826,0.001,48
130,0.004353280853470907,0.004353637086716579,0.0029163058287615764,0.0029312191053088572,1.436974960116318,1.4224179261498426,0.001,48
131,0.00434238513045498,0.00435858066497667,0.0029056930336371703,0.002936431612787192,1.4366920132193781,1.4221489819425528,0.001,48
132,0.00434485843471998,0.00427562755993737,0.0029084331484712338,0.0028536002361570704,1.436425225549826,1.4220272306492598,0.001,48
133,0.004321087871737368,0.004327958451550268,0.0028846694585471125,0.0029060018580833844,1.4364183451358536,1.4219565186359422,0.001,48
134,0.004322590774150645,0.004338286832845425,0.0028864578567593287,0.002916664750185134,1.4361328500959845,1.4216219890044846,0.001,48
135,0.004329580088615492,0.0043099687460261835,0.002893517234992116,0.002888764875166016,1.4360627832787702,1.4212037534638453,0.001,48
136,0.004322759436285378,0.004317000117256941,0.0028874667866273696,0.002896310032769292,1.435292567380473,1.4206899997896845,0.001,48
137,0.004346598106813391,0.00435242473895017,0.002911633585877035,0.0029318778151586167,1.4349644609356726,1.420546888748618,0.001,48
138,0.00433210045870289,0.004317800740524214,0.002897297151536663,0.0028974578972103173,1.4348032352034048,1.4203427565683466,0.001,48
139,0.004349194119180519,0.00431050114514482,0.0029145095468639803,0.002890262853119465,1.43468450772828,1.4202382332827181,0.001,48
140,0.004341512839711686,0.004357143025575972,0.0029069279453345907,0.0029370148122649545,1.434584811860445,1.4201281572752489,0.001,48
141,0.004332714838366864,0.00426410924987391,0.0028983537116567073,0.0028440772245575696,1.434361053780523,1.4200319414712161,0.001,48
142,0.004326050382306098,0.00431127817686398,0.002891495968890064,0.002891201928206598,1.434554354355012,1.4200761899509284,0.001,48
143,0.004320539081704902,0.004309588951794583,0.0028863087374401968,0.0028897038226211595,1.434230265915111,1.4198850662159013,0.001,48
144,0.004292092626206226,0.004353926581124614,0.0028577211140454442,0.002933997267035355,1.4343714484742005,1.4199292646691086,0.001,48
145,0.0043279678095248944,0.004280594282327968,0.0028938115850635705,0.002860793538879516,1.4341561670219634,1.4198006946722301,0.001,48
146,0.004301377563265924,0.004339723478782096,0.0028672509194190856,0.0029201144995994435,1.4341265695281233,1.4196089153531748,0.001,48
147,0.0043550321861348575,0.0042923664709494675,0.00292107355449822,0.0028726449453633372,1.4339585517736975,1.419721459224288,0.001,48
148,0.004304838344066754,0.004364646307302467,0.002870694038489272,0.0029449108472811357,1.4341442443869024,1.419735403891348,0.001,48
149,0.0043229922137254136,0.004314484961186317,0.0028890091856721904,0.002895069691011215,1.433982954821799,1.4194152096955388,0.001,48
150,0.004313518231500249,0.004294424273511937,0.0028798294229652414,0.0028752651913206053,1.433688745061743,1.41915900917377,0.001,48
151,0.004297247353164907,0.004254561638594144,0.0028639430291604855,0.0028356470372077783,1.4333042516173398,1.4189145438860689,0.001,48
152,0.004326807134140078,0.004331542967548222,0.0028935789682542575,0.002912708523743219,1.4332281216400542,1.418834401672523,0.001,48
153,0.004315815348018387,0.004340160592203063,0.002882670279980196,0.0029212281360363125,1.433144998719074,1.4189324111966688,0.001,48
154,0.0043070356203155375,0.004334913881577919,0.002873762229370714,0.0029160620761264824,1.4332733330292238,1.4188517500522435,0.001,48
155,0.004316048562090414,0.004260843842481726,0.0028830014765553213,0.0028422303284974765,1.4330470144810825,1.4186134373534367,0.001,48
156,0.004303440541222158,0.004302925079441078,0.0028706157127518957,0.0028845353267237927,1.4328247547755326,1.4183896904087747,0.001,48
157,0.004290491102898172,0.004294938245776153,0.0028578270584825216,0.0028765189394377878,1.4326639624655417,1.418419205628348,0.001,48
158,0.0043172437200334,0.004323739761244932,0.002884431435977134,0.0029051977256892344,1.4328122346645618,1.4185419676571212,0.001,48
159,0.004312205033665054,0.00428419918391759,0.002879279053122363,0.002865594768659095,1.4329259128323872,1.4186043330137952,0.001,48
160,0.004294169084688681,0.004329356188146186,0.002861273150773251,0.002910721733195187,1.4328958654385324,1.4186343972860822,0.001,48
161,0.004328266797713205,0.004336378939872247,0.002895324524661703,0.002917821415210154,1.432942210813173,1.4185574339390792,0.001,48
162,0.0043220158075223695,0.004315878547090852,0.002889151855758084,0.0028973659074932475,1.432863897536313,1.418512536021655,0.001,48
163,0.004325712286803563,0.004292663511972719,0.002892911953655209,0.0028741618143334484,1.4328002728805764,1.4185016171728224,0.001,48
164,0.004306682188878589,0.004360182675417036,0.002873829634066879,0.0029417211227753017,1.4328524767125808,1.4184614812442637,0.001,48
165,0.004296021038790725,0.00427622255811416,0.002863306030831295,0.0028579598198508016,1.4327149482689656,1.4182626825103875,0.001,48
166,0.004272125412367551,0.004270052344680674,0.0028395969863863444,0.0028518468555505765,1.4325283432160356,1.4182054015973609,0.001,48
167,0.0043096974810756675,0.004338830030456767,0.002877222782220718,0.0029207352641233797,1.4324746347838675,1.4180947233035326,0.001,48
168,0.004315637592186217,0.004305822872359837,0.002883252597891085,0.0028878281399537203,1.4323849444012848,1.417994655078978,0.001,48
169,0.004274011678313072,0.004275001632969568,0.0028417645284496834,0.0028570866316783117,1.4322470622209862,1.4179149167516834,0.001,48
170,0.004333197035337217,0.004301104298771805,0.0029009286643517985,0.0028830403880345545,1.432268300174351,1.4180638279783413,0.001,48
171,0.004288504862647588,0.00429523527063314,0.0028560594702743878,0.0028771483289760295,1.4324453307044405,1.4180869075968185,0.001,48
172,0.004304886264155043,0.004326490912884273,0.0028725714610093856,0.00290851997944123,1.4323147398886782,1.4179708667581172,0.001,48
173,0.004311466693025456,0.004262365441041954,0.0028791822211759327,0.0028443681811557505,1.4322844044435985,1.4179971869347792,0.001,48
174,0.004310170915532696,0.004332605478903281,0.0028777677747223412,0.0029145853268038343,1.4324030593372752,1.4180200899719433,0.001,48
175,0.0043224256176032155,0.004266345146328996,0.0028901049088094883,0.0028483604528627385,1.432320660581328,1.4179846134177334,0.001,48
176,0.004312165923159634,0.004323046607110747,0.0028798941524499993,0.002905078277791448,1.432271688485044,1.4179682649854188,0.001,48
177,0.004288527376949504,0.004362691328234781,0.0028562286931718608,0.0029446992036123894,1.4322986178415757,1.4179920747237507,0.001,48
178,0.004303328812106941,0.004301749263135684,0.0028709525398797468,0.0028837506337725336,1.4323762124186041,1.41799857994227,0.001,48
179,0.004291502153286555,0.004373520543715666,0.002859198352251924,0.0029555995801369677,1.432303741551958,1.417920900082982,0.001,48
180,0.004295088237710535,0.004365576597103253,0.002862907218565334,0.0029476866191984197,1.43218095161206,1.4178899139011936,0.001,48
181,0.004290037796016977,0.004386009879635308,0.002857865700908567,0.002968065364866879,1.4321719998195537,1.4179444202869764,0.001,48
182,0.004298201596623991,0.0043574296871621175,0.0028659064922632455,0.0029394330979371935,1.4322950557677734,1.4179965424245848,0.001,48
183,0.004318499631959762,0.004273904395517167,0.002886208620077034,0.0028559435902747415,1.4322909402964095,1.417960744756143,0.001,48
184,0.004295649912115879,0.004335751741054977,0.0028633967840128623,0.002917805608025447,1.4322530652034284,1.4179460316223358,0.001,48
185,0.0043093137709218745,0.004284051070490587,0.0028771186037801887,0.002866165716157495,1.4321950948649187,1.4178853143387684,0.001,48
186,0.004309435866675408,0.004333339304542288,0.002877270004849898,0.002915422519314287,1.4321657930558578,1.4179167514408275,0.001,48
187,0.00432407182186211,0.004285628211993848,0.002891848582816006,0.00286767961982075,1.4322231717564946,1.417948543666187,0.001,48
188,0.004291596850382189,0.004341880644877964,0.002859329363126117,0.0029239136179150956,1.4322674154361124,1.417966941275992,0.001,48
189,0.004269769002403707,0.004311612858652998,0.0028374704122035694,0.002893637390148307,1.4322985172550744,1.4179754205932793,0.001,48
190,0.004303810312946392,0.00431271902820694,0.0028715235037301084,0.0028947569985398967,1.4322867450465757,1.417961960863999,0.001,48
191,0.004323397584933109,0.004366297933695935,0.0028911619973292194,0.0029483848551331003,1.4322355273796121,1.4179130244995621,0.001,48
192,0.004272673535810969,0.004354255942332381,0.002840483409187904,0.002936359677119147,1.4321900565086054,1.417896199049468,0.001,48
193,0.004292797188048201,0.004277790311250369,0.002860606763681906,0.0028599162326980476,1.4321903629740513,1.4178740030721395,0.001,48
194,0.0042676927146709405,0.0042604322672860255,0.002835555583396447,0.002842614684951107,1.432137068189969,1.4178174961723906,0.001,48
195,0.004297075870323508,0.004297730519103941,0.0028649785184416843,0.002879931459312046,1.4320972722688632,1.417798998066929,0.001,48
196,0.00431437903595338,0.004271585797264623,0.0028822985824370913,0.0028537776090659626,1.4320803774195434,1.4178081181028463,0.001,48
197,0.004287010340628169,0.004243721952328233,0.00285490666315469,0.002825895553674101,1.432103607371489,1.4178263227638466,0.001,48
198,0.004289143030279095,0.004335660109447575,0.0028570242295644327,0.0029178360957171218,1.432118720857572,1.4178239293251294,0.001,48
199,0.004283792207343874,0.004332031991485669,0.002851668727393574,0.002914205373977761,1.4321234110219805,1.4178265447945664,0.001,48
200,0.004288042714217289,0.004323975527880629,0.00285590533385398,0.002906140893906988,1.4321373442868326,1.41783458740968,0.001,48
201,0.0042964754441389245,0.004292091791467272,0.0028643372738731535,0.002874275245089134,1.4321380989768866,1.4178164855784,0.001,48
202,0.0042814370099548355,0.004319887123610131,0.0028493265082448174,0.0029020971894305435,1.4321104359981185,1.417789886579935,0.001,48
203,0.004309689441841913,0.0042877022871099,0.002877610000497162,0.0028699280745752235,1.4320793650329218,1.4177741818295466,0.001,48
204,0.0042759268139906425,0.004333550707768251,0.002843866341795984,0.002915796208036083,1.432060422024815,1.4177544393089898,0.001,48
205,0.004260171858983278,0.004285762452795638,0.002828110401662485,0.002868003745180011,1.4320613971647909,1.417758613529933,0.001,48
206,0.004303094224753013,0.004316037099722665,0.0028710152208140326,0.002898277634749629,1.432078930474967,1.4177593870343836,0.001,48
207,0.004287546475925854,0.0042985615572843,0.0028554646416825372,0.002880794618705008,1.432081755657365,1.4177668510832568,0.001,48
208,0.004269083605844614,0.004305405183939365,0.002837006612982995,0.002887669195798597,1.432076942235951,1.4177359349469307,0.001,48
209,0.004283336571395224,0.004243231034566506,0.0028512934790900567,0.002825520532028772,1.4320430427177264,1.4177104513012255,0.001,48
210,0.004296589729785976,0.004314410465822542,0.0028645716550983052,0.0028967204885369997,1.432018009342545,1.417689922659191,0.001,48
211,0.004313984849463231,0.004278171536441098,0.0028819849852311607,0.0028604968533222004,1.4319997871193884,1.417674614710496,0.001,48
212,0.004293632365192096,0.004282585881852986,0.0028616500429571403,0.0028649213349067233,1.431982228820532,1.4176644952873625,0.001,48
213,0.00427245897788322,0.004292086335665586,0.002840487292754485,0.0028744242193529013,1.431971600438864,1.4176620504254949,0.001,48
214,0.004289802306506561,0.004297976509400777,0.0028578359948348495,0.0028803241479372333,1.4319662665932744,1.4176522910619898,0.001,48
215,0.0043037551651098965,0.004340235252178515,0.002871796748241088,0.002922593774226311,1.4319583401016318,1.4176413885078298,0.001,48
216,0.004307416439626467,0.004353113881819978,0.0028754690372721557,0.0029354822594154944,1.4319473536683187,1.4176315495550964,0.001,48
217,0.004292679449693855,0.004265112244415473,0.0028607424634541734,0.00284749034180894,1.4319369274356486,1.4176218079002594,0.001,48
218,0.004290673463198696,0.004303227448998517,0.002858747669658301,0.002885611865110601,1.431925713263522,1.417615508484138,0.001,48
219,0.00430742046410601,0.0043319853724975805,0.0028755062409088344,0.002914392400032759,1.4319141564868902,1.4175929006442736,0.001,48
220,0.00431406795042841,0.004299575949903686,0.00288217950054174,0.002881997128646821,1.4318883959427577,1.4175787624595115,0.001,48
221,0.004315179526603826,0.004297342392273499,0.002883305786158565,0.0028797774810870435,1.431873675842945,1.4175648567855532,0.001,48
222,0.004265591188121343,0.004290964535205764,0.0028337368703496117,0.0028734147418081404,1.4318542425853116,1.4175497291416497,0.001,48
223,0.004300968861461298,0.004313088124755862,0.0028691300212707696,0.0028955438484522963,1.4318387770114445,1.4175442050885116,0.001,48
224,0.004297362925615194,0.004311677446382049,0.002865525158988601,0.002894133929483022,1.4318376958800911,1.4175434627071024,0.001,48
225,0.004302104657644119,0.00428999296787291,0.00287027076483804,0.0028724583453284993,1.4318338117917466,1.4175345654616847,0.001,48
226,0.004290493725377584,0.004321198350072042,0.002858667756829667,0.0029036718719576905,1.4318259007826384,1.4175264116982766,0.001,48
227,0.004283415071802997,0.004309135710236263,0.0028515988103364055,0.002891621397128881,1.4318161923537194,1.4175142466631339,0.001,48
228,0.004297635989859068,0.004356846344615672,0.002865830383013516,0.0029393412960199102,1.4318055452291134,1.4175049819949483,0.001,48
229,0.004308789105083976,0.004282667438153711,0.002876996756341819,0.0028651729945249655,1.4317922679731396,1.417494360189324,0.001,48
230,0.004305201545828165,0.004279353459685809,0.002873423696381013,0.002861875122564181,1.431777790500275,1.4174782842908202,0.001,48
231,0.004276779073490549,0.004322762133546847,0.0028450147092602875,0.0029052901542315755,1.431764302259947,1.4174719352229426,0.001,48
232,0.004302981667920206,0.004303880926246252,0.002871222756699869,0.0028864149249696607,1.4317588464698676,1.417465932162668,0.001,48
233,0.004311677287580538,0.004293774519720809,0.002879926203556567,0.002876317565666213,1.431751015786418,1.4174568855713658,0.001,48
234,0.0043230992036484735,0.0042891489900597725,0.00289135579250154,0.0028716934427971057,1.4317433345649124,1.4174555008494065,0.001,48
235,0.004343170086912692,0.004356363647308085,0.0029114289605177562,0.002938895322788775,1.431741057652286,1.4174682620079109,0.001,48
236,0.004285064979894548,0.004290743309578011,0.002853319519505472,0.0028732973712449392,1.4317453782527088,1.4174458651285429,0.001,48
237,0.004234296416989422,0.004328937767614184,0.0028025625572395308,0.002911496832468923,1.4317337864524324,1.417440844425643,0.001,48
238,0.0042787095013414435,0.004279335515669824,0.002846976618148103,0.0028619050816134223,1.431732828245254,1.417430378218384,0.001,48
239,0.0042750478910361855,0.004272670772078563,0.002843324153412785,0.002855241243507214,1.4317236616432731,1.4174294348062622,0.001,48
240,0.004290596169449043,0.004258917690227636,0.002858876588259064,0.002841483248899492,1.4317194942165739,1.4174343753904894,0.001,48
241,0.004288071491551747,0.00431880128717698,0.0028563568568291393,0.002901386258835631,1.4317145706396266,1.417414944587792,0.001,48
242,0.004281639986827074,0.004225518050619148,0.0028499342855510795,0.002808112965903159,1.4317056445934384,1.4174050300681964,0.001,48
243,0.004303281015766733,0.004274360382879569,0.002871579200250704,0.002856955968703584,1.4317017522594264,1.4174043566461894,0.001,48
244,0.004283535444081746,0.004314701875931115,0.002851833168271258,0.0028973004134840333,1.4317022209497319,1.417401382342456,0.001,48
245,0.004263409224260256,0.004307926114681773,0.002831716381857119,0.002890535303603522,1.4316927739286516,1.417390767796397,0.001,48
246,0.004278129923277902,0.004295373220227668,0.0028464450087691624,0.002877986611202498,1.431684847738098,1.4173866024421438,0.001,48
247,0.004276582932630582,0.0043466079143771865,0.0028449045438519783,0.0029292323576425587,1.4316783213778965,1.4173754921106239,0.001,48
248,0.00430141664312539,0.004324926465487826,0.0028697508062489017,0.002907565700735712,1.4316657720349995,1.4173607370289611,0.001,48
249,0.004304498602547182,0.004362995823314023,0.0028728476359911534,0.0029456490794225756,1.4316508837584063,1.4173466791456002,0.001,48
250,0.004299670296484118,0.0042751723795465,0.0028680322280679005,0.0028578351933033464,1.4316380060013236,1.4173371333674682,0.001,48
251,0.004294044364854628,0.004291672087524141,0.0028624136906245244,0.002874339847845266,1.4316306003363726,1.4173321502144198,0.001,48
252,0.004299954559933173,0.004355769288130578,0.002868330770194544,0.002938448085139774,1.4316237062503931,1.4173211299127881,0.001,48
253,0.004313542339359877,0.0043593950554678355,0.00288192585876983,0.002942070871822881,1.4316164330074461,1.4173241400283694,0.001,48
254,0.004289646693820033,0.004282065786394522,0.0028580338822108407,0.0028647599899585437,1.4316127529359541,1.4173057073895416,0.001,48
255,0.0042795974824854175,0.0042496155833290986,0.002847998028500827,0.0028323194103858106,1.4315994023774439,1.4172960925710225,0.001,48
256,0.004281443610967103,0.004278278123374654,0.002849854498980361,0.00286099470310182,1.4315890540753173,1.4172833760433985,0.001,48
257,0.004317005770229637,0.004309765492913828,0.002885429977899833,0.00289249481419127,1.431575715998928,1.4172706110849491,0.001,48
258,0.004300592364021974,0.004365328066848174,0.0028690309356717487,0.0029480733831305436,1.431561361718037,1.4172546228013647,0.001,48
259,0.0042642123174945175,0.004311873214907833,0.0028326668821416234,0.0028946332954275776,1.431545389192687,1.4172398220340543,0.001,48
260,0.004308522492098634,0.004339492347323031,0.0028769931213529928,0.002922266711615471,1.4315293026939349,1.417225544649275,0.001,48
261,0.004290252702632827,0.004365901473561586,0.002858735748000015,0.0029486879627688336,1.431516892019304,1.4172134200586408,0.001,48
262,0.00430462364084263,0.004301412790118148,0.002873114793797449,0.002884206481559097,1.431508762853996,1.4172062369036604,0.001,48
263,0.004295761189612246,0.004297204923631917,0.002864259466327968,0.0028800060052401877,1.431501656673989,1.4171988499333101,0.001,48
264,0.004285533615163938,0.004311319483383535,0.0028540348752135246,0.002894132794266036,1.4314986656912454,1.417186607368943,0.001,48
265,0.004287149798354382,0.004285293610527032,0.002855665502377375,0.0028681110538830643,1.431484230987975,1.4171824615070463,0.001,48
266,0.004292461673182532,0.004325681783923581,0.002860984908573991,0.002908505537276971,1.4314767108270268,1.417176188984122,0.001,48
267,0.004298373117423798,0.004262521783518452,0.0028669031792435402,0.002845356291079746,1.431469861504854,1.4171654106706342,0.001,48
268,0.004286414558137435,0.00431166885625805,0.0028549532986861977,0.0028945103280957666,1.4314611876505163,1.4171584486678788,0.001,48
269,0.004275980632530267,0.004283800389358261,0.0028445278669513145,0.0028666520960802058,1.4314526920157462,1.4171482004794196,0.001,48
270,0.004295313279010284,0.004295798771351967,0.002863870420906646,0.0028786596202847597,1.4314427985848772,1.4171390555375456,0.001,48
271,0.0042769784947407205,0.004263682690987449,0.0028455454348013214,0.0028465532953234674,1.431432977856964,1.4171293526991573,0.001,48
272,0.004305604795894256,0.004297205010766472,0.0028741819172255737,0.0028800866186663356,1.4314228202476877,1.417118355359797,0.001,48
273,0.0043042450791057904,0.004291085246531179,0.002872833667595409,0.00287398116920249,1.4314113333296123,1.4171039938050383,0.001,48
274,0.004308344790193102,0.004306806585471243,0.0028769458415816482,0.002889711491560648,1.4313988767648553,1.4170949809303062,0.001,48
275,0.004294855094230583,0.004342273214312698,0.002863468591201846,0.002925191283012585,1.431386442410922,1.4170818434261865,0.001,48
276,0.004312057958957684,0.00426335561049058,0.0028806809500948384,0.002846279670376512,1.4313769300105845,1.4170758583299448,0.001,48
277,0.004298363706445076,0.004301229191242226,0.0028669947724128853,0.0028841649025477833,1.4313688615689595,1.417064194732584,0.001,48
278,0.0042954557620868425,0.004246022748485733,0.0028640980452495856,0.002828966489117102,1.4313576642984467,1.4170562158667843,0.001,48
279,0.004294707469061731,0.00428510418478236,0.0028633536763990387,0.0028680509732882382,1.4313537109334373,1.4170532034898935,0.001,48
280,0.004281307105846954,0.004287989633882726,0.002849962784587245,0.0028709490029577944,1.4313442595583872,1.4170405741992818,0.001,48
281,0.00429885837874079,0.004267847601361756,0.0028675119086248872,0.0028508083735917134,1.43134639429585,1.417039167638446,0.001,48
282,0.004276962332189475,0.004291788718731024,0.002845618380606455,0.002874709677830352,1.4313438820400066,1.4170790037289764,0.001,48
283,0.004290373235917237,0.004315541444395196,0.002859030303539326,0.0028985137524557875,1.431342852124069,1.417027604520123,0.001,48
284,0.004285741879783135,0.004250101121585251,0.002854409019794602,0.0028330795626937146,1.4313327900431991,1.4170214879360785,0.001,48
285,0.00428729799127561,0.004280239210065462,0.0028559795820947823,0.0028632205631883693,1.4313183230816504,1.4170185749625643,0.001,48
286,0.004280097472517306,0.004342416152610396,0.0028487846345104924,0.0029254036737054127,1.431312770331055,1.417012448874268,0.001,48
287,0.004289407797420199,0.004282209095154811,0.0028581002448068355,0.002865206336662131,1.4313074829928418,1.4170027172572957,0.001,48
288,0.004275787376175827,0.00430790897239769,0.0028444892796023434,0.0028909138382181843,1.4312980336957193,1.416995050443724,0.001,48
289,0.004296385635814361,0.004330250092493921,0.0028650959917926218,0.0029132644795047714,1.431289555142479,1.4169855263777718,0.001,48
290,0.004276471482963749,0.004290733557360399,0.002845188691052608,0.0028737540315636853,1.4312827213662673,1.4169794486601086,0.001,48
291,0.004281907597910454,0.004343249658738285,0.0028506350865252525,0.0029262787108671287,1.43127244557626,1.4169708270591936,0.001,48
292,0.004289349541713739,0.004335978155534174,0.0028580831441586177,0.0029190145858521885,1.4312663284603104,1.416963514976764,0.001,48
293,0.0042561967771009125,0.004320277497660682,0.002824943814618839,0.0029033291425973034,1.4312529093697715,1.4169482791956183,0.001,48
294,0.004293785592193798,0.004265435566783112,0.0028625443180643004,0.0028484946144709286,1.4312412244299513,1.4169408775421692,0.001,48
295,0.00427982680547134,0.004323296608005976,0.002848591786249091,0.002906362701017196,1.431234961309036,1.416933840443871,0.001,48
296,0.00429878728318163,0.0043357969117567875,0.0028675616530947153,0.00291887468113599,1.431225566388983,1.4169221587287983,0.001,48
297,0.0042892207861871855,0.004307452735047914,0.002858006556914331,0.002890542927723306,1.431214164881145,1.4169097438832592,0.001,48
298,0.00429912157601809,0.004245082592885643,0.0028679201229396315,0.0028281852241261937,1.4312013833212103,1.416897324741367,0.001,48
299,0.004289795095473183,0.004323891052047152,0.002858604404027184,0.002907000612373294,1.4311906201582962,1.4168903491435938,0.001,48
300,0.004298511374668449,0.004280345676830117,0.0028673264747926855,0.0028634598642312773,1.4311848362332669,1.416885746238026,0.001,48
301,0.004299585916918288,0.004295056618673371,0.0028684058448444605,0.0028781739257904646,1.4311799930428366,1.4168826189128891,0.001,48
302,0.004256846020695589,0.0043308912228460445,0.0028256683869618006,0.0029140119360175644,1.4311775532766908,1.4168792113042963,0.001,48
303,0.004260936399311153,0.004298247582709131,0.002829767010226182,0.0028813807519358515,1.4311693211375747,1.4168667630889444,0.001,48
304,0.004283121399509352,0.004290200053259563,0.0028519627593363867,0.002873342634173102,1.4311585772178343,1.4168573644784626,0.001,48
305,0.004301911653680503,0.00428868516223783,0.002870761326527291,0.0028718355401094586,1.431150265451415,1.4168495252030715,0.001,48
306,0.004281400637434831,0.004304935500229909,0.0028502618676048575,0.00288810229162194,1.4311386993828836,1.4168331618592063,0.001,48
307,0.004272952937621861,0.00427891356176469,0.0028418332406688236,0.002862101652438585,1.4311196228165841,1.4168118331539779,0.001,48
308,0.004262406158697249,0.004299979695650296,0.0028313069226322783,0.002883183656159706,1.4310991733040128,1.4167959714846183,0.001,48
309,0.004319053136996277,0.004314644182718589,0.002887966047550467,0.002897854978341677,1.4310870068293402,1.416789147838814,0.001,48
310,0.004298080090817615,0.004276394448871296,0.002866999366606598,0.0028596134279178244,1.4310806715415847,1.416780973874954,0.001,48
311,0.004287980245714887,0.004294504389858498,0.002856907870796498,0.0028777305162288234,1.4310722924261416,1.4167737904645363,0.001,48
312,0.004277958692256149,0.004340899928286231,0.0028468923123036757,0.002924129112170037,1.431066315742301,1.4167707688388058,0.001,48
313,0.004279016116300718,0.00429343990836569,0.002847939421425323,0.0028766586551852978,1.4310766218458013,1.416781178356876,0.001,48
314,0.004283811139999323,0.0042764472118254045,0.002852751914775226,0.0028596946838557406,1.431059158550678,1.4167524450598723,0.001,48
315,0.004303605394536944,0.004364721720852098,0.002872562536242209,0.0029479820957898245,1.431042780789758,1.416739535720449,0.001,48
316,0.004260367607652275,0.004278958775577049,0.0028293394382450884,0.0028622277329995367,1.43102809167007,1.4167309586756136,0.001,48
317,0.004277408015265393,0.00424860751017411,0.002846386067518502,0.00283188083734531,1.431021857183035,1.4167265999426826,0.001,48
318,0.004277746449141307,0.0042941511004969965,0.002846730821716608,0.002877438128433342,1.4310155383444867,1.4167129008105637,0.001,48
319,0.004295467178437003,0.0042982189826279524,0.0028644671404262577,0.002881517850837241,1.4309999736448187,1.416701070802364,0.001,48
320,0.004304274374223091,0.004273488468329937,0.00287328544225338,0.002856799496077773,1.4309888608979382,1.4166888942570308,0.001,48
321,0.0042510497426551845,0.004354059854289488,0.0028200752577064547,0.0029373869406214277,1.4309744005253222,1.4166728394809958,0.001,48
322,0.0042735823755639685,0.00427761882494733,0.0028426207424300507,0.0028609536079813452,1.4309615788696368,1.4166651556814411,0.001,48
323,0.004290169108859199,0.0043223595405842185,0.0028592152084746113,0.0029057060676897788,1.4309538138368902,1.4166534078497444,0.001,48
324,0.004292927297211772,0.004290229055438215,0.00286198775094984,0.0028735884613792866,1.4309394575644034,1.416640525062877,0.001,48
325,0.004298987231277329,0.004286014650702908,0.0028680610140239334,0.0028693901589051667,1.4309261678668639,1.4166244199227453,0.001,48
326,0.0043126521893757834,0.004295235780524007,0.0028817395299602128,0.002878616823435897,1.4309125928653355,1.4166188494550491,0.001,48
327,0.0042745239963891185,0.004300460030252314,0.0028436187656850336,0.002883856472438714,1.4309051613750317,1.4166034900353848,0.001,48
328,0.0042504374581348835,0.004291546848568102,0.0028195478083037407,0.002874956790270692,1.4308895919475109,1.4165900038220949,0.001,48
329,0.004282799889086364,0.00428090216961206,0.0028519212840881192,0.0028643206224339027,1.4308785341471018,1.416581454376378,0.001,48
330,0.004311641007063085,0.004290482333957114,0.0028807729491453094,0.002873909524943428,1.430867996534811,1.4165727334884,0.001,48
331,0.004292673115266959,0.004319140158793911,0.002861811008150397,0.0029025721562396314,1.4308620457875996,1.416567932629549,0.001,48
332,0.0042985368315031965,0.004266479628468688,0.002867681119508901,0.0028499194449370826,1.4308556586744219,1.4165601288773153,0.001,48
333,0.004305245807527543,0.0043270810710128085,0.0028743956308852348,0.002910523978959492,1.430850110171724,1.4165570487516375,0.001,48
334,0.004286285993384872,0.0043055002431549505,0.0028554410035761435,0.0028889506235946463,1.4308449287848397,1.4165495574108837,0.001,48
335,0.004282001710988142,0.004332336417521347,0.002851163730723152,0.0029157959458031325,1.4308379147813293,1.416540400063826,0.001,48
336,0.004289858181312512,0.00430510909302922,0.002859031485263633,0.002888576841414582,1.430826639994723,1.4165321969538274,0.001,48
337,0.00430659197270657,0.004268602826380123,0.0028757685572568543,0.0028520695446781416,1.4308233318906567,1.4165331840477748,0.001,48
338,0.004301081844616997,0.004329728237952832,0.002870260216037085,0.0029132024053969176,1.4308215665715762,1.4165257705165832,0.001,48
339,0.004302430827352314,0.004321275956644474,0.002871621177857383,0.0029047666363303175,1.430809574687906,1.4165092342353578,0.001,48
340,0.004285561745986577,0.004288582160167321,0.0028547691776331704,0.0028720893129373717,1.4307925097648495,1.4164927729666068,0.001,48
341,0.0042961742316216705,0.004353484093059047,0.00286539659218101,0.0029370038980699245,1.4307775756995254,1.4164801572689372,0.001,48
342,0.004299658654309225,0.004267751544686358,0.002868890849321676,0.0028512781765555263,1.4307677344289589,1.4164733004900585,0.001,48
343,0.00431043131607821,0.004271756114061237,0.0028796715475404616,0.0028552920603880545,1.4307597030629164,1.4164639946733615,0.001,48
344,0.004293250792150557,0.004304424040008577,0.0028624964086614475,0.0028879610786839258,1.4307543235757647,1.4164628955445264,0.001,48
345,0.004298551579599428,0.004266735618389453,0.0028677976829602197,0.0028502767339557574,1.430753816501043,1.416458829724485,0.001,48
346,0.004286236490216806,0.004246219160684353,0.0028554880661061186,0.0028297663047282973,1.4307483467078426,1.4164527844753916,0.001,48
347,0.004294596208321455,0.0043040100754728906,0.0028638538455916323,0.002887559680847866,1.4307422987318024,1.4164503094726697,0.001,48
348,0.004282751737320285,0.004307800300596485,0.0028520119209433994,0.002891351707798846,1.4307397362624819,1.4164485290476412,0.001,48
349,0.0043331965217235854,0.0042550576086678666,0.0029024451620268663,0.002838596706104812,1.4307512904365025,1.4164608432355454,0.001,48
350,0.004293134368502815,0.004307847598073954,0.0028623940510385496,0.0028914063073403155,1.430740251114865,1.4164412148533587,0.001,48
351,0.004297987370542541,0.004275690141653187,0.002867255196687282,0.002859251792066461,1.4307321094487158,1.4164382958184458,0.001,48
352,0.0042616889392999525,0.004302739354173892,0.0028309674813003327,0.0028863171271088467,1.430721384646306,1.416422167358922,0.001,48
353,0.004295468068213194,0.004257247211719407,0.0028647610087075373,0.0028408351763994626,1.4307069961378895,1.416411969547006,0.001,48
354,0.00429459379497232,0.004302549440749268,0.0028638944622796235,0.00288614433006377,1.430699280873961,1.4164050231846577,0.001,48
355,0.0043106315670914065,0.004377462411290661,0.0028799380107681917,0.002961061420184249,1.430693478658921,1.416400943671996,0.001,48
356,0.0042844056373207125,0.004208860727239887,0.0028537139177780353,0.002792462395820394,1.430691659775533,1.4163982603894176,0.001,48
357,0.004252458834497034,0.004323511292086398,0.0028217769397187,0.00290713086556248,1.4306818243581025,1.4163803187891428,0.001,48
358,0.004278418969972521,0.004326402146750307,0.0028477564101730673,0.0029100395526772305,1.4306624983642768,1.4163625281420398,0.001,48
359,0.004317643588791513,0.004287415935938344,0.002887000497977469,0.0028710710130920194,1.4306430201712297,1.4163448606184768,0.001,48
360,0.0043050647409875326,0.004308498120275693,0.0028744332288209514,0.0028921620656226425,1.4306314387356132,1.4163359901104682,0.001,48
361,0.0043146452032712035,0.004276356013304581,0.0028840235441437087,0.002860030937132975,1.4306215894788652,1.4163250067482052,0.001,48
362,0.004273651438634725,0.004254423393543915,0.002843042575575567,0.0028381130160502633,1.4306088190043216,1.4163103169899705,0.001,48
363,0.004270077831639846,0.00430768502629232,0.002839483383281912,0.0028913876653262117,1.430594391174956,1.4162973101824987,0.001,48
364,0.004276092228619913,0.004262308724893703,0.0028455115215094227,0.002846026984173045,1.4305806447019143,1.4162816787585033,0.001,48
365,0.004304055786835473,0.004354350531599508,0.002873491570421499,0.002938085104143661,1.4305641489682726,1.4162653587621483,0.001,48
366,0.00430511432136695,0.004223151048400097,0.0028745682883089575,0.0028069009987377533,1.4305459547965746,1.416249984102854,0.001,48
367,0.004307636106224865,0.00423356940253346,0.002877103082565412,0.0028173329860112146,1.4305329532869522,1.4162363685966548,0.001,48
368,0.0043068327846294855,0.004304565777729795,0.0028763101263111416,0.0028883374301492248,1.4305225993896096,1.4162282847229362,0.001,48
369,0.004288181781980266,0.0042850963453483,0.0028576694314632715,0.0028688796467993185,1.4305122721272605,1.4162166156975269,0.001,48
370,0.00427466330394678,0.004253148867594658,0.0028441619338223085,0.0028369401659894314,1.4305013169553753,1.416208657644762,0.001,48
371,0.0042786826780070045,0.004295052487391373,0.002848189263614316,0.0028788525091501486,1.4304933385909988,1.4161998897753536,0.001,48
372,0.00429073155743892,0.004326334890393185,0.0028602490348874775,0.0029101503024979176,1.4304824472841302,1.4161845441106085,0.001,48
373,0.0042954715392312555,0.004321628601669161,0.002865010293036738,0.002905469831747723,1.4304611713176731,1.4161586890302351,0.001,48
374,0.00429091883233386,0.004285215288160425,0.002860477267138435,0.0028690661301656434,1.4304414979342868,1.4161491056191942,0.001,48
375,0.004314892425937361,0.004327173941840922,0.0028844585952051585,0.002911030698174301,1.430433757369688,1.4161431837116794,0.001,48
376,0.004279112272879675,0.004334463691477648,0.0028486824001591545,0.0029183228670256593,1.4304298132061046,1.4161407425999644,0.001,48
377,0.004271633092370183,0.004354908617056622,0.002841205936831839,0.002938774317889892,1.4304270936994665,1.4161342492362416,0.001,48
378,0.004310327159211061,0.004346905210910477,0.002879910849097946,0.0029307836069601967,1.4304162260807434,1.41612152532449,0.001,48
379,0.004283916273411589,0.0042389527585057485,0.002853512984536785,0.0028228421875822122,1.4304032399012838,1.4161105505590525,0.001,48
380,0.00428273094078451,0.004374579331779375,0.002852338837481474,0.0029584826681913422,1.430392013637569,1.4160965985017369,0.001,48
381,0.004290301814813521,0.004310920256619417,0.0028599248957570417,0.0028948376322614857,1.4303768373909345,1.4160825601813176,0.001,48
382,0.004289979535176146,0.004235733676287573,0.0028596162514777823,0.0028196633336142105,1.430363205988491,1.4160702845191746,0.001,48
383,0.0043050574628052994,0.0042828692601478285,0.0028747036688180224,0.0028668080406116943,1.430353735173189,1.4160611528026943,0.001,48
384,0.004281434206218265,0.00429315346683875,0.0028510931015697937,0.002877108941546048,1.4303410400494538,1.4160444754961814,0.001,48
385,0.004275054481503309,0.004341329368790832,0.0028447288525789496,0.0029252974492681998,1.4303255601069,1.4160318475594555,0.001,48
386,0.004268890724219145,0.004293317599944679,0.0028385787314200244,0.0028773012507364148,1.4303119268168507,1.4160162759519113,0.001,48
387,0.004302045599600799,0.004275451223124674,0.002871744226013974,0.0028594361426666267,1.4303013079002553,1.4160150051150167,0.001,48
388,0.004263677534864421,0.00423724760637009,0.002833379107810743,0.00282124227857361,1.4302983575654993,1.416005255965933,0.001,48
389,0.004306232763237114,0.004310407890622192,0.002875949814524676,0.002894421973828325,1.4302828809447143,1.415985817544435,0.001,48
390,0.004314562410461085,0.0043008083965545675,0.0028842970126646233,0.0028848345606969114,1.430265351903216,1.4159737943465034,0.001,48
391,0.004241285182850159,0.004226892842721361,0.002811032349172184,0.0028109372606998796,1.4302527659350623,1.4159555332849394,0.001,48
392,0.004305874025308344,0.004281566422622862,0.0028756412529356693,0.002865632755624448,1.4302327136926687,1.415933591102891,0.001,48
393,0.00429884731104169,0.004273843513312544,0.0028686341413674417,0.002857923132122357,1.4302131055798624,1.4159203435386731,0.001,48
394,0.0042910850532078704,0.004328888739820084,0.002860883102766882,0.0029129747525441178,1.4302018801632304,1.415913919638946,0.001,48
395,0.00427478345528984,0.00429128436473684,0.0028445831613767053,0.0028753700122679873,1.4302002265357785,1.4159142945767478,0.001,48
396,0.00427414935423001,0.004284451541388791,0.002843955668367313,0.0028685482600463463,1.430193612381654,1.4159032327861183,0.001,48
397,0.0042887038808990625,0.0043076551145329175,0.0028585181196718094,0.0028917572290259818,1.4301856903006736,1.415897806898722,0.001,48
398,0.004293771924800669,0.0042641993199979975,0.0028635917339714,0.002848305036323927,1.4301801158603034,1.4158942263631553,0.001,48
399,0.004297697884548893,0.004251479817246912,0.0028675182774820867,0.00283558787837858,1.4301795452476458,1.4158918604881843,0.001,48
400,0.004317060105271687,0.004273056934006089,0.0028868865957802753,0.002857173868711916,1.4301734328990685,1.4158829875859362,0.001,48
