epoch,train_rmse,val_rmse,train_recon_loss,val_recon_loss,best_val_rmse
1,0.08428113171045572,0.020979884710814908,0.9354724426099137,0.022285647540786196,0.008295454606081597
2,0.01741055178282848,0.014964289750401325,0.015408553505479657,0.011502265944711473,0.008295454606081597
3,0.015070108295897243,0.013896341303751752,0.0114655553866105,0.00996856473868042,0.008295454606081597
4,0.013587826973171556,0.011870170927865051,0.009375630806671847,0.0073551127283212,0.008295454606081597
5,0.01229476566789937,0.011448840545272348,0.0076783712966849126,0.006862233878801699,0.008295454606081597
6,0.012004255098230941,0.01113939924537305,0.007334747668386903,0.006507656982411509,0.008295454606081597
7,0.011932239247385115,0.011026007803354242,0.0072309317577906925,0.006381284819818294,0.008295454606081597
8,0.011936760985925336,0.011075017108906937,0.007254812639728729,0.006421697997242013,0.008295454606081597
9,0.011709800645259756,0.010841055592540713,0.0069823177783042275,0.006171665957494491,0.008295454606081597
10,0.01161091292504739,0.010533456903453522,0.006857098144698016,0.005834365859025531,0.008295454606081597
11,0.011211614548798083,0.010009621271039198,0.006412783070321292,0.005279206732078274,0.008295454606081597
12,0.010716018618496852,0.009776785838912961,0.005856487675898072,0.005044738773501571,0.008295454606081597
13,0.010620440950795035,0.009645785688897106,0.005765095708287508,0.004919453646568218,0.008295454606081597
14,0.01051282883886433,0.009599008476994974,0.005667886276594724,0.004870396148965776,0.008295454606081597
15,0.01047745681903936,0.010025385726729164,0.005612947454437871,0.00526796306307981,0.008295454606081597
16,0.010252858196982687,0.009547381906862575,0.005384015632322186,0.004814412384091512,0.008295454606081597
17,0.01031458107749388,0.009518060537310547,0.005442309096072853,0.004785424265532921,0.008295454606081597
18,0.010291530209890395,0.009413550021241075,0.005421759346463639,0.004690343623102508,0.008295454606081597
19,0.010180257902741182,0.009512528685755289,0.005307897000294335,0.004775527161790043,0.008295454606081597
20,0.010129028493418898,0.009368014391075609,0.0052571868537475384,0.004643342632659137,0.008295454606081597
21,0.010101440578952873,0.00960056540953907,0.005246542742042186,0.00485374824037005,0.008295454606081597
22,0.010009702929986682,0.009272744979838132,0.005129790561724015,0.0045528473984553924,0.008295454606081597
23,0.010060038269377333,0.009236681213812154,0.00521351699782343,0.0045222056574845395,0.008295454606081597
24,0.009967846581675965,0.009246974357029002,0.005085592911620835,0.004525869150325207,0.008295454606081597
25,0.009970804387292738,0.009177395681473723,0.005095033877280123,0.004464718440512284,0.008295454606081597
26,0.0099667290939067,0.009340631640583708,0.005094922514292263,0.004609896358073489,0.008295454606081597
27,0.00987797796399666,0.009283138343538994,0.004999416785149318,0.004555302106234408,0.008295454606081597
28,0.009911290166607321,0.00910093240157484,0.005027331153917818,0.004393386582396468,0.008295454606081597
29,0.009857562533358765,0.009144910459625748,0.0049905889760650845,0.004429615591211429,0.008295454606081597
30,0.009809723873230114,0.009172320248581958,0.004927985844920462,0.00445324147261322,0.008295454606081597
31,0.009766712154525408,0.00897321841547654,0.004877569117504814,0.004276521321190906,0.008295454606081597
32,0.00978696181702504,0.009045808705830388,0.004913422780341273,0.004336824246091455,0.008295454606081597
33,0.009738911854312249,0.0092444487202626,0.004863442740772837,0.004512078538090572,0.008295454606081597
34,0.00972136741791114,0.009025860355633292,0.00483673803990843,0.00431892041448159,0.008295454606081597
35,0.009699543758640237,0.00896659376537853,0.004823795264448486,0.004268148250269435,0.008295454606081597
36,0.00967742526661428,0.009251411335590558,0.004803272718194475,0.004512875330496326,0.008295454606081597
37,0.009678039551592452,0.008999089876536607,0.004807371264484793,0.004296173822807528,0.008295454606081597
38,0.009644773139268377,0.008893566220633295,0.004773709079586614,0.00419923888494488,0.008295454606081597
39,0.0095750922545175,0.008943856838122924,0.004701311124924472,0.0042411827507201445,0.008295454606081597
40,0.00962693819652417,0.008829465518013025,0.004744492526858263,0.004143806995144955,0.008295454606081597
41,0.00958372832971169,0.008856612605477788,0.004703212967262063,0.004168695523616429,0.008295454606081597
42,0.009567874372483864,0.008887222774924841,0.004702577795386148,0.004192930419380084,0.008295454606081597
43,0.00954720925535572,0.009030116675265857,0.004675020440884604,0.004314945565034098,0.008295454606081597
44,0.00952488256775421,0.0088269015070188,0.004652766724564821,0.004139137258099074,0.008295454606081597
45,0.009430218266457369,0.008859801845398701,0.004561801683334483,0.004165926443333992,0.008295454606081597
46,0.009516161701125615,0.008891516716044018,0.004645737323812238,0.004194070939119976,0.008295454606081597
47,0.009492439869427268,0.009109796023820688,0.004615742984653717,0.0043816492317084515,0.008295454606081597
48,0.009498022285059702,0.0088007776263931,0.004623371176941644,0.00411485187935673,0.008295454606081597
49,0.009440361736898712,0.008695733095981272,0.004569467590806672,0.004027653615838674,0.008295454606081597
50,0.009452244064067077,0.008759692763969916,0.0045784383087659735,0.0040816412501477346,0.008295454606081597
51,0.009404015410660299,0.008783880942018336,0.0045376467361988,0.004099511119891103,0.008295454606081597
52,0.009452972988562168,0.00876132532053003,0.0045882640364889255,0.0040818026627817815,0.008295454606081597
53,0.009318787984171439,0.008691379205513758,0.004453316984031535,0.004022382211963851,0.008295454606081597
54,0.009405389432818746,0.008748776858741024,0.004532233184793187,0.004074144040087992,0.008295454606081597
55,0.009352543011686277,0.008851598491404235,0.004478257934660102,0.004156172193520377,0.008295454606081597
56,0.009375427108068728,0.00864300438397073,0.0045090030914142374,0.003983715706148757,0.008295454606081597
57,0.009415430339736556,0.008743175862973749,0.0045375917340867485,0.004066173515698915,0.008295454606081597
58,0.009282516088338787,0.008603604155340323,0.004413036997718628,0.003951461453077985,0.008295454606081597
59,0.009358680318772693,0.008860746625947912,0.004489591021750108,0.004164538338184439,0.008295454606081597
60,0.009320722956840617,0.008815927953234019,0.004456019179301679,0.004124344643745301,0.008295454606081597
61,0.009354936658383448,0.008646863126460725,0.004484300329004134,0.003985824836148084,0.008295454606081597
62,0.009272393743475844,0.008732874605725773,0.004405682163166391,0.004056495078086621,0.008295454606081597
63,0.009263727166557332,0.008714580579288096,0.004402548188082603,0.004041103958157426,0.008295454606081597
64,0.009323171133488533,0.008621518063040215,0.004449977221238853,0.003961494793895313,0.008295454606081597
65,0.009257712251949267,0.008589534356841276,0.0043914814592489375,0.003938342139608701,0.008295454606081597
66,0.009281794355983577,0.008618003533013091,0.004413442176598733,0.003960158084617842,0.008295454606081597
67,0.009283710348600286,0.008583928429321236,0.004419830103577981,0.003933809492051801,0.008295454606081597
68,0.009279367291394024,0.008848386927774652,0.004412152072272276,0.004151387363121976,0.008295454606081597
69,0.009209434324506273,0.008628422052806103,0.004345816504969436,0.003967873445050656,0.008295454606081597
70,0.009247128406070518,0.008668203333573397,0.004385329625402364,0.004004707760068535,0.008295454606081597
71,0.009219684690603126,0.008618889778329178,0.0043640578194770446,0.003961461882232589,0.008295454606081597
72,0.009223011705040566,0.00858305699068434,0.004358070774086024,0.0039320761221590785,0.008295454606081597
73,0.009241744031425563,0.008586726947755053,0.004377217645097018,0.003935493998657268,0.008295454606081597
74,0.009206747952359871,0.008577743940753084,0.004339359752679923,0.003925898445379757,0.008295454606081597
75,0.009233386422721186,0.0085852787619168,0.004368667980101706,0.0039375023552971405,0.008295454606081597
76,0.009229889212333245,0.008692239652052439,0.004362735386141215,0.004021212494430633,0.008295454606081597
77,0.009164215551220226,0.008726354075830384,0.0042996707142006745,0.004049362517673203,0.008295454606081597
78,0.00920170747494561,0.008565401687487179,0.004335939720905339,0.003915194542185635,0.008295454606081597
79,0.009216299610205165,0.0085770504345646,0.004347750110034834,0.003926438600013869,0.008295454606081597
80,0.009145793204452158,0.008594391610029017,0.004290060218192724,0.003939906234355642,0.008295454606081597
81,0.009164527218501821,0.00853534135656014,0.004303167120666394,0.0038931479012030887,0.008295454606081597
82,0.009165015966552953,0.008538661654436402,0.004311787755977901,0.003895745218400257,0.008295454606081597
83,0.00917443943156386,0.008654751062160617,0.00431057508662551,0.00399232617010432,0.008295454606081597
84,0.009136491911698992,0.008735267021833455,0.004276511128856642,0.004054915575505781,0.008295454606081597
85,0.009151891216589944,0.008587294962120096,0.004287006564350983,0.003931837180814184,0.008295454606081597
86,0.00916142538210688,0.008542009022963154,0.0043068816354950665,0.0038965348462670743,0.008295454606081597
87,0.00913868660428616,0.008531218456932933,0.0042868939117595576,0.003890621773337939,0.008295454606081597
88,0.009160123211147064,0.008527621003895699,0.004306678266052857,0.0038882408489928962,0.008295454606081597
89,0.00907012885920017,0.008660132469299977,0.004222002280808441,0.003999307387484572,0.008295454606081597
90,0.009148453005565105,0.008722183013224815,0.004293776717346883,0.004048049042661702,0.008295454606081597
91,0.009127366908273172,0.00862100947058553,0.004263127501897976,0.003964572092372854,0.008295454606081597
92,0.009132945110333957,0.008683043840437828,0.0042762098415837415,0.004014659420937017,0.008295454606081597
93,0.00906368418602405,0.008554379740229484,0.004214605127239214,0.003907703021292054,0.008295454606081597
94,0.009123847947265102,0.008513756456640586,0.004268192581620248,0.003876146504296241,0.008295454606081597
95,0.009097690227072809,0.008581914983631643,0.004236009538731117,0.003930239300186452,0.008295454606081597
96,0.009091387364788721,0.008623394441303934,0.00423536976120247,0.003969704420819729,0.008295454606081597
97,0.009103863726259277,0.008513502952089344,0.004247663128187143,0.0038773308834112938,0.008295454606081597
98,0.009117460862168181,0.00852311026811633,0.004257674663343754,0.0038862279875862228,0.008295454606081597
99,0.009073416373808414,0.00854373787433208,0.004216204271540004,0.0039012254731794,0.008295454606081597
100,0.008870599245926078,0.008440135966741388,0.004032255081217559,0.003817780522179012,0.008295454606081597
101,0.008867092357271381,0.008473348447693763,0.004035582490856091,0.003844063035228031,0.008295454606081597
102,0.00888450684869326,0.008516471840258492,0.004046698895427084,0.003880273695067485,0.008295454606081597
103,0.008895915587152402,0.008521782149173478,0.004058114981506537,0.0038842719615153646,0.008295454606081597
104,0.008906044751314195,0.008581429122923276,0.004068080558416099,0.003934917442756004,0.008295454606081597
105,0.008926552445287148,0.008497188749246574,0.004071680972709345,0.0038660315250606176,0.008295454606081597
106,0.00890878648801365,0.00843430349318811,0.004061494234248389,0.0038127265333269653,0.008295454606081597
107,0.008810399721586159,0.008420257349451848,0.003985225046204329,0.00380273030187266,0.008295454606081597
108,0.008818332034114817,0.008437701437618156,0.003988259836473923,0.0038160116805247505,0.008295454606081597
109,0.008825608128229377,0.008412737823989545,0.003989714827016204,0.0037929809908200897,0.008295454606081597
110,0.008821816670867998,0.008459671106658784,0.003993357312285754,0.003834726039212251,0.008295454606081597
111,0.008823849347127277,0.00845255762537985,0.003990097247513395,0.0038245249152341347,0.008295454606081597
112,0.008829628539103693,0.008417654155422347,0.003988942193800281,0.0037987333825719827,0.008295454606081597
113,0.00883075975647091,0.008450675438030507,0.003995772354442071,0.0038257142118258256,0.008295454606081597
114,0.008777225178956054,0.008388466155000754,0.003952594069396897,0.003773162686790328,0.008295454606081597
115,0.00878386683543673,0.008386446716452854,0.003952290642838083,0.0037735290389296202,0.008295454606081597
116,0.00877542337241501,0.008407139585850763,0.003949556115438557,0.0037920869297141347,0.008295454606081597
117,0.008782741841966715,0.008395383906952514,0.003952495625844752,0.003781244890201617,0.008295454606081597
118,0.008770899832329808,0.008413151316676982,0.003948951435146936,0.0037955896354746593,0.008295454606081597
119,0.0087817718858853,0.00840528824220234,0.003953020832496672,0.0037884655831134572,0.008295454606081597
120,0.008779053581490621,0.00841438995597421,0.003947884753858125,0.0037970833605988036,0.008295454606081597
121,0.008780420282288828,0.008384697681236826,0.003950096771333186,0.00377082904731209,0.008295454606081597
122,0.008774227313468537,0.008388597810996018,0.003946918250066251,0.003778119683639461,0.008295454606081597
123,0.008775722757522652,0.008392453114756506,0.003947707258127443,0.0037768794602113325,0.008295454606081597
124,0.008781583642764906,0.008385365354385197,0.003947452335222716,0.003770589613051485,0.008295454606081597
125,0.008762015358428925,0.008377802490756132,0.003944313077704324,0.003764861135628311,0.008295454606081597
126,0.00877103380420017,0.008431208370836949,0.0039446424408948405,0.003808132007327699,0.008295454606081597
127,0.00876827218888576,0.008368965647408662,0.003942307742600631,0.0037585460900670642,0.008295454606081597
128,0.008768196053395285,0.00840040499296708,0.0039402580009341775,0.003784703002534516,0.008295454606081597
129,0.008770918818102293,0.008391921047158664,0.003937377195570271,0.0037774888979252366,0.008295454606081597
130,0.008766464855509437,0.008388153383240452,0.003937205319495124,0.0037749589809165686,0.008295454606081597
131,0.008762654125074779,0.008373133364728462,0.003937505141923974,0.0037623658888415747,0.008295454606081597
132,0.008762556895725991,0.008382302291541794,0.003935065317019146,0.003769608703519788,0.008295454606081597
133,0.008763432776007338,0.008391211606736566,0.003932352433119454,0.0037773865547110074,0.008295454606081597
134,0.008746508410120396,0.008378217361219551,0.003933217212150112,0.00376676967281354,0.008295454606081597
135,0.008758216598167359,0.00836493106976301,0.003932482905380141,0.003754217295991537,0.008295454606081597
136,0.008752238266440426,0.008387110360099653,0.003930784727585576,0.0037744276276441787,0.008295454606081597
137,0.008754383126769833,0.008358883286266688,0.003928884973573758,0.003750593373458521,0.008295454606081597
138,0.00874842806146722,0.008417452820509241,0.0039274105786578336,0.003798316342916045,0.008295454606081597
139,0.00876306384928745,0.008422975531190533,0.003929874637189656,0.0038016696713362285,0.008295454606081597
140,0.008754318352530766,0.008396016250062349,0.003929790611197368,0.003780864984307899,0.008295454606081597
141,0.008742312113959852,0.008402382719269233,0.003926759573778149,0.003786691138468924,0.008295454606081597
142,0.00874713919370418,0.008431074206396489,0.003925697919083234,0.003810523865628186,0.008295454606081597
143,0.008755425391391144,0.008364981577140896,0.003927298751308691,0.0037568089222055814,0.008295454606081597
144,0.008747006468537264,0.00837291193941199,0.003922851648574798,0.003763091230272848,0.008295454606081597
145,0.008748872965337143,0.00837612147531249,0.003920432843688079,0.003767103234766967,0.008295454606081597
146,0.008745781232570134,0.008370176085386188,0.0039212027084163485,0.003761745723527145,0.008295454606081597
147,0.008749944138658372,0.008368305626264052,0.00391812293126239,0.003758021342488153,0.008295454606081597
148,0.00874971317117987,0.008368940563994972,0.003921870566542624,0.0037593458236144274,0.008295454606081597
149,0.008736859067405055,0.008373812475390192,0.003918950864031187,0.0037626429583457865,0.008295454606081597
150,0.008741782760296468,0.008369803708981112,0.003919355078828628,0.0037601214442651307,0.008295454606081597
151,0.008730890267304474,0.008370541122304889,0.0039148872800375215,0.0037608075567179566,0.008295454606081597
152,0.0087323541368713,0.008374953025758865,0.003918229583037226,0.0037638287378190588,0.008295454606081597
153,0.008736324913608403,0.008348567600267521,0.003917619046749415,0.003741773901820814,0.008295454606081597
154,0.008747939805077449,0.008361314299828898,0.00391699347904005,0.003753068724516343,0.008295454606081597
155,0.008735427813368394,0.008371428522170255,0.0039146876026055185,0.003761493464113694,0.008295454606081597
156,0.008736139056254606,0.008370781045328148,0.003912335358942806,0.003760689260321799,0.008295454606081597
157,0.008752935461487803,0.00838943453528477,0.003915352661564056,0.0037771474869575023,0.008295454606081597
158,0.008727374503785242,0.008413838761481753,0.003912119317065564,0.003796170382846641,0.008295454606081597
159,0.008745223743968973,0.008393154113056136,0.003912425544872123,0.0037792668207532985,0.008295454606081597
160,0.008732895023646567,0.008381456625725713,0.003910503957559948,0.003769315959347896,0.008295454606081597
161,0.008734487703549485,0.008397968319829226,0.00390964909703671,0.0037810681447482263,0.008295454606081597
162,0.008735880006098467,0.008354772892526228,0.0039087385760796,0.003747243506090514,0.008295454606081597
163,0.008732370089995401,0.008374877493110057,0.003906446008301859,0.003762036099938578,0.008295454606081597
164,0.008732940209691483,0.00839716165327574,0.003908820805466921,0.0037810687417498766,0.008295454606081597
165,0.00872588560030921,0.008337117220745437,0.0039027567827030975,0.003730869845776853,0.008295454606081597
166,0.008731650701806672,0.008385604108323487,0.0039057863583982755,0.003772693496704135,0.008295454606081597
167,0.008725418424777715,0.00835940859061453,0.0039047562901506805,0.0037513281906038157,0.008295454606081597
168,0.008725622465541781,0.008362544470008799,0.0039036134694713843,0.00375343556801395,0.008295454606081597
169,0.008724018132666647,0.008388998049208552,0.003900989933258691,0.0037751748481476754,0.008295454606081597
170,0.008720445703550765,0.008372975135411041,0.003902333250372254,0.0037624140074341626,0.008295454606081597
171,0.008723495417861616,0.008377385420211847,0.0039004678044952806,0.0037648386722731685,0.008295454606081597
172,0.008725962697022341,0.008354863913993506,0.003898978705238707,0.0037467418375571435,0.008295454606081597
173,0.008717082696693827,0.008365325658782535,0.0038994987298163006,0.003756577263502124,0.008295454606081597
174,0.008718037917494507,0.008406752914630515,0.0038990476504093038,0.0037904005181542706,0.008295454606081597
175,0.008720370625223213,0.008360779603347265,0.003899045844444311,0.0037533795199416156,0.008295454606081597
176,0.008719173750134486,0.008357774915844367,0.003893977371452658,0.0037496786516828416,0.008295454606081597
177,0.00872621913599126,0.008339120571396689,0.0038965443192889144,0.0037338447013668457,0.008295454606081597
178,0.008712935180828133,0.008365929038487084,0.0038934337221697545,0.0037551823431893833,0.008295454606081597
179,0.008710978465338847,0.008364895268352733,0.003894104213063308,0.003754901281301526,0.008295454606081597
180,0.00872194706210123,0.008355005863335487,0.0038965115799984074,0.0037461037798436855,0.008295454606081597
181,0.008725407800628346,0.00836529134312767,0.0038922371791019444,0.003757670665276107,0.008295454606081597
182,0.008720296826619199,0.008337831056137945,0.003893198794880305,0.003733599157443264,0.008295454606081597
183,0.00872105553939664,0.008380079549532737,0.003893799942542161,0.0037686777957315364,0.008295454606081597
184,0.008703632179350244,0.008374611601034136,0.0038897338687816124,0.0037649583067317204,0.008295454606081597
185,0.008707288602738325,0.008359396794900182,0.0038907295607741752,0.0037526762198112746,0.008295454606081597
186,0.008715198181844137,0.008343831573715776,0.003894197937602407,0.0037391864278830313,0.008295454606081597
187,0.00870993817048298,0.00837175213651879,0.0038912508330952184,0.0037592635586039644,0.008295454606081597
188,0.008707519155775683,0.00835393276065588,0.003886232524382243,0.0037475542963244677,0.008295454606081597
189,0.008709142569843566,0.008354788872443447,0.003887694529483915,0.0037488429316546905,0.008295454606081597
190,0.00870746336898146,0.008375701288938721,0.003888504595783321,0.003764195626221572,0.008295454606081597
191,0.008708643605324192,0.008334258014757763,0.0038889853053922295,0.003731435212569359,0.008295454606081597
192,0.008705817515031543,0.008376491329774942,0.003880599201649078,0.00376568218680678,0.008295454606081597
193,0.008706526200550685,0.008346708978390282,0.0038871015354445997,0.003741680033434361,0.008295454606081597
194,0.008707547812534903,0.008383948220938875,0.0038854977685910306,0.003772377870237681,0.008295454606081597
195,0.008705743059665714,0.008359009651269934,0.003889346899311846,0.0037496941264847515,0.008295454606081597
196,0.008704624571933686,0.00836554013603806,0.0038846404328609497,0.0037570313925345076,0.008295454606081597
197,0.008703373489035101,0.00836827297183117,0.003883993668592988,0.0037584021358378025,0.008295454606081597
198,0.008696303913491455,0.008351137347668907,0.003879407643315048,0.0037467485873097163,0.008295454606081597
199,0.008710180448772753,0.008369665028093385,0.0038794279899312958,0.003759916773670194,0.008295454606081597
200,0.008706064631674691,0.008344223963692702,0.003878470701084897,0.0037392592493656488,0.008295454606081597
201,0.00869846713481162,0.008384399734844466,0.0038819674543915748,0.00377006065141962,0.008295454606081597
202,0.008698094612801794,0.008360564213457914,0.00388085033894334,0.003752563402073306,0.008295454606081597
203,0.008691969404068824,0.00837638514654227,0.00387594146349289,0.0037665162583316782,0.008295454606081597
204,0.008695090956838271,0.008336183298358418,0.0038739294682107843,0.00373437140010289,0.008295454606081597
205,0.008699119435794888,0.00836338780907584,0.003877726836428504,0.0037559273065075095,0.008295454606081597
206,0.008689815736215068,0.008363640442523803,0.003879032216837192,0.003755925777145021,0.008295454606081597
207,0.0087028305643742,0.008350749724360812,0.0038757337749187404,0.0037439815360541927,0.008295454606081597
208,0.008694097770472633,0.00833761496853536,0.0038760712490916783,0.003734094535915333,0.008295454606081597
209,0.008704416849559443,0.00837192822812559,0.0038730344068964124,0.0037616862112878425,0.008295454606081597
210,0.008701723055432523,0.008354721781917108,0.0038725021183449154,0.0037487555241239243,0.008295454606081597
211,0.008687588691478464,0.008358549733657634,0.0038731665595417445,0.00375271600763518,0.008295454606081597
212,0.008703167906466774,0.008344004680314324,0.0038749850284888515,0.0037409330730159315,0.008295454606081597
213,0.008687262697377263,0.008332611314968985,0.003872810670037898,0.00372959755687095,0.008295454606081597
214,0.008692683863163925,0.008338907118907474,0.0038713268355358784,0.003734841078173041,0.008295454606081597
215,0.008693017218405477,0.008391123881756661,0.003870716159367681,0.003774882608312395,0.008295454606081597
216,0.008688588663082858,0.008345745315976698,0.003872042047073061,0.0037434803204633785,0.008295454606081597
217,0.00869801158989228,0.008366701729936211,0.00386775679842661,0.003759611791224035,0.008295454606081597
218,0.008684548556114094,0.008340896651306611,0.0038670166273404275,0.0037389018927433985,0.008295454606081597
219,0.00868842508831066,0.008343569895952375,0.0038651392224703933,0.0037395403211170114,0.008295454606081597
220,0.00869217282707118,0.008338935305691483,0.0038687017164388093,0.003736803343689844,0.008295454606081597
221,0.008690015229826563,0.00833741471549307,0.0038673068422227183,0.0037347565378075924,0.008295454606081597
222,0.008698167868004305,0.008336374171726082,0.003866970776213673,0.003735353351791816,0.008295454606081597
223,0.008690270487092215,0.008354840386937162,0.003866316214264155,0.003748444350770651,0.008295454606081597
224,0.008694121398297953,0.008351719765866813,0.0038643665055342388,0.0037482559531428743,0.008295454606081597
225,0.008690748323173179,0.008335983911228088,0.0038654442209935533,0.0037333702947840576,0.008295454606081597
226,0.008686849081733835,0.008348069267935113,0.0038681493839119014,0.003744697934919875,0.008295454606081597
227,0.008686629509306832,0.008344056462680084,0.0038593071213877113,0.0037415135836637806,0.008295454606081597
228,0.008673799658919066,0.00834332469128147,0.003863072495476984,0.003740023302460461,0.008295454606081597
229,0.008684575096987467,0.0083782447537318,0.003859913753504729,0.003767752833041459,0.008295454606081597
230,0.008689657490677603,0.008326712592921262,0.0038658169008238164,0.003725886045111013,0.008295454606081597
231,0.008675087823640163,0.00834306728389683,0.0038595601270471386,0.0037392074259884715,0.008295454606081597
232,0.00867838779800285,0.008356552264770471,0.003858900208822813,0.0037502192257755046,0.008295454606081597
233,0.008687258501485664,0.008329326898449308,0.0038598831535001364,0.003729012021805298,0.008295454606081597
234,0.008675168813864056,0.00835491676680918,0.0038577248958536928,0.0037483646487142296,0.008295454606081597
235,0.008678726754699885,0.008347581614145267,0.0038598894683975937,0.003743574258673068,0.008295454606081597
236,0.008670478325497333,0.008365657107869252,0.003856358443876174,0.003760370441973043,0.008295454606081597
237,0.00866774721814726,0.008348251726175164,0.003857351592541706,0.0037455050998399554,0.008295454606081597
238,0.008670010151563079,0.00835459559964828,0.0038580211739527455,0.003749836317742183,0.008295454606081597
239,0.008683300874284913,0.008332557714603417,0.0038580773164279495,0.003731488901187345,0.008295454606081597
240,0.008672054949575866,0.00834462480825126,0.003854854510278591,0.003741721906870554,0.008295454606081597
241,0.00867466878828175,0.008325785267662046,0.003854905287378963,0.0037272590141922005,0.008295454606081597
242,0.008662104034626836,0.008382626385568177,0.0038547758033810084,0.0037734336798560027,0.008295454606081597
243,0.00868261861601883,0.00834505761056773,0.003855228966433765,0.003743064261187977,0.008295454606081597
244,0.00867625047509428,0.008339288940397793,0.0038526207151433267,0.003737825330828577,0.008295454606081597
245,0.008674773184810351,0.008332316869601956,0.0038510898808313773,0.0037322313326993415,0.008295454606081597
246,0.008676613113436784,0.008376900096285835,0.0038518992542288678,0.003767004688223668,0.008295454606081597
247,0.008670470776636463,0.008339796702241485,0.0038530933616099444,0.0037387747072522323,0.008295454606081597
248,0.008667633474592821,0.008343761800315933,0.003850907224086428,0.00374210934432944,0.008295454606081597
249,0.008666720563709103,0.008333209702701473,0.0038493319228915515,0.003732883559338491,0.008295454606081597
250,0.008671985849444841,0.008338402222671702,0.003851011743595369,0.0037381540204698394,0.008295454606081597
251,0.008670884552180335,0.008336510655647736,0.0038508384668963507,0.003735118837863074,0.008295454606081597
252,0.00866005053386999,0.008329534615569623,0.00384913465514621,0.0037312439231175012,0.008295454606081597
253,0.008670528271115405,0.008327740056641657,0.003846901447352569,0.0037265207100381356,0.008295454606081597
254,0.008662757590113573,0.008362383858914359,0.0038468963630385136,0.0037559719988297558,0.008295454606081597
255,0.008670420347417053,0.008330873412016776,0.0038464534107339843,0.0037310686309737803,0.008295454606081597
256,0.008669704447397968,0.008357228611574126,0.003843770714997746,0.0037527304444329164,0.008295454606081597
257,0.008668050256785003,0.008341554891828909,0.0038461156412002294,0.0037407305783622273,0.008295454606081597
258,0.008656736310427912,0.008373984676622759,0.00384608917702707,0.00376457091106295,0.008295454606081597
259,0.008664686238005266,0.00833862833263417,0.00384670094649829,0.0037346675126619195,0.008295454606081597
260,0.008658094482942542,0.008333512082480002,0.0038438336653317706,0.0037337491146539033,0.008295454606081597
261,0.008656519434468364,0.008343562249139931,0.003843477743067833,0.0037419775871034614,0.008295454606081597
262,0.008660328950959667,0.008328500218323973,0.0038448950714659986,0.0037291949802289075,0.008295454606081597
263,0.008634469416231699,0.008315955859753267,0.0038221589503326207,0.0037205110105749226,0.008295454606081597
264,0.008638726654480715,0.008325455890949754,0.00382206336210837,0.0037270932520117816,0.008295454606081597
265,0.008637019218320557,0.008328663289065213,0.0038204066255683677,0.003730599648021203,0.008295454606081597
266,0.008620924423726943,0.00831580056872223,0.0038230809251013948,0.0037197531128266917,0.008295454606081597
267,0.008641056621541845,0.008328343383394755,0.003822521866615893,0.0037298275904320884,0.008295454606081597
268,0.00863716714988951,0.00831488949229054,0.0038207295059009615,0.0037190338320004335,0.008295454606081597
269,0.008634071769832417,0.008325826275964976,0.0038216525547327043,0.003727067015346642,0.008295454606081597
270,0.008635697170305792,0.008309589513061504,0.003822101693494336,0.003714533173089791,0.008295454606081597
271,0.008637162626397004,0.008316507754035486,0.003821938550583332,0.003720077627869022,0.008295454606081597
272,0.008625905177156097,0.008306285127615318,0.0038094539330499524,0.003712385908182432,0.008295454606081597
273,0.008619898155649853,0.008309478601575762,0.0038089698132716164,0.0037150023906899737,0.008295454606081597
274,0.008622864067569035,0.00831288191590587,0.0038089704234933034,0.0037168065468088174,0.008295454606081597
275,0.008622377939025145,0.008310169885879841,0.0038084929537533516,0.0037157924102417866,0.008295454606081597
276,0.008619646373813808,0.008305406205173387,0.0038092145966683133,0.0037115785239291363,0.008295454606081597
277,0.00863146629716966,0.00830959393191198,0.003808608904453894,0.0037155346072786626,0.008295454606081597
278,0.008614189852089406,0.00832052129438124,0.0038087432795853703,0.003723373478787267,0.008295454606081597
279,0.008624349463115369,0.008305820880443224,0.00380908336234552,0.0037128632675872963,0.008295454606081597
280,0.008618284062867737,0.008309532533147463,0.003807906532012205,0.003714560460218269,0.008295454606081597
281,0.00862032793631797,0.008308433941093044,0.003809771962549136,0.003713665074028216,0.008295454606081597
282,0.0086269456657125,0.008308765268702903,0.003807662226496829,0.0037138781761034178,0.008295454606081597
283,0.00862140267710906,0.008305847127750565,0.003806882728221928,0.003711939438421657,0.008295454606081597
284,0.008622357737229297,0.008302188567700926,0.003808160629674651,0.0037094928685538348,0.008295454606081597
285,0.008625888331189527,0.008309582647023393,0.0038087910978775626,0.003715882179303429,0.008295454606081597
286,0.008617804052400762,0.008313798102671686,0.003806991873923658,0.0037180840724574584,0.008295454606081597
287,0.008623590325756755,0.00830859892950741,0.00380630802991319,0.003713990552060165,0.008295454606081597
288,0.008626119545668713,0.00830946458916833,0.0038070323976356845,0.00371395157641807,0.008295454606081597
289,0.008613349528726355,0.008314415966155404,0.0038065512169054736,0.0037186028801295136,0.008295454606081597
290,0.008624939168925594,0.008308695803667391,0.003807142187619196,0.0037139356450396803,0.008295454606081597
291,0.008614350162292578,0.00833483169700456,0.0038059239911715256,0.003735395930209088,0.008295454606081597
292,0.008622342032145881,0.008301589474987358,0.0038047117612203495,0.0037085548167323555,0.008295454606081597
293,0.008624647763240012,0.008309489112957863,0.003806366725335452,0.0037146241268103605,0.008295454606081597
294,0.008620567215759451,0.008307246679238718,0.0038061103056065866,0.003713503706299076,0.008295454606081597
295,0.008615507017810673,0.008305128184100457,0.003804692603327388,0.003711482801203644,0.008295454606081597
296,0.008621922057664873,0.008327162531780757,0.003804838794971531,0.00373032692442944,0.008295454606081597
297,0.00860766376930823,0.00830128194542068,0.0038043082843049487,0.003707915157237513,0.008295454606081597
298,0.008610558281650029,0.00831423048137655,0.003804851871967682,0.003718187729854016,0.008295454606081597
299,0.008624506403449226,0.008308987359546433,0.0038043598850875976,0.003714775013267047,0.008295454606081597
300,0.008619477394146669,0.008305918261275908,0.003804128161007003,0.0037130305622449953,0.008295454606081597
301,0.008618780937501333,0.008307903901224285,0.0038042830902353005,0.0037135367428130133,0.008295454606081597
302,0.008618697016549336,0.008312592173873581,0.003804207645306735,0.0037179759806364675,0.008295454606081597
303,0.008619314116295292,0.008305883363155086,0.003804627856388397,0.003711530811557237,0.008295454606081597
304,0.008612275100716129,0.008301189966674234,0.0037978838599848053,0.0037085587003578744,0.008295454606081597
305,0.008609355063843768,0.008299233913089387,0.003797436706068661,0.0037070594342797163,0.008295454606081597
306,0.008616078564390698,0.008302486981311969,0.003797908133131908,0.003709603563561587,0.008295454606081597
307,0.008610988361838974,0.008301959300378426,0.00379782366929841,0.0037094067456148808,0.008295454606081597
308,0.008606978873074853,0.008301873349791253,0.0037976422818769696,0.0037090520007450676,0.008295454606081597
309,0.008607233070057573,0.008305130537844355,0.0037973808605142774,0.0037117592373669744,0.008295454606081597
310,0.008613300325150333,0.008310382532676392,0.0037973287787302985,0.003716346737695079,0.008295454606081597
311,0.00861449698989848,0.008303156523335072,0.0037968089582532693,0.0037101372529273913,0.008295454606081597
312,0.008600418531818971,0.008299844300035915,0.003796587652921477,0.003707537566671935,0.008295454606081597
313,0.008608269333862297,0.008299298729818137,0.003796777114405238,0.003707209048084624,0.008295454606081597
314,0.008609183370809126,0.00829917293689821,0.0037969774985191942,0.0037071921783753794,0.008295454606081597
315,0.008603851766430054,0.00830207814108435,0.0037967892616388188,0.003709776256412035,0.008295454606081597
316,0.00861585999166646,0.00830213110084119,0.003796400009882743,0.003709568390820005,0.008295454606081597
317,0.008598098698805857,0.008306587824064288,0.003795994426181518,0.0037127697457213665,0.008295454606081597
318,0.008604808707915492,0.008304053194895637,0.0037962482531832156,0.003711147287314386,0.008295454606081597
319,0.008608395088669943,0.008300549778443581,0.003796078278753326,0.0037082584482413137,0.008295454606081597
320,0.008609161210947866,0.008300845104258263,0.003795275543174186,0.0037085862940337212,0.008295454606081597
321,0.008609839503942989,0.008305494731692899,0.00379559271909101,0.003712352113995531,0.008295454606081597
322,0.00860929344003341,0.008301038391589122,0.003795771496105234,0.003708902162934758,0.008295454606081597
323,0.008614126607434568,0.008302038854222699,0.003794994561957421,0.0037097946033110155,0.008295454606081597
324,0.008614502518293762,0.008300422613977256,0.003795267627452303,0.0037079833485829826,0.008295454606081597
325,0.008612519526351836,0.008299360808645403,0.0037955787965725215,0.003707066606605631,0.008295454606081597
326,0.008616419625533552,0.008299608699304604,0.0037954282545963522,0.003707552874572949,0.008295454606081597
327,0.00859277102095764,0.008298061335399133,0.0037916716550113368,0.0037062708137882926,0.008295454606081597
328,0.008606730048746986,0.00829833561353128,0.0037913022610701575,0.0037065219373412124,0.008295454606081597
329,0.00860218840559174,0.00829770500432189,0.003791453202407431,0.0037061422391002426,0.008295454606081597
330,0.008609710818667241,0.008297160936471744,0.0037914139937790395,0.00370590937964477,0.008295454606081597
331,0.008602134951003966,0.008303569709734707,0.003791644088175129,0.003710434747415459,0.008295454606081597
332,0.00860234197969629,0.008298714788487324,0.003791334290038701,0.003706686675014886,0.008295454606081597
333,0.008609797896547965,0.008298189703213133,0.003791484429013756,0.003706666582534993,0.008295454606081597
334,0.008606123031308902,0.008296519277021372,0.0037894638329078736,0.003705100552724008,0.008295454606081597
335,0.008599276409501606,0.008298034917816536,0.0037893077477163806,0.0037064908898810345,0.008295454606081597
336,0.008593291868437509,0.008296515309815622,0.0037892590932618766,0.0037052363391919946,0.008295454606081597
337,0.008598220886663642,0.008296041675701056,0.003789223372803128,0.00370481266113727,0.008295454606081597
338,0.008590145143178473,0.008297440870026481,0.0037891980898132342,0.003705864530804265,0.008295454606081597
339,0.008596156376436362,0.0082979249854135,0.003789045831052319,0.0037063720704595183,0.008295454606081597
340,0.008602905666974588,0.008296474434410448,0.003788966888594085,0.0037052270054605393,0.008295454606081597
341,0.008602469086247672,0.008297197044169823,0.0037890563678414477,0.00370551747142222,0.008295454606081597
342,0.008598348057175203,0.008296668819186082,0.003789005484400782,0.003705192361714333,0.008295454606081597
343,0.008593065675612204,0.008297174793139616,0.0037890227656085552,0.0037056707469237723,0.008295454606081597
344,0.008595317261296651,0.008298395007408517,0.0037891571787001367,0.003706552055555343,0.008295454606081597
345,0.00859705244915353,0.008297405038506556,0.0037892875742606114,0.0037060789615974876,0.008295454606081597
346,0.00860460217582454,0.00829668399652543,0.003787986038222551,0.003705219180326298,0.008295454606081597
347,0.0086061652083655,0.00829887005148524,0.003788075877310909,0.0037070771182472987,0.008295454606081597
348,0.008589011081403392,0.008297088615172683,0.003788106242274852,0.0037056548311193383,0.008295454606081597
349,0.008595521486921227,0.0082972461716952,0.003788137346160838,0.0037057060406230796,0.008295454606081597
350,0.008586653732366565,0.008296387387416768,0.0037879062086418644,0.0037049983281314106,0.008295454606081597
351,0.008602928119856659,0.008296626066600067,0.0037884309665325434,0.0037053222562951622,0.008295454606081597
352,0.008603186534051037,0.00829742279385477,0.0037881322600267775,0.003705855199408903,0.008295454606081597
353,0.008598760420655169,0.00829676620936314,0.00378750586291512,0.003705483708642797,0.008295454606081597
354,0.0086042769279254,0.008296180471836058,0.0037877155537548043,0.003705041710943515,0.008295454606081597
355,0.008596658904785587,0.00829599868639091,0.0037875204091753325,0.003704805111402486,0.008295454606081597
356,0.0086047921794098,0.008296731063097284,0.003787524920187803,0.0037054528200369716,0.008295454606081597
357,0.008601062428019005,0.008295965933322973,0.003787653762503984,0.0037047024491817225,0.008295454606081597
358,0.00860083129700005,0.008296976625969179,0.003787544922563099,0.0037056353628955193,0.008295454606081597
359,0.008603702923818582,0.008296569563249083,0.0037874740328471264,0.0037050280788001773,0.008295454606081597
360,0.008597402264780585,0.008296154429066673,0.00378727497629684,0.00370488719497636,0.008295454606081597
361,0.008601647347215998,0.008296001973533909,0.003787240925562708,0.003704786434595202,0.008295454606081597
362,0.008607869243196257,0.008296341468126345,0.0037873001279863715,0.0037050920215704235,0.008295454606081597
363,0.008599529335080812,0.008296427447784903,0.0037874310594083276,0.003705149539045516,0.008295454606081597
364,0.008595418996197894,0.008296169326074812,0.0037872948517917856,0.0037049648090844004,0.008295454606081597
365,0.008602874843889378,0.008296495965923885,0.0037872716144875464,0.0037053472932465498,0.008295454606081597
366,0.008594534360912344,0.008296297575526745,0.0037871749103402107,0.0037051743660080627,0.008295454606081597
367,0.008600040174613013,0.008296480969242428,0.0037871147440938827,0.003705239663972055,0.008295454606081597
368,0.008592678233461132,0.008295944765201846,0.0037872049747433227,0.0037048150475864757,0.008295454606081597
369,0.008594952462348173,0.008295834045794896,0.0037871064089908405,0.0037046758522390655,0.008295454606081597
370,0.00860215685190451,0.008295809721351998,0.0037872308094547423,0.003704680326377086,0.008295454606081597
371,0.008605289824165524,0.008295787028021438,0.003787192026187527,0.0037046776850341323,0.008295454606081597
372,0.008610302408702676,0.008296685714851919,0.0037870681426050543,0.0037054320062233454,0.008295454606081597
373,0.008586512161975196,0.008296178136780907,0.0037870631110711447,0.003705016492815105,0.008295454606081597
374,0.008606335925617443,0.008296105043013625,0.0037867199865625864,0.003704927961623406,0.008295454606081597
375,0.008599799197106838,0.008295945939478135,0.003786744493710336,0.003704833798110485,0.008295454606081597
376,0.008594292462743623,0.008295659123273066,0.003786909041405223,0.003704629680131424,0.008295454606081597
377,0.00860427920319169,0.008296161221388059,0.0037867710816438375,0.003704996618889729,0.008295454606081597
378,0.008590631145362012,0.008295798745866004,0.0037867907010380748,0.003704615997113163,0.008295454606081597
379,0.00859504984301738,0.008295744604565029,0.0037868707682594182,0.0037046375904032916,0.008295454606081597
380,0.008604429380906853,0.008296351739669524,0.003786867761091105,0.0037051439477357112,0.008295454606081597
381,0.008602992598214907,0.00829580697618267,0.0037868045372363244,0.0037047137351085744,0.008295454606081597
382,0.008598936933843134,0.008295912956953913,0.0037868270064984402,0.003704823459599296,0.008295454606081597
383,0.008596127327076056,0.008296158727478556,0.0037867056579229752,0.003704924222316547,0.008295454606081597
384,0.00859991996224069,0.008296142818163271,0.003786924221807189,0.0037049135824493078,0.008295454606081597
385,0.008597315886561794,0.008295495248915692,0.003786887573145875,0.003704412627981824,0.008295454606081597
386,0.008591865407514096,0.008295728992193174,0.0037868680834919964,0.003704679358455715,0.008295454606081597
387,0.008600606254937927,0.00829556140604293,0.0037867741681123696,0.0037044097691226164,0.008295454606081597
388,0.008591395246134349,0.008295509088971344,0.0037866294355922607,0.003704505954654171,0.008295454606081597
389,0.008605698780856074,0.008295633060776669,0.0037867499438454027,0.0037044904004250845,0.008295454606081597
390,0.008592254486369693,0.008295643101825297,0.0037868095562901996,0.00370461965543545,0.008295454606081597
391,0.008603832433556608,0.008295650144368245,0.0037866885711957394,0.0037045482164010024,0.008295454606081597
392,0.008591027815718596,0.008296056333908536,0.0037866092704565146,0.0037049291745750203,0.008295454606081597
393,0.008603721065628735,0.008295960855175021,0.0037865331882661877,0.0037048200681107897,0.008295454606081597
394,0.008601140360374447,0.008295454606081597,0.003786627347786489,0.0037044255631906264,0.008295454606081597
395,0.008591343790692102,0.008295511227794648,0.0037866009818936014,0.00370443049753905,0.008295454606081597
396,0.008601655209117732,0.008296172339116184,0.003786657261909186,0.0037050206295174103,0.008295454606081597
397,0.008603392529240505,0.008295966407809502,0.003786739923417701,0.0037047867567165274,0.008295454606081597
398,0.00858937898866046,0.008295993560482827,0.0037865863571131717,0.003704783877611177,0.008295454606081597
399,0.008600173546141716,0.008296263513208233,0.003786617759999984,0.0037051270250750157,0.008295454606081597
400,0.008601890229747439,0.008296216885821942,0.0037865941560947317,0.003705067218228377,0.008295454606081597
401,0.008593624849278024,0.0082961634536551,0.003786677504525146,0.0037050058477565463,0.008295454606081597
402,0.008604395972894497,0.008296412957776151,0.0037867056423229323,0.003705231468177659,0.008295454606081597
403,0.00859923777755481,0.00829617982811254,0.0037867440974692405,0.0037050101316327367,0.008295454606081597
404,0.008590025910488857,0.008296180344129619,0.003786565628555868,0.0037050704090724157,0.008295454606081597
405,0.008584171435304324,0.008295847913883669,0.0037866884115552984,0.0037047682047604584,0.008295454606081597
406,0.00860113603188248,0.008295720213673252,0.003786726206299781,0.0037046452369561694,0.008295454606081597
407,0.008598090902424305,0.008296259061133317,0.0037866757926804137,0.003705120312699938,0.008295454606081597
408,0.00860547854620724,0.008295786031288247,0.003786609528377228,0.00370470791070856,0.008295454606081597
409,0.008589576537726578,0.008295895508931764,0.0037867661699702592,0.0037047837156420336,0.008295454606081597
410,0.008587944243854147,0.008295930972906327,0.003786593411452673,0.0037047973342879425,0.008295454606081597
411,0.008592721617701065,0.008296288655802956,0.0037865679568623045,0.003705093276571719,0.008295454606081597
412,0.008594081106859336,0.008295650205625804,0.003786695573535097,0.0037045846521904235,0.008295454606081597
413,0.00860139915260987,0.008296101748602779,0.0037866628794847156,0.003704916608988109,0.008295454606081597
414,0.008599879172287926,0.008296336287190285,0.0037865699401477874,0.0037051430449653896,0.008295454606081597
415,0.008587986173650062,0.008296056529102118,0.0037866595215754325,0.003704910451824566,0.008295454606081597
416,0.008602580969756971,0.008296000843902961,0.003786616548916636,0.0037048710899483597,0.008295454606081597
417,0.008589040449524578,0.008296117072337314,0.0037865977066645472,0.0037049033664532396,0.008295454606081597
418,0.008583804949731183,0.008296016195670617,0.003786672010189957,0.003704859772094898,0.008295454606081597
419,0.0086055419065624,0.008295890402750692,0.0037866195976850644,0.003704826774775417,0.008295454606081597
420,0.008600823938719708,0.00829660414885252,0.003786774550833428,0.0037053134915322364,0.008295454606081597
421,0.008596847427926754,0.008295692629082214,0.0037866444256737003,0.003704606853383972,0.008295454606081597
422,0.008602670991885835,0.008296350384735343,0.0037866469045205534,0.003705162046230092,0.008295454606081597
423,0.008590197261362552,0.008295895090511478,0.0037865707115699197,0.0037047884638816814,0.008295454606081597
424,0.00859239711600399,0.008296213601793733,0.0037866541788206627,0.0037050597455846757,0.008295454606081597
425,0.00860384759107851,0.008296258171341291,0.0037866968844587215,0.0037050428548505905,0.008295454606081597
426,0.008603359588709442,0.008295625885335963,0.003786610276139295,0.003704569075119535,0.008295454606081597
427,0.008602872386882586,0.00829620618859063,0.0037866987762239512,0.0037050778599125784,0.008295454606081597
428,0.008609053259689439,0.008296254604905346,0.003786613788229004,0.003705056715411951,0.008295454606081597
429,0.008592173383825489,0.008296151476244597,0.0037866737615547988,0.0037050091541074256,0.008295454606081597
430,0.008594570007530888,0.008295959852212249,0.003786725272377199,0.003704882315396349,0.008295454606081597
431,0.008596196125346246,0.008296144157523494,0.003786611914403824,0.0037049722479845304,0.008295454606081597
432,0.008608243090169746,0.00829607282880457,0.003786568726464432,0.0037050032383402023,0.008295454606081597
433,0.008590385476662868,0.008296280704779236,0.003786695762295619,0.0037051307615266495,0.008295454606081597
434,0.008595650096796765,0.00829574673196743,0.0037866221061719986,0.003704697191414144,0.008295454606081597
435,0.008596620395039127,0.008296124299691208,0.003786706898126404,0.003704999655292036,0.008295454606081597
436,0.008598491374251399,0.008296008797003207,0.0037867659505296525,0.003704893032614237,0.008295454606081597
437,0.008594649253669961,0.008296141116449001,0.0037867805402099853,0.0037049789068890255,0.008295454606081597
438,0.008599539089007777,0.008296054253228,0.003786591281526785,0.003704905077511883,0.008295454606081597
439,0.008602671111486165,0.008295793920016142,0.0037866826681394205,0.0037046936452243408,0.008295454606081597
440,0.00859598994997628,0.008296224633345967,0.003786537184737236,0.0037050343392709627,0.008295454606081597
441,0.008592143666263334,0.00829557651174208,0.0037867051223214945,0.003704589390826132,0.008295454606081597
442,0.008606343349157965,0.008295789580073711,0.003786608955335644,0.003704676556960579,0.008295454606081597
443,0.008600477286261397,0.008296257671936433,0.0037865928025309897,0.003705051064921113,0.008295454606081597
444,0.008599469427275198,0.008295943465295644,0.003786677844086085,0.003704845658975883,0.008295454606081597
445,0.008589392476457746,0.008295887050197077,0.0037865828918235917,0.003704797757120851,0.008295454606081597
446,0.00860479866200772,0.00829624343734056,0.003786523820960292,0.003705022856593132,0.008295454606081597
447,0.008599856640105638,0.008295758257733207,0.0037866043642429516,0.003704742879431317,0.008295454606081597
448,0.008597086317367157,0.008296179372314758,0.003786572320194367,0.003705048555437654,0.008295454606081597
449,0.008601954199284282,0.008295732208734238,0.003786607992812983,0.0037046715437041113,0.008295454606081597
450,0.008602654475080174,0.00829635189125603,0.003786644250433216,0.003705144726952648,0.008295454606081597
451,0.008592067063811569,0.008296110509472215,0.0037867697283400963,0.003704973317396182,0.008295454606081597
452,0.008602257816423623,0.008296136234532896,0.003786798115218571,0.0037049512166546505,0.008295454606081597
453,0.008596340158464421,0.00829560033470359,0.003786637158653611,0.003704544719269161,0.008295454606081597
454,0.008601274013223926,0.008296184393358203,0.0037866638102872887,0.0037049701242160503,0.008295454606081597
455,0.008601564499026966,0.008295831074284072,0.003786659754276076,0.003704740069630071,0.008295454606081597
456,0.00859939767487684,0.008296073284602351,0.0037866752113188064,0.0037048891406826086,0.008295454606081597
457,0.008598145962256516,0.008295617311354,0.0037866092636964963,0.0037045374034032842,0.008295454606081597
458,0.008593572663233757,0.008295549979950472,0.0037866298786334855,0.003704519478039382,0.008295454606081597
459,0.008597663131041742,0.008295909939759484,0.0037866185046420424,0.0037047926961042512,0.008295454606081597
460,0.008585758543131839,0.008295920071137058,0.003786712990463246,0.0037047543050046415,0.008295454606081597
461,0.008599551794982901,0.008295973428548912,0.0037865547041056676,0.0037048063674420453,0.008295454606081597
462,0.008592003184754978,0.008296236320042623,0.0037865726433752604,0.003704972017749546,0.008295454606081597
463,0.00859553225355099,0.008295967191698625,0.003786663095285312,0.003704847227532828,0.008295454606081597
464,0.008599970148359427,0.008296065010678609,0.0037866053111655696,0.0037049132123082845,0.008295454606081597
465,0.008598788649193206,0.008295999238747218,0.0037866093162166412,0.003704838683660513,0.008295454606081597
466,0.008610366764080585,0.00829604872239706,0.003786705739563201,0.003704925233325864,0.008295454606081597
467,0.00860130100701855,0.00829600065493896,0.0037866208399684985,0.0037048713391316574,0.008295454606081597
468,0.008590545683125755,0.008295715890343041,0.0037867328321580978,0.0037046684146367654,0.008295454606081597
469,0.008608864889688693,0.008295596657173424,0.0037866686530606763,0.0037045554255852797,0.008295454606081597
470,0.008595526065533885,0.008296231474465749,0.003786566629818636,0.0037050069594774457,0.008295454606081597
471,0.008597294867063687,0.008296066708239824,0.003786539543983758,0.0037049408773647636,0.008295454606081597
472,0.008595754982126717,0.008295959857403567,0.0037866571095487647,0.003704858260123327,0.008295454606081597
473,0.008590105252828197,0.008295665663296363,0.003786679341690225,0.0037046705703318553,0.008295454606081597
474,0.008598889111390931,0.008295780306301986,0.0037867160397516758,0.0037047132429715614,0.008295454606081597
475,0.008594113134267875,0.008295724164266783,0.003786699489145922,0.0037046448104893384,0.008295454606081597
476,0.0085895995878303,0.008295881768549432,0.003786619152043832,0.0037047602033809476,0.008295454606081597
477,0.008599705595288078,0.008296468872431595,0.0037865894974018527,0.003705268480463022,0.008295454606081597
478,0.008602363138554784,0.008295902668798514,0.0037866476912827283,0.0037048031939889243,0.008295454606081597
479,0.008599133901027645,0.008296425734649733,0.0037867527440531438,0.0037052167180838392,0.008295454606081597
480,0.008597328135455657,0.008295844841661262,0.0037866203007270076,0.003704792767744449,0.008295454606081597
481,0.008596545284471487,0.008295911442127116,0.0037866639740877415,0.0037048270322648244,0.008295454606081597
482,0.008589051248654432,0.008296564489254187,0.003786572976436181,0.0037054036356666546,0.008295454606081597
483,0.008595145106760734,0.008296537936697304,0.0037867206797245027,0.003705298356502135,0.008295454606081597
484,0.008604529061542417,0.008295711185970035,0.003786604668963794,0.0037046532419696037,0.008295454606081597
485,0.008603745910257418,0.008295709379391128,0.0037867290054675188,0.0037046572836707766,0.008295454606081597
486,0.00859101516330362,0.00829572479345461,0.0037865702339485996,0.0037046776754301926,0.008295454606081597
487,0.008603144619595165,0.008296239623797844,0.0037866013497946183,0.0037050660813295823,0.008295454606081597
488,0.008590118634545191,0.008296320037324492,0.0037866744552367162,0.0037051335832679285,0.008295454606081597
489,0.008599937958970441,0.008296389707936225,0.0037866609913594956,0.0037051691656045556,0.008295454606081597
490,0.008605523399971239,0.008296381142260372,0.003786570461189228,0.003705167935002458,0.008295454606081597
491,0.00859540866324933,0.008295878529166564,0.0037866164995164994,0.0037047866131765654,0.008295454606081597
492,0.00858654419822376,0.008296397003815525,0.0037865795565343715,0.003705222698482981,0.008295454606081597
493,0.008597976003946671,0.008295746528467738,0.003786681698856741,0.003704697491472365,0.008295454606081597
494,0.008601004951740113,0.008296640613713326,0.0037866149119521104,0.003705388902185055,0.008295454606081597
495,0.008594961523373223,0.008295882205658467,0.003786595702579007,0.0037047948582884893,0.008295454606081597
496,0.008596376756685595,0.008296560891670328,0.003786697571900622,0.0037053050553797844,0.008295454606081597
497,0.008595942625945454,0.008295715032737192,0.0037867203536836014,0.0037046814671693705,0.008295454606081597
498,0.008597576330321785,0.008295800386322714,0.0037866035213206216,0.0037047273625797255,0.008295454606081597
499,0.00859152257706635,0.008295716895382341,0.0037866922481259043,0.003704644844492476,0.008295454606081597
500,0.00858913864997605,0.008296297972143494,0.003786683506381738,0.003705098106055505,0.008295454606081597
