epoch,train_mae,val_mae,train_r2,val_r2
1,5.821180691870812,8.014232597223492,-3.059669017791748,-4.784820556640625
2,3.767176275876299,5.605013772396738,-0.5980148315429688,-2.3427157402038574
3,2.8521750312754057,3.2501431835136287,-0.13668429851531982,-0.4421813488006592
4,2.780941057444817,3.746929151956054,-0.014891982078552246,-0.836534857749939
5,2.6424676613192664,3.5348520510172765,0.06928443908691406,-0.6509976387023926
6,2.698215443484947,2.72633437966822,0.017893731594085693,0.041420578956604004
7,2.5313088107149007,2.6037509776278083,0.11218762397766113,0.1182292103767395
8,2.618585613704407,2.963764283170668,0.10160821676254272,-0.20510578155517578
9,2.530968062642032,2.5828099003603624,0.14930325746536255,0.11572754383087158
10,2.5200367425155,2.579526315963388,0.11802846193313599,0.23292958736419678
11,2.6239150449059516,2.905686095406778,0.11648732423782349,-0.14668786525726318
12,2.5126711998752613,2.6346271994919284,0.1542227864265442,0.07007396221160889
13,2.465935840878255,2.558826423408993,0.16115224361419678,0.1437835693359375
14,2.408313627418761,2.5676180622649434,0.19930654764175415,0.1401209831237793
15,2.4576437453329065,2.609562512624224,0.15794473886489868,0.09020459651947021
16,2.448868363346886,3.055993308191714,0.204836905002594,-0.2251836061477661
17,2.4237755878486826,3.11703216112577,0.21659642457962036,-0.30022549629211426
18,2.410587086749436,2.6205611077439426,0.20558351278305054,0.14116841554641724
19,2.381597647914535,2.561994575736515,0.23362094163894653,0.1951269507408142
20,2.365795651073232,2.5910062167955483,0.2305365800857544,0.15440034866333008
21,2.381152999660677,2.7659120216816167,0.23223572969436646,-0.027657508850097656
22,2.3820411883406902,2.720784975134808,0.2347482442855835,0.028134047985076904
23,2.283705976141158,2.7704163578441707,0.27982431650161743,0.00218886137008667
24,2.404415257212704,2.5522706787721767,0.19664037227630615,0.23669075965881348
25,2.3046441136093394,2.550375442441092,0.2466195821762085,0.2359268069267273
26,2.3188380711841425,2.586924051361339,0.25252920389175415,0.18172699213027954
27,2.2984123645316017,2.6086356368750634,0.27211886644363403,0.15004032850265503
28,2.328980883162225,2.575972281172124,0.2372112274169922,0.16845983266830444
29,2.2707183596676517,2.629118062182015,0.28664278984069824,0.10414284467697144
30,2.2739520344502564,2.9456384987336737,0.2896486520767212,-0.14628052711486816
31,2.2797913171937516,2.6037688494526026,0.2767767906188965,0.13946431875228882
32,2.2786815533885605,2.6752009646948363,0.2792035937309265,0.07731693983078003
33,2.3662584562796845,2.558980159536253,0.2359955906867981,0.21806466579437256
34,2.3182220538856595,2.586317937908364,0.242653489112854,0.19260746240615845
35,2.290178677544522,2.663478937436107,0.2682987451553345,0.23446625471115112
36,2.295122099082474,2.601374382159383,0.2767607569694519,0.13598060607910156
37,2.2794528626517034,2.53861976786202,0.27062463760375977,0.2092798352241516
38,2.214774615401199,2.5281458937603496,0.3050808906555176,0.2496848702430725
39,2.170101302752343,2.5479290620937793,0.3211096525192261,0.19511038064956665
40,2.194789785036889,2.601069564404695,0.3178625702857971,0.15444833040237427
41,2.220709284545988,2.6249675017136793,0.3046807646751404,0.13600295782089233
42,2.215951226664149,2.589940130112562,0.2880205512046814,0.17444521188735962
43,2.2233122349584122,2.6119931445871307,0.3099671006202698,0.14948958158493042
44,2.2458275059359756,2.7120088374734324,0.29083889722824097,0.04432237148284912
45,2.2683770820323748,2.5529300241566024,0.28020989894866943,0.23858153820037842
46,2.177321626912409,2.5455327783539943,0.2949240803718567,0.21343302726745605
47,2.21026248867987,2.589918312819108,0.32032209634780884,0.16064196825027466
48,2.1458245356078924,2.7439873226510243,0.330880343914032,0.031743407249450684
49,2.2022769255454415,2.5552672925202744,0.3099924921989441,0.1872456669807434
50,2.139205102345452,2.5620074694770634,0.3487604260444641,0.17858415842056274
51,2.184542587254714,2.5541005341903023,0.33139240741729736,0.1941542625427246
52,2.159438995859731,2.550404556618885,0.33266741037368774,0.21418964862823486
53,2.120451807576408,2.534189169223492,0.3533177375793457,0.21126914024353027
54,2.160966436068217,2.5325619129831574,0.3319203853607178,0.20725655555725098
55,2.1833917739203628,2.562604371520588,0.3457253575325012,0.1854947805404663
56,2.1372781378939325,2.5673949232069546,0.3261873722076416,0.1862744688987732
57,2.183325099385963,2.5466753479629056,0.33377593755722046,0.21574020385742188
58,2.133512312842773,2.560824243520016,0.3546000123023987,0.1929585337638855
59,2.159395348087228,2.5293635963197536,0.3398279547691345,0.21452796459197998
60,2.1570684378670286,2.5351664398027505,0.3290719985961914,0.20124495029449463
61,2.106427254389279,2.5412134414532512,0.35661280155181885,0.19660842418670654
62,2.1123983796118093,2.545481045509262,0.3562694191932678,0.1899588704109192
63,2.132330908647534,2.5358977166306613,0.3434942960739136,0.21075361967086792
64,2.1501588240340728,2.551327026807345,0.32694870233535767,0.19752418994903564
65,2.137916018615416,2.546052412843226,0.3679097890853882,0.21580511331558228
66,2.1403477355663103,2.550669789712963,0.34901756048202515,0.2040337324142456
67,2.128018111839167,2.5485184718932596,0.33434611558914185,0.19884496927261353
68,2.0901494455497267,2.5460251047459734,0.36118006706237793,0.1960476040840149
69,2.120629252301189,2.56729642762787,0.3632228374481201,0.17591190338134766
70,2.1290456134470266,2.5634222062535112,0.3371140956878662,0.18781626224517822
71,2.1058462828247992,2.571877020258569,0.35598206520080566,0.17808383703231812
72,2.1071872695207197,2.5531146199408186,0.34935885667800903,0.2013062834739685
73,2.0988744367506835,2.549092615727198,0.36632460355758667,0.20885324478149414
74,2.1234869413839115,2.5535270920565294,0.3518206477165222,0.20439308881759644
75,2.1501048845262383,2.5675742490634472,0.3281201124191284,0.18599474430084229
76,2.1321779411641795,2.5621199408502484,0.33219271898269653,0.18751168251037598
77,2.108668829727812,2.551760766019789,0.35388076305389404,0.1991112232208252
78,2.0609579926958834,2.5539487109933807,0.3703782558441162,0.19937705993652344
79,2.105030965166076,2.56004566093751,0.34968554973602295,0.1921752691268921
80,2.0511550595812262,2.5547751742461853,0.3844197988510132,0.19514620304107666
81,2.111790813992371,2.550303178487414,0.3289393186569214,0.20361340045928955
82,2.040194592084517,2.555385627874164,0.39717239141464233,0.2046526074409485
83,2.1522063494128,2.5587766130632383,0.3386649489402771,0.19958126544952393
84,2.102192872333367,2.559037253210776,0.35222554206848145,0.19779634475708008
85,2.0796760769944695,2.5553093745955655,0.37548601627349854,0.20323097705841064
86,2.086833145151186,2.557259090768055,0.35974055528640747,0.20214658975601196
87,2.0982814394249587,2.5551287673388834,0.3694043755531311,0.2074648141860962
88,2.0590923423543446,2.5567669238533863,0.38552552461624146,0.20456945896148682
89,2.0910474309569826,2.5597035629693483,0.3685002326965332,0.1979486346244812
90,2.077848856572929,2.560965982169212,0.37102317810058594,0.19707340002059937
91,2.067652805766069,2.5576628913050112,0.3766888976097107,0.20037752389907837
92,2.0995610187600806,2.5602539590369897,0.35203462839126587,0.19970571994781494
93,2.0953144791537595,2.5616746235850663,0.376575767993927,0.19386470317840576
94,2.0557415585222354,2.558617461883902,0.3756111264228821,0.19376283884048462
95,2.1028604603292953,2.5574707769629947,0.36616015434265137,0.19665712118148804
96,2.1000500649862754,2.5574684262674388,0.3572857975959778,0.1963692307472229
97,2.1031763968954933,2.5609736737598943,0.3406320810317993,0.19051754474639893
98,2.094988098495969,2.558742935442207,0.3526366353034973,0.19665533304214478
99,2.0924225192972563,2.5564110765489048,0.3713815212249756,0.1997261643409729
100,2.130203122070287,2.555461215334991,0.35352736711502075,0.19885921478271484
101,2.0733376939093047,2.5515068103637186,0.3855562210083008,0.20290201902389526
102,2.0414463040018003,2.553181406646269,0.39868777990341187,0.2093120813369751
103,2.0512970248658453,2.551166189155451,0.3942919373512268,0.20663142204284668
104,2.0909248756204217,2.5531258072741454,0.36148494482040405,0.20537596940994263
105,2.1074492775615137,2.553013205129566,0.3704872131347656,0.20346087217330933
106,2.068574340299546,2.5531429096209166,0.3730921745300293,0.2033153772354126
107,2.1099246522689383,2.5537676484289777,0.36577391624450684,0.20240765810012817
108,2.0783171787533528,2.554734983571796,0.3414314389228821,0.2009609341621399
109,2.132944351065299,2.552884089109491,0.34149444103240967,0.19921505451202393
110,2.0584354863893646,2.5529442399640545,0.37625402212142944,0.2002241015434265
111,2.0713910465464123,2.551968382353767,0.36963731050491333,0.20397186279296875
112,2.1130826776750524,2.553128258440407,0.3507370352745056,0.2028091549873352
113,2.093641812278198,2.552203900837978,0.3589271903038025,0.20441782474517822
114,2.073518221102767,2.551104336677985,0.36568015813827515,0.2036902904510498
115,2.140327682846555,2.5505918204585045,0.3479090929031372,0.20543038845062256
116,2.0851822334717665,2.550464188374803,0.365939736366272,0.2047957181930542
117,2.1118475124863925,2.5506298446336317,0.3714456558227539,0.20530641078948975
118,2.092424405879112,2.550528382776573,0.3660261034965515,0.2040776014328003
119,2.143020746096894,2.5502225491514174,0.3507843017578125,0.20534181594848633
120,2.0609157325035365,2.550451974007597,0.37406349182128906,0.20415079593658447
121,2.096356941627298,2.5501961851598427,0.3649962544441223,0.2038564682006836
122,2.0665084570895886,2.550616198160178,0.38181257247924805,0.2003467082977295
123,2.059952050796905,2.5513913814838114,0.37699228525161743,0.1986028552055359
124,2.1134107743875066,2.55276550656577,0.3529745936393738,0.20052897930145264
125,2.077065046907869,2.5518631823485514,0.37430059909820557,0.2018747329711914
126,2.107991565611694,2.5513103072061187,0.35247665643692017,0.20363855361938477
127,2.032818120927667,2.5509236911467483,0.38374871015548706,0.20394432544708252
128,2.0769684027187787,2.552178917122525,0.3694431185722351,0.2024112343788147
129,2.0738168126174954,2.552074969811583,0.37438279390335083,0.19958245754241943
130,2.0369266682933125,2.551211527757421,0.37611591815948486,0.20184510946273804
131,2.0772225679065315,2.5516345357416466,0.366558313369751,0.20190191268920898
132,2.074232082071416,2.5514346835605277,0.36999034881591797,0.20249003171920776
133,2.125641045658233,2.551355865089391,0.35891056060791016,0.2034185528755188
134,2.11839548826617,2.5511015027661785,0.34859997034072876,0.20326226949691772
135,2.089316948774073,2.550945053929868,0.3692758083343506,0.20399987697601318
136,2.0603030510683555,2.5512458935230473,0.37569528818130493,0.20285218954086304
137,2.0574953478185374,2.551083398901898,0.38085854053497314,0.20136874914169312
138,2.1002908459859877,2.5509712632284516,0.35830456018447876,0.1995730996131897
139,2.0669360923607347,2.5513123772216084,0.384452760219574,0.2009984254837036
140,2.111768174211384,2.551421798591231,0.35203200578689575,0.20392584800720215
141,2.1558656920140713,2.5508999984001237,0.33352965116500854,0.2062050700187683
142,2.1168336087535176,2.5506862294315096,0.3504672050476074,0.2060278058052063
143,2.1394972036431983,2.5505719687229016,0.34623271226882935,0.20392119884490967
144,2.099373775910293,2.5506429201783147,0.3561170697212219,0.20161718130111694
145,2.041476117306618,2.550618391770583,0.3888717293739319,0.20242959260940552
146,2.1641359413089463,2.5504833184755764,0.3383786082267761,0.20631003379821777
147,2.064844068770033,2.550452632648889,0.365835964679718,0.20381832122802734
148,2.0835693437649776,2.5514368420859244,0.3664604425430298,0.20355349779129028
149,2.099645325087223,2.5506653363090694,0.36319780349731445,0.20426517724990845
150,2.112373673137109,2.5519365642381753,0.36483651399612427,0.20029276609420776
151,2.1015116263873614,2.5506583456211662,0.35876888036727905,0.20339184999465942
152,2.0774592318926226,2.5514529237779087,0.3853977918624878,0.20283252000808716
153,2.1044484418840264,2.5513449584361303,0.3559478521347046,0.20188885927200317
154,2.070687880468129,2.5510718966008827,0.3604545593261719,0.2031397819519043
155,2.129905075683466,2.5509590305213545,0.3544387221336365,0.2054387927055359
156,2.109256205247275,2.5508043295563665,0.34750622510910034,0.20434516668319702
157,2.0675043808155924,2.5505580463537005,0.3767853379249573,0.20500946044921875
158,2.0985614562553776,2.5506815344194904,0.35944294929504395,0.20380640029907227
159,2.116188614212688,2.550139869734595,0.3551502823829651,0.20285463333129883
160,2.078646417438884,2.5510046657511225,0.37257397174835205,0.20206093788146973
161,2.0987573265030957,2.550903503711407,0.36091363430023193,0.20400285720825195
162,2.08889654932709,2.5519648770424834,0.35750001668930054,0.19966071844100952
163,2.104115001919681,2.5509262467706484,0.36115026473999023,0.20073264837265015
164,2.1366410746646287,2.551097188904931,0.356354296207428,0.20296913385391235
165,2.0519565373808892,2.551433335179868,0.3647652864456177,0.20272326469421387
166,2.121399946548232,2.5508328417073125,0.3486045002937317,0.20265907049179077
167,2.0753986607843906,2.551139015816526,0.36982858180999756,0.19897103309631348
168,2.1210076161964455,2.55197411715785,0.35506564378738403,0.20040446519851685
169,2.050857316309483,2.5512435906706843,0.3857971429824829,0.2004166841506958
170,2.1237593120466327,2.551406806129277,0.353402316570282,0.20231258869171143
171,2.1156702612712355,2.551169857133591,0.3524274230003357,0.20430338382720947
172,2.095329896888541,2.551159595566051,0.3728143572807312,0.20387452840805054
173,2.0951918685056854,2.5518306115000544,0.37211525440216064,0.2026975154876709
174,2.1109467019986865,2.5519453761569633,0.3558467626571655,0.20056354999542236
175,2.1153510755030953,2.551122429378854,0.3419919013977051,0.20271307229995728
176,2.104278987576215,2.552867203651862,0.3586309552192688,0.2005484700202942
177,2.103787075135376,2.5512347787518963,0.36391782760620117,0.19993293285369873
178,2.1206279719494896,2.5514869833470986,0.34448665380477905,0.1981111764907837
179,2.081334773819251,2.5535911788111147,0.3789660334587097,0.19736254215240479
180,2.0793312218920073,2.5528183366143984,0.37095123529434204,0.19938993453979492
181,2.0698332071703684,2.5532242263041214,0.3634726405143738,0.19831377267837524
182,2.0942409793336187,2.5528073207191797,0.36926865577697754,0.20129042863845825
183,2.0263063072958585,2.552167147697015,0.3712726831436157,0.20109474658966064
184,2.0793949850839586,2.5510977191669886,0.38040292263031006,0.20278680324554443
185,2.0965651693056575,2.551090135223491,0.35876500606536865,0.2014145851135254
186,2.1107417800318657,2.5511614319472806,0.35828882455825806,0.20307117700576782
187,2.1021663593487125,2.5507422003857667,0.36124664545059204,0.2001703977584839
188,2.093796938108639,2.5508546207262124,0.354181170463562,0.20329952239990234
189,2.097749737638924,2.550156607675712,0.36508768796920776,0.20297402143478394
190,2.148979135094775,2.5513908440452755,0.337846040725708,0.2022523283958435
191,2.126995474050193,2.5525338530141775,0.34912294149398804,0.20166879892349243
192,2.1078447385049945,2.5516395162180516,0.35872411727905273,0.2027154564857483
193,2.070031318233241,2.551294589919789,0.37053030729293823,0.20098453760147095
194,2.103783088712836,2.5503441011626586,0.3551117777824402,0.2034686803817749
195,2.102940455952681,2.5506094379169886,0.3579215407371521,0.20377665758132935
196,2.059261079010253,2.550986744488362,0.37094104290008545,0.20250940322875977
197,2.1292410609710157,2.550232919960915,0.3470112681388855,0.2038620114326477
198,2.1058552345039456,2.549946408606692,0.35431402921676636,0.20374774932861328
199,2.0750098184524868,2.5505510556657978,0.381033718585968,0.20500248670578003
200,2.0735687993878695,2.5513498655529725,0.37193357944488525,0.19878560304641724
201,2.1184021603921352,2.5513388488603677,0.3645370602607727,0.20054715871810913
202,2.0902754865100035,2.5514948822582846,0.38348865509033203,0.20136356353759766
203,2.1111729105113937,2.551460541211642,0.36468005180358887,0.20283859968185425
204,2.0843143351313658,2.5522661185184847,0.3769749402999878,0.199984610080719
205,2.1155998071833473,2.552453852018784,0.3481680750846863,0.2017500400543213
206,2.1099177471157695,2.5518070965706303,0.362997829914093,0.20137089490890503
207,2.075962121762223,2.5528781190763747,0.3591245412826538,0.2012951374053955
208,2.0876874690079807,2.5520274806580816,0.36936140060424805,0.20371097326278687
209,2.0913752894505384,2.5508518474157835,0.350320041179657,0.20596390962600708
210,2.0856833026636785,2.551466977715891,0.3671213984489441,0.2024376392364502
211,2.09145487852432,2.551964469577955,0.36711686849594116,0.20276981592178345
212,2.0969250086364233,2.5530725386629136,0.3597090244293213,0.20057421922683716
213,2.100816935949789,2.551389037167348,0.36535167694091797,0.20398736000061035
214,2.0908868863954018,2.5510772000188413,0.3630315661430359,0.20190751552581787
215,2.0305640721440916,2.5513227041748454,0.3843461275100708,0.2016698122024536
216,2.079786600379688,2.5512464022556673,0.3604958653450012,0.2015259861946106
217,2.049667059676332,2.5512844678948956,0.3841072916984558,0.2010541558265686
218,2.0888089784226027,2.5511334699930557,0.3625701665878296,0.19960302114486694
219,2.090394318802672,2.550892963058574,0.3732243776321411,0.19845962524414062
220,2.0578105960858726,2.550384646674064,0.3834124207496643,0.20066404342651367
221,2.0699172800709453,2.5512826753699263,0.38915014266967773,0.20246011018753052
222,2.095555343420262,2.5512888208280837,0.36748749017715454,0.200813889503479
223,2.137786976256762,2.5508851391017235,0.3527531027793884,0.2013111114501953
224,2.041921605416878,2.5507684487562914,0.3773850202560425,0.20242595672607422
225,2.108928367520497,2.550243891999873,0.35222840309143066,0.202414870262146
226,2.09372319568142,2.5511626025107392,0.3709503412246704,0.20012623071670532
227,2.084279128454838,2.5515288150430124,0.3645407557487488,0.20252352952957153
228,2.10649282249374,2.5518320212794787,0.34841692447662354,0.20181000232696533
229,2.082309562756588,2.552341975495967,0.35772716999053955,0.19941896200180054
230,2.0799475111554018,2.5542192227864344,0.36969566345214844,0.19745922088623047
231,2.1176700875587398,2.554795827355273,0.3452560305595398,0.19579172134399414
232,2.121646605943715,2.552231888308573,0.34496885538101196,0.2010338306427002
233,2.0861759313586568,2.55060859348463,0.3702254295349121,0.20286625623703003
234,2.0981423974636213,2.550809686399224,0.36417317390441895,0.20201891660690308
235,2.114739074978597,2.5529077675031577,0.3583630919456482,0.1979224681854248
236,2.1184225505720233,2.5514771954271707,0.35793739557266235,0.20103615522384644
237,2.1291201941332027,2.5502288293679025,0.35864293575286865,0.20203596353530884
238,2.1148399220439456,2.5504751883222907,0.35644006729125977,0.2047702670097351
239,2.085824851015305,2.5513272381147813,0.3624364733695984,0.20359951257705688
240,2.065214622360178,2.5509320884245295,0.367676317691803,0.203416645526886
241,2.058712238043397,2.550788538113087,0.3911963701248169,0.2035614252090454
242,2.0394865619876676,2.5514067694494957,0.38435041904449463,0.20321965217590332
243,2.1207102015988912,2.551772725223299,0.3596974015235901,0.20114213228225708
244,2.1044583851767946,2.5523252654633795,0.3598635196685791,0.20219933986663818
245,2.091500460003289,2.55219638626711,0.3511393070220947,0.2026153802871704
246,2.0680029432178544,2.551435856516146,0.3793599009513855,0.200783371925354
247,2.073843900482459,2.5506927488639604,0.37540847063064575,0.20274680852890015
248,2.081430971921988,2.55101215719778,0.3744601607322693,0.20120328664779663
249,2.103070572992066,2.5511427802784388,0.3592182993888855,0.20243173837661743
250,2.122227910775036,2.5506202744002326,0.3523339033126831,0.20339810848236084
251,2.1289267755633023,2.55162297363664,0.37028396129608154,0.2017785906791687
252,2.03690359260968,2.5516616540608994,0.39377301931381226,0.20248454809188843
253,2.077030191070071,2.552049781965173,0.37299132347106934,0.2008240818977356
254,2.079214739839436,2.552047473531104,0.37730783224105835,0.20191621780395508
255,2.0761070331337064,2.5515438234526977,0.3785324692726135,0.20367521047592163
256,2.08612390099658,2.551353137229996,0.37603962421417236,0.2026171088218689
257,2.1561317529710293,2.5523221700087837,0.3295961618423462,0.20155996084213257
258,2.100009209746292,2.551550661839769,0.36080336570739746,0.2021327018737793
259,2.0737045494156265,2.5519351568509103,0.3601468801498413,0.20307523012161255
260,2.0677684088248505,2.551734235374425,0.3590362071990967,0.2020307183265686
261,2.076401077522904,2.5508569203890286,0.37760913372039795,0.20182764530181885
262,2.1258626343616887,2.5512015923209814,0.3504334092140198,0.20283883810043335
263,2.1199859127127745,2.5515453049969117,0.3527747392654419,0.20232701301574707
264,2.117365710499698,2.5521559236839066,0.3538682460784912,0.199194073677063
265,2.075306800941327,2.55197119154659,0.36037033796310425,0.20089185237884521
266,2.100496073064692,2.5510470436568244,0.3534608483314514,0.20024621486663818
267,2.1357735509249434,2.551694263183951,0.3512920141220093,0.20133572816848755
268,2.0779777467750025,2.550008768222005,0.3790208101272583,0.202259361743927
269,2.0713453059220432,2.551905158371431,0.3673593997955322,0.19996392726898193
270,2.0474006868087664,2.5508956542381873,0.38613778352737427,0.20276272296905518
271,2.0926341930625827,2.5498337586189193,0.36824971437454224,0.20279520750045776
272,2.156052683865405,2.551384366874312,0.3266092538833618,0.1996985673904419
273,2.1061264514124374,2.550426354775062,0.3698551058769226,0.20484143495559692
274,2.074243283151981,2.5503911158711614,0.38333332538604736,0.204032301902771
275,2.1193714289609313,2.551675146638749,0.3471599817276001,0.20220714807510376
276,2.0909687474345042,2.5520534945969597,0.3558306097984314,0.2023380994796753
277,2.1406345806728857,2.5518444214377514,0.34057098627090454,0.202700674533844
278,2.071410775783673,2.551413900477432,0.3773934245109558,0.20292437076568604
279,2.087555704204681,2.551691886174639,0.3623858690261841,0.20441824197769165
280,2.128449494714913,2.5509583447689197,0.3435220718383789,0.20626896619796753
281,2.078153379398774,2.5511456723994637,0.38432639837265015,0.203921377658844
282,2.0936923825760783,2.55276936192975,0.369537353515625,0.20035195350646973
283,2.101845160600927,2.551459829942837,0.3693299889564514,0.20131444931030273
284,2.1186601121221953,2.55044445465241,0.35601168870925903,0.20330381393432617
285,2.086067809531437,2.551026266952821,0.37589895725250244,0.20300477743148804
286,2.10955416617082,2.550525535309195,0.35120606422424316,0.2035171389579773
287,2.1372716374932423,2.5499800144629337,0.35648709535598755,0.19924765825271606
288,2.10906651790817,2.5517074870425325,0.351467490196228,0.1994299292564392
289,2.0684397206633935,2.5524294631536986,0.37187063694000244,0.20113444328308105
290,2.0849434069452975,2.552785320026819,0.3756526708602905,0.19946056604385376
291,2.086029296544329,2.5516707586205523,0.36165308952331543,0.202106773853302
292,2.1328154229239202,2.551326131342247,0.34016257524490356,0.2027043104171753
293,2.126392433192063,2.5520170069857184,0.3514820337295532,0.20116889476776123
294,2.0942048483358158,2.5517450822236944,0.3533768653869629,0.20172381401062012
295,2.1156140679690107,2.550611764690948,0.3538488745689392,0.20064836740493774
296,2.08618721131304,2.551006694302511,0.37668734788894653,0.20330166816711426
297,2.0658906508530404,2.5507483761446132,0.3784213066101074,0.2018212080001831
298,2.0402070255934492,2.5505808563934123,0.37576133012771606,0.20347601175308228
299,2.111867832778087,2.5508408386970443,0.35473793745040894,0.20108574628829956
300,2.081658897288081,2.550556182861328,0.36799484491348267,0.20094174146652222
301,2.100035296812329,2.5501360941092703,0.3541368842124939,0.20262521505355835
302,2.0847370241155576,2.550037695811345,0.35825198888778687,0.2015708088874817
303,2.097909547176393,2.550309130978026,0.3642011880874634,0.2033069133758545
304,2.0886483028705793,2.551578725859473,0.3667088747024536,0.20199579000473022
305,2.128386101331343,2.5518819823312917,0.33877015113830566,0.20272201299667358
306,2.0515757581496756,2.5506392466184686,0.38838595151901245,0.20269691944122314
307,2.0656268514780143,2.551611909100842,0.38115859031677246,0.20131611824035645
308,2.089604208018113,2.551627776295844,0.36034977436065674,0.19864922761917114
309,2.127230189753138,2.550901318872254,0.3459259867668152,0.20270222425460815
310,2.0872802796275973,2.5512576701250365,0.3650255799293518,0.20291894674301147
311,2.1320338944094863,2.550948230717892,0.34466469287872314,0.2032792568206787
312,2.0496928789707485,2.5518168047519034,0.3938889503479004,0.20074373483657837
313,2.0667694078218597,2.551305303605504,0.3806208372116089,0.20187699794769287
314,2.055513343419661,2.5509250371352485,0.3918745517730713,0.20303380489349365
315,2.0932808098082165,2.550706577938935,0.36884039640426636,0.20462387800216675
316,2.0887543046893784,2.550970240181505,0.35541361570358276,0.20421677827835083
317,2.0701961405512876,2.5513841810832454,0.3880000710487366,0.20361006259918213
318,2.056598951269434,2.5519491469979685,0.3889179825782776,0.20271873474121094
319,2.090415425436381,2.550743770439888,0.3643816113471985,0.20347779989242554
320,2.0931398932458567,2.551742564076963,0.3687173128128052,0.20373040437698364
321,2.076491401822523,2.551113093577101,0.3741174340248108,0.2020341157913208
322,2.1322682263264103,2.55106877961685,0.3496168851852417,0.20218247175216675
323,2.070792706967199,2.552071983598945,0.3629779815673828,0.19966071844100952
324,2.0675797518373935,2.552941937111692,0.3837244510650635,0.20140933990478516
325,2.0760432375935056,2.5518918316499843,0.36560314893722534,0.2011396884918213
326,2.0791233991658067,2.5517403585057594,0.3734782934188843,0.19841814041137695
327,2.0817415286947534,2.551058965383166,0.37292414903640747,0.19879865646362305
328,2.083407659027445,2.5513339066585172,0.36705803871154785,0.19983774423599243
329,2.0930517678284764,2.5503320701943593,0.3730582594871521,0.20124107599258423
330,2.092851901174191,2.5507846771674014,0.3629527688026428,0.20394957065582275
331,2.089003599468787,2.5514038103480003,0.3692978620529175,0.20035886764526367
332,2.108506310924613,2.5514418528630185,0.36564743518829346,0.20010077953338623
333,2.093194054199423,2.551400928593001,0.3710455298423767,0.20152992010116577
334,2.1139884450327813,2.5510843150990463,0.34354889392852783,0.20439541339874268
335,2.0563980570590275,2.5512779365016467,0.37393808364868164,0.20476031303405762
336,2.0816703172185314,2.5519058202022693,0.369778037071228,0.20128387212753296
337,2.0879556401890125,2.5511067272428685,0.359025239944458,0.2026214599609375
338,2.0780532308159962,2.551864539500463,0.36976104974746704,0.20216667652130127
339,2.1027726000876883,2.5532883329933704,0.34732961654663086,0.20070141553878784
340,2.0724907676179205,2.551281995199197,0.3847017288208008,0.2028312087059021
341,2.053030128654723,2.5515700606598104,0.38191157579421997,0.2009785771369934
342,2.1221051319959376,2.550315015690781,0.35236239433288574,0.20150959491729736
343,2.0801341767287136,2.550944065170543,0.37763965129852295,0.20460611581802368
344,2.114539984682297,2.5507635783192306,0.349274218082428,0.20142561197280884
345,2.1249451797012506,2.550530161745971,0.3567582368850708,0.20076942443847656
346,2.1043417006481433,2.5518022923166535,0.35932624340057373,0.2007482647895813
347,2.037547409434614,2.5515682904616646,0.38895922899246216,0.2007737159729004
348,2.046709223208915,2.5506377459369776,0.3983789086341858,0.2002086043357849
349,2.06685395556279,2.5513328525134953,0.37849289178848267,0.20128053426742554
350,2.0548331366112484,2.5518131678718388,0.3877861499786377,0.19901984930038452
351,2.1018860903217567,2.5511855130211565,0.37184399366378784,0.2025410532951355
352,2.1107471115026044,2.5514271251333995,0.3589479923248291,0.20374441146850586
353,2.1017426897333293,2.5514696888301684,0.34720706939697266,0.20246034860610962
354,2.0888586635365956,2.551617373590884,0.36165595054626465,0.20056134462356567
355,2.0744017256763914,2.550456015162643,0.37566763162612915,0.20328843593597412
356,2.0928586994982643,2.55102169952265,0.3682093620300293,0.20381230115890503
357,2.1489920172859076,2.5508853607751854,0.3381851315498352,0.20138829946517944
358,2.1516296124737866,2.5506411005422023,0.33651840686798096,0.2055143117904663
359,2.0575560121680025,2.5508485215164747,0.3851402997970581,0.2011128067970276
360,2.065065149885526,2.5511349403738577,0.37527555227279663,0.2004438042640686
361,2.0773432123002094,2.5506708701717415,0.372167706489563,0.20359891653060913
362,2.078374423373684,2.5506464637641524,0.371906042098999,0.20489925146102905
363,2.0817642906802383,2.5513302163535534,0.38183510303497314,0.20555579662322998
364,2.103635814721061,2.5517087070439572,0.3561111092567444,0.20404154062271118
365,2.0499725862963114,2.5519758084147273,0.3877379298210144,0.20240646600723267
366,2.129631634732986,2.553018409671592,0.34842193126678467,0.20105600357055664
367,2.1019695152589426,2.551311117350856,0.3685529828071594,0.20349746942520142
368,2.082216452713588,2.550499282951738,0.3740159869194031,0.20607250928878784
369,2.0855999316402416,2.550780817816489,0.3679197430610657,0.20227444171905518
370,2.1029669292009054,2.5511583675907605,0.3568379878997803,0.20322829484939575
371,2.1271961534043253,2.5516483137838817,0.34569305181503296,0.20068633556365967
372,2.0860070103975996,2.5501808187235957,0.36560893058776855,0.20184969902038574
373,2.1318606176168675,2.5509393550081794,0.34991711378097534,0.2043803334236145
374,2.1164727005327566,2.5519453386797952,0.36806148290634155,0.20180553197860718
375,2.059422541503331,2.5515129574166493,0.37579816579818726,0.20124942064285278
376,2.0814226053068587,2.5522488742369074,0.3776644468307495,0.2015663981437683
377,2.1161610141671083,2.5533484487629257,0.3623942732810974,0.19773340225219727
378,2.1306778717679995,2.5526361050813096,0.3589437007904053,0.1988513469696045
379,2.097908305562721,2.550511026860878,0.36475199460983276,0.20138996839523315
380,2.1302489483576124,2.551296329019859,0.36041122674942017,0.2030206322669983
381,2.128630582611365,2.5533217099996715,0.3575841188430786,0.19968318939208984
382,2.080957206649397,2.5516980643256453,0.3678808808326721,0.20068585872650146
383,2.0971030899428045,2.5523655940856425,0.3673411011695862,0.1994500756263733
384,2.0664902274532735,2.5511142888595426,0.39168548583984375,0.20131826400756836
385,2.053353022890075,2.5513208542380443,0.38224226236343384,0.20132499933242798
386,2.0865763743319103,2.5509506866684726,0.36368805170059204,0.2039775848388672
387,2.088923282559393,2.5511006057063073,0.3673967719078064,0.20347440242767334
388,2.064978376105802,2.551653891502814,0.3717811703681946,0.20451438426971436
389,2.0504260909816927,2.5512788574831142,0.38789284229278564,0.20276671648025513
390,2.0577923025517806,2.5519372882651643,0.3880699872970581,0.2007848620414734
391,2.086328838738165,2.5527338240058923,0.38001519441604614,0.2017296552658081
392,2.0824432492855207,2.553460766240506,0.3648638129234314,0.19861537218093872
393,2.1069220869585097,2.551292180217628,0.37647581100463867,0.20268046855926514
394,2.0806346594588443,2.552002503321721,0.36221885681152344,0.20424562692642212
395,2.222125442383477,2.5516295018403428,0.2920985221862793,0.20194703340530396
396,2.087906421528789,2.5513324952843197,0.3667805790901184,0.20271098613739014
397,2.1030151260957446,2.551100577797778,0.37153929471969604,0.20226985216140747
398,2.1209342907022193,2.5507283258597586,0.36584222316741943,0.20293796062469482
399,2.135612140748169,2.5513911733659214,0.3473389744758606,0.20283406972885132
400,2.092784060106006,2.5520074949615377,0.364626944065094,0.20006543397903442
401,2.0992468449737958,2.5523095888437637,0.3587203621864319,0.20072650909423828
402,2.072565747665201,2.5523457479317453,0.3716437816619873,0.19967591762542725
403,2.1063619314925357,2.552172747742771,0.36797237396240234,0.20047813653945923
404,2.097087605914079,2.5515340299510636,0.3622586727142334,0.2021620273590088
405,2.0600804100483905,2.550364274245042,0.38488030433654785,0.20182645320892334
406,2.1157450216699085,2.550593822696137,0.3560498356819153,0.2045600414276123
407,2.10078975223816,2.549797809243601,0.37183690071105957,0.20353853702545166
408,2.1278775746698555,2.5510307402913788,0.35410839319229126,0.20252841711044312
409,2.075998011146558,2.552300809617824,0.3689643144607544,0.20194321870803833
410,2.098755793355817,2.552057775765358,0.3606233596801758,0.20249712467193604
411,2.109380362021863,2.551148748716782,0.35417288541793823,0.20440620183944702
412,2.0716926224866703,2.5508742045399337,0.3788290023803711,0.20341742038726807
413,2.0936472048511856,2.5510621860274503,0.3668755292892456,0.20246732234954834
414,2.092527615165391,2.550050154178836,0.35704565048217773,0.20239847898483276
415,2.0487768691987847,2.5510513343938617,0.39331209659576416,0.2036939263343811
416,2.100959906226626,2.5508334150282437,0.36514532566070557,0.2014893889427185
417,2.1113201912923074,2.5514192589150624,0.35863393545150757,0.20264554023742676
418,2.060662045950067,2.551882318828417,0.37075310945510864,0.20316565036773682
419,2.1063443939490134,2.551469845915319,0.3488730192184448,0.20155400037765503
420,2.0777277850625504,2.551227073605643,0.3609628677368164,0.2005631923675537
421,2.107728652618638,2.550846191552969,0.367636501789093,0.19988274574279785
422,2.1478691053150887,2.551970637362936,0.3497765064239502,0.20047885179519653
423,2.093783917139523,2.552952334234946,0.36252737045288086,0.20040345191955566
424,2.0937761401810637,2.5521261580413004,0.3652838468551636,0.19960147142410278
425,2.085652153695648,2.5507126548218486,0.3840888738632202,0.20256048440933228
426,2.0887340117539193,2.550481210982919,0.35486000776290894,0.20315533876419067
427,2.077457348905017,2.5501559904985203,0.36214935779571533,0.20516693592071533
428,2.0937887422203816,2.5511670391695156,0.3733059763908386,0.2039434313774109
429,2.1298418304628663,2.550161331393647,0.33707869052886963,0.20385771989822388
430,2.1352610881604144,2.5502904585771335,0.3311605453491211,0.2041621208190918
431,2.036250648786075,2.552400749263955,0.3841773271560669,0.19936901330947876
432,2.1256057229673044,2.551589825480279,0.34341156482696533,0.20182669162750244
433,2.1332315192550073,2.5506918940655763,0.34505730867385864,0.20287615060806274
434,2.0845312489137378,2.552700164724752,0.36067110300064087,0.20090878009796143
435,2.0821861773479724,2.5511642172185076,0.3645683526992798,0.20103055238723755
436,2.093356584983455,2.5514456882923344,0.36753809452056885,0.2027173638343811
437,2.1309391669492226,2.551491978973848,0.3316335082054138,0.20271587371826172
438,2.04922701126367,2.551399765206021,0.3900189995765686,0.20430117845535278
439,2.0694417050935114,2.5515955602843627,0.39169323444366455,0.20312660932540894
440,2.102559247408281,2.5522922385097746,0.3540080189704895,0.201227068901062
441,2.123443988499729,2.5506144766026115,0.3463301658630371,0.2024950385093689
442,2.0460685988766465,2.552554652842391,0.3693850040435791,0.19867253303527832
443,2.1054305519091225,2.553356515922674,0.36107349395751953,0.196644127368927
444,2.0699130977617837,2.551876031435453,0.3877232074737549,0.20142924785614014
445,2.08817989183231,2.5510698959580234,0.3678734302520752,0.20177477598190308
446,2.086966215066574,2.5506290703712895,0.3695058226585388,0.20295965671539307
447,2.1253697145324657,2.5512921132371575,0.3416135907173157,0.20341366529464722
448,2.0595920155795175,2.552187622988902,0.3806632161140442,0.20294159650802612
449,2.049884987436547,2.551504076125231,0.3767264485359192,0.2032865285873413
450,2.082995760181242,2.550693372420244,0.3755353093147278,0.2038317322731018
451,2.055483053277685,2.5503991854230694,0.3808218240737915,0.20293235778808594
452,2.0890013987894234,2.5518941895220193,0.36949622631073,0.20085948705673218
453,2.0874986404949296,2.5525672954061758,0.3676014542579651,0.20084792375564575
454,2.088046205902419,2.552100024494439,0.369132936000824,0.19913488626480103
455,2.1063852841330934,2.551794993040155,0.35428208112716675,0.20147430896759033
456,2.0337091592488377,2.5517972679839884,0.3965435028076172,0.20346498489379883
457,2.1097942171384343,2.553438770332464,0.37825965881347656,0.1992281675338745
458,2.088907721853336,2.5513359910269644,0.36821770668029785,0.20260083675384521
459,2.143615573295197,2.552362969886499,0.3400196433067322,0.2002766728401184
460,2.0538979575062917,2.5513863388112554,0.38777369260787964,0.2018982172012329
461,2.10808820101484,2.5510757718995265,0.3570713400840759,0.20325428247451782
462,2.1000625629920258,2.5511785374835982,0.3633943200111389,0.2032550573348999
463,2.119169952082674,2.5519073798903653,0.355024516582489,0.20258384943008423
464,2.11929872027993,2.5502395486353233,0.3485087752342224,0.20189005136489868
465,2.101574243612625,2.5506637423333514,0.363711416721344,0.20266175270080566
466,2.088603713803954,2.5516851530425924,0.3650338649749756,0.20327556133270264
467,2.0922254445764485,2.5515828204394184,0.3721538186073303,0.20142751932144165
468,2.090120081925512,2.551437582060645,0.36762434244155884,0.20118683576583862
469,2.1281529219705657,2.551960089533624,0.3454921841621399,0.2013491988182068
470,2.0930728872417403,2.5508255807053684,0.3590671420097351,0.20433884859085083
471,2.1193609207718818,2.5517043174309872,0.3379274606704712,0.20176160335540771
472,2.1146157327009805,2.550878275995669,0.358508825302124,0.2005680799484253
473,2.1426501957016373,2.551212294045898,0.3427916169166565,0.19813328981399536
474,2.0659684368114375,2.5503060339286576,0.37975460290908813,0.20135432481765747
475,2.0845701966054078,2.550701483436253,0.36923128366470337,0.20400166511535645
476,2.0845693595445334,2.5505797073593905,0.36698728799819946,0.20490527153015137
477,2.154163805084612,2.5513681145416056,0.35467231273651123,0.20449334383010864
478,2.098561232213798,2.5516343188525044,0.3640021085739136,0.20352309942245483
479,2.130507874329086,2.5515629256449417,0.3516455888748169,0.20406627655029297
480,2.0998974800908585,2.552313086181181,0.36143380403518677,0.2040451169013977
481,2.078958472614512,2.5509700846911274,0.3817346692085266,0.20504772663116455
482,2.0842965693529725,2.551907425341399,0.36993730068206787,0.20210963487625122
483,2.08373765530099,2.5512205796895615,0.38071709871292114,0.20245951414108276
484,2.063850121282453,2.5514420362619252,0.3793783187866211,0.20199334621429443
485,2.057757920755613,2.551583136204493,0.3847324848175049,0.20347225666046143
486,2.0676922468683827,2.551484250703384,0.3719279170036316,0.202193021774292
487,2.098184328382738,2.550561412919724,0.36657291650772095,0.20266199111938477
488,2.031304314507911,2.551207028902494,0.39307504892349243,0.20245665311813354
489,2.0762398201017525,2.550478328430533,0.37471306324005127,0.2031722068786621
490,2.095766220859547,2.551121298684723,0.3675089478492737,0.20449787378311157
491,2.079505485505914,2.551491611378647,0.3617020845413208,0.20144855976104736
492,2.085404404443712,2.5505309567403636,0.36321914196014404,0.2016228437423706
493,2.101249902491993,2.552000292168812,0.36433112621307373,0.19896948337554932
494,2.0788033379981266,2.5520657831211153,0.3816298842430115,0.20000630617141724
495,2.1265641560706263,2.551204311409124,0.3609727621078491,0.19913440942764282
496,2.10567666318149,2.5508522987365723,0.36779654026031494,0.2019749879837036
497,2.092895107253313,2.551288195677027,0.35300296545028687,0.20259696245193481
498,2.062001337757462,2.5514755472291673,0.3819578289985657,0.20271998643875122
499,2.081295091702511,2.5509405447089155,0.36246365308761597,0.20239955186843872
500,2.134245841547073,2.5506542327013304,0.3518957495689392,0.20544320344924927
501,2.0603087595359764,2.5505918667069247,0.38491809368133545,0.20361554622650146
502,2.106765212325794,2.5514459211292078,0.3540911078453064,0.2012081742286682
503,2.169102145998522,2.551154307298437,0.32812583446502686,0.2020062804222107
504,2.096377632326417,2.5512889492073185,0.3714563846588135,0.20270341634750366
505,2.077898280105399,2.5499668703430074,0.37351328134536743,0.20437753200531006
506,2.138475172683422,2.551932354834566,0.3484043478965759,0.20137333869934082
507,2.0535835712598995,2.5514697765426892,0.3676631450653076,0.2018498182296753
508,2.092752217847099,2.550704084511186,0.36784154176712036,0.20456790924072266
509,2.1126524581382022,2.551452938928253,0.3572218418121338,0.20117956399917603
510,2.112850986333748,2.5516719531056076,0.35754257440567017,0.20078831911087036
511,2.0795454759294265,2.5516438149289544,0.3628203272819519,0.2023884654045105
512,2.123088549529288,2.5512061446008074,0.3612377643585205,0.2021079659461975
513,2.124100713474267,2.5526482859582806,0.34005099534988403,0.2020789384841919
514,2.0656121216427343,2.5516773833080277,0.38546472787857056,0.2020343542098999
515,2.082761215404849,2.5511652386706807,0.3705230951309204,0.2025207281112671
516,2.09869331231269,2.5508827214256975,0.3522959351539612,0.20454281568527222
517,2.1209389532431087,2.5503647303501498,0.35367631912231445,0.20449280738830566
518,2.0447351918548,2.5506925439356163,0.3893330693244934,0.20228391885757446
519,2.1169582415665413,2.549223712455469,0.36156004667282104,0.20143461227416992
520,2.0987430138004886,2.5498692423204914,0.36785727739334106,0.20162111520767212
521,2.083107041154475,2.550832155157491,0.36342954635620117,0.20055967569351196
522,2.126335892845039,2.551423990606863,0.34155482053756714,0.19878476858139038
523,2.084066853052008,2.5503857749760352,0.37233054637908936,0.2008448839187622
524,2.1151523773794,2.5505411369744753,0.3512171506881714,0.202286958694458
525,2.0562873581546035,2.55211640759854,0.3859518766403198,0.20194214582443237
526,2.0336661147112824,2.550935004467151,0.39291924238204956,0.20334237813949585
527,2.0761510606986193,2.5514466746594993,0.37673884630203247,0.1999492049217224
528,2.114529468306345,2.5515400414482805,0.34304147958755493,0.19984465837478638
529,2.135604644740247,2.5500769336088047,0.34940773248672485,0.2042270302772522
530,2.1138515807875438,2.5510875604623138,0.35707956552505493,0.20160675048828125
531,2.097417407299406,2.551287846421717,0.3605889678001404,0.20266878604888916
532,2.102231818427592,2.5515088827713677,0.3566458225250244,0.20430946350097656
533,2.102349325640118,2.5515923994440697,0.34922683238983154,0.20110535621643066
534,2.086259072350098,2.5510276129413207,0.36187779903411865,0.2023116946220398
535,2.103560945296807,2.5522938627861813,0.37070155143737793,0.20106327533721924
536,2.0894212195621664,2.5506270266695563,0.3632410168647766,0.2028856873512268
537,2.124745424069352,2.550247592670862,0.35101157426834106,0.20175427198410034
538,2.097770123226159,2.552893943212503,0.36951524019241333,0.19929838180541992
539,2.054377595982959,2.5511501768360967,0.39221060276031494,0.19958746433258057
540,2.0987472230665247,2.550479483843647,0.36283087730407715,0.20425254106521606
541,2.052581146134803,2.5500257756797766,0.3725847601890564,0.20356154441833496
542,2.1054167372098123,2.5515806962016434,0.3663179278373718,0.20206189155578613
543,2.1247119715864735,2.5515151637852393,0.3460647463798523,0.20111089944839478
544,2.093446160880365,2.5516991790720454,0.3703845143318176,0.20036256313323975
545,2.149391042127881,2.5517989002342607,0.3379538059234619,0.20091533660888672
546,2.0906750253297175,2.552254231079765,0.3616860508918762,0.20081639289855957
547,2.112440650187545,2.551514715653997,0.3493412137031555,0.2013210654258728
548,2.0551949306149377,2.55156971618882,0.39122217893600464,0.20202893018722534
549,2.0688907732715958,2.5518730340594034,0.38437169790267944,0.20382970571517944
550,2.076515227705989,2.551542159306963,0.3766319751739502,0.2021629810333252
551,2.097567223224608,2.5519478719768713,0.3821052312850952,0.20254367589950562
552,2.063258281105527,2.5513942935395,0.3647087812423706,0.20343059301376343
553,2.0466612990777096,2.551297549021284,0.39107608795166016,0.20202720165252686
554,2.082662575208961,2.550671923519377,0.3678781986236572,0.20389437675476074
555,2.0827360588501844,2.5513942536701726,0.3856668472290039,0.2030322551727295
556,2.088192243072855,2.5513637225364763,0.36297810077667236,0.20135396718978882
557,2.1060785095096635,2.551632361268519,0.3616717457771301,0.20005589723587036
558,2.06837051997033,2.551135017720353,0.38401007652282715,0.20295119285583496
559,2.0614645509064897,2.550789872140789,0.38256967067718506,0.2024971842765808
560,2.0691650405002,2.5506460618813303,0.37016189098358154,0.20181375741958618
561,2.1088626059255806,2.5509855914674078,0.3588988184928894,0.2041783332824707
562,2.063871756670263,2.5517670837134423,0.3677542805671692,0.2016925811767578
563,2.0901031006920077,2.5510313989326705,0.3796405792236328,0.20134764909744263
564,2.129222692956078,2.550942288593305,0.3404439687728882,0.20251744985580444
565,2.088702629958365,2.55048628714571,0.3707771301269531,0.20430248975753784
566,2.0954730195216396,2.550562527666124,0.3673189878463745,0.20339643955230713
567,2.0365304140189986,2.5510050843790624,0.3982251286506653,0.2013636827468872
568,2.088289961143954,2.551277339259119,0.3786194324493408,0.20137077569961548
569,2.0655386320110942,2.5510836165884268,0.37450110912323,0.2012607455253601
570,2.0892340146516837,2.5516356369324753,0.36393624544143677,0.20182353258132935
571,2.109757225916813,2.551366349127779,0.3540882468223572,0.2018311619758606
572,2.086221569746583,2.5515367514313665,0.37668150663375854,0.20283180475234985
573,2.1419463908452685,2.5508162935441954,0.35621875524520874,0.20319610834121704
574,2.1253659821035873,2.552043996925737,0.3373974561691284,0.20076030492782593
575,2.096921881638979,2.552794733972454,0.3689998984336853,0.19944524765014648
576,2.07634466377335,2.551556725167112,0.3708324432373047,0.20145326852798462
577,2.073089589225986,2.550570788590804,0.3721310496330261,0.20076990127563477
578,2.120786225775778,2.5509612241317594,0.3630444407463074,0.20222193002700806
579,2.0310281860568815,2.552267923801639,0.3932321071624756,0.20023709535598755
580,2.0675539882538505,2.552663677910897,0.38079696893692017,0.20023757219314575
581,2.085395637069715,2.550867289603753,0.366166889667511,0.20323848724365234
582,2.0747334805365583,2.551086347637368,0.378872275352478,0.20265990495681763
583,2.094661419515434,2.551493816152464,0.3752548098564148,0.20300108194351196
584,2.1082972657540737,2.551231380290411,0.3625749945640564,0.20237654447555542
585,2.0664494830359965,2.5510337472360667,0.3759155869483948,0.2035709023475647
586,2.1233598774601665,2.551547720280778,0.3409951329231262,0.2023153305053711
587,2.0973576832456606,2.5510113821380513,0.37415462732315063,0.20429515838623047
588,2.0887339177043796,2.5512881717554303,0.36272865533828735,0.203111469745636
589,2.0659821189228613,2.551250944169469,0.3847113251686096,0.2034044861793518
590,2.101728525792734,2.550565027472965,0.3604395389556885,0.20304381847381592
591,2.1205255022799747,2.552196826424487,0.3593376874923706,0.2022290825843811
592,2.0935942347924312,2.5512438562004065,0.36238807439804077,0.20330709218978882
593,2.086283004862979,2.552918392678966,0.36421287059783936,0.20107531547546387
594,2.0839326763073203,2.5542900043985117,0.3682188391685486,0.1992812156677246
595,2.1175559090210165,2.5536722068403876,0.3552812337875366,0.19794410467147827
596,2.1194551306553624,2.552551777466484,0.34815555810928345,0.2000250220298767
597,2.111725839937552,2.550988016319913,0.3572053909301758,0.202745258808136
598,2.1138786712483544,2.550262588322362,0.3518885374069214,0.20225876569747925
599,2.151019200208399,2.5508556102829236,0.34214699268341064,0.20409727096557617
600,2.095448357376022,2.5512108810769276,0.36178070306777954,0.2038753628730774
601,2.1486375040345056,2.5517443573993184,0.34144508838653564,0.20248955488204956
602,2.049800260981523,2.5517554769547885,0.3769838213920593,0.20096653699874878
603,2.072047386936207,2.5512059811365644,0.36873334646224976,0.20127975940704346
604,2.0771007370110133,2.551399817036147,0.37657076120376587,0.1996856927871704
605,2.077356514818904,2.5510535487363173,0.3630763292312622,0.19920140504837036
606,2.0646199585005665,2.550474359040276,0.38014018535614014,0.20299267768859863
607,2.1078553195774457,2.551169046988854,0.36450886726379395,0.200788676738739
608,2.068128026310523,2.550061579133356,0.37402278184890747,0.20312786102294922
609,2.165481304603206,2.5501978269787537,0.349712610244751,0.2034435272216797
610,2.087250550987333,2.5507723567477836,0.3594006896018982,0.20478850603103638
611,2.0777838306011667,2.549971857198505,0.3714127540588379,0.20206528902053833
612,2.1141259778085066,2.551160473488645,0.35326969623565674,0.20403671264648438
613,2.0906764977741084,2.5513164678146207,0.36776310205459595,0.2033129334449768
614,2.0843464717194062,2.552378714283972,0.35865187644958496,0.20213818550109863
615,2.106633280988914,2.5514393554483368,0.35891616344451904,0.20115584135055542
616,2.118109596035189,2.551525389470384,0.36022675037384033,0.20214790105819702
617,2.1121410173387383,2.5510557112486465,0.3601091504096985,0.20385074615478516
618,2.0560036959560275,2.551428971083268,0.3758721947669983,0.20328396558761597
619,2.1093123733897503,2.5515916499007107,0.36629295349121094,0.20189374685287476
620,2.0589927177333354,2.5513298120785715,0.37970107793807983,0.20125490427017212
621,2.1437618049544906,2.551030280199338,0.34298282861709595,0.20351499319076538
622,2.0807655842060617,2.5507390228003564,0.38012129068374634,0.20162618160247803
623,2.078097115209953,2.5515878463668566,0.37622326612472534,0.20053863525390625
624,2.1093738226834655,2.55071436362123,0.3471161723136902,0.20363372564315796
625,2.070908282070703,2.5505219893311977,0.36521798372268677,0.2003301978111267
626,2.1292629661272517,2.5525719625096657,0.3573673367500305,0.19907069206237793
627,2.0657675521856977,2.5529610775784906,0.36919260025024414,0.2009555697441101
628,2.078119289535574,2.5525939927053294,0.365184485912323,0.1992408037185669
629,2.037568145061857,2.552476520123689,0.3859649896621704,0.20060783624649048
630,2.0578057017158624,2.5524870312732197,0.37833064794540405,0.2012537717819214
631,2.059893969914422,2.5508828681448232,0.39028656482696533,0.2034575343132019
632,2.0836606349178295,2.551362286443296,0.3593522310256958,0.20404702425003052
633,2.0829592378095567,2.550911559707744,0.37389397621154785,0.2046404480934143
634,2.0724373642523686,2.5512571271047944,0.372128427028656,0.2031349539756775
635,2.0761913186940717,2.5515183062856415,0.3709723949432373,0.2021162509918213
636,2.1259445457202903,2.552003468159449,0.35031658411026,0.19871628284454346
637,2.1185798099891624,2.5514902350894584,0.3515186905860901,0.20253241062164307
638,2.1066672686156713,2.551386448053213,0.352705180644989,0.20240330696105957
639,2.106978385292705,2.5518842764124026,0.3578518033027649,0.19988179206848145
640,2.1103048644073845,2.5511929039971086,0.36336779594421387,0.20172858238220215
641,2.0733023101161274,2.5521367417530074,0.3643385171890259,0.19936513900756836
642,2.0930621044919318,2.551129092340884,0.3524097204208374,0.20198547840118408
643,2.096408779297642,2.5509791549631586,0.37276744842529297,0.20630431175231934
644,2.070210996784357,2.551103044114384,0.36811769008636475,0.2055988907814026
645,2.1101390041498282,2.5506035619754854,0.3583322763442993,0.2024625539779663
646,2.0619712594765516,2.5513925057988502,0.38495558500289917,0.20373928546905518
647,2.102122888692859,2.550962053413774,0.3619541525840759,0.20235675573349
648,2.093294635290277,2.5516295951345693,0.35982567071914673,0.19981998205184937
649,2.0882982638613066,2.5508993445431507,0.3761342167854309,0.20350033044815063
650,2.102987243502184,2.550688458126923,0.3637060523033142,0.20136940479278564
651,2.0875923877185714,2.551479310096307,0.3631433844566345,0.20221787691116333
652,2.125528197392347,2.5510243851205576,0.3512392044067383,0.20357751846313477
653,2.08355538888992,2.5508646965026855,0.3728024363517761,0.20274615287780762
654,2.0898285375368255,2.550874587285479,0.37005966901779175,0.20289474725723267
655,2.089379280056786,2.552721300252704,0.3672659397125244,0.1991279125213623
656,2.127910698278865,2.5525952174910733,0.35035592317581177,0.2001994252204895
657,2.106524849057797,2.5524728457664567,0.3547489643096924,0.19988691806793213
658,2.062748218900594,2.551474709175901,0.3759763836860657,0.20239120721817017
659,2.1307142899064364,2.550937299345648,0.3367775082588196,0.20150303840637207
660,2.098798127230288,2.550868395578901,0.3536474108695984,0.20011228322982788
661,2.0420704886342214,2.550695713547161,0.38674843311309814,0.20051932334899902
662,2.0752811771341704,2.55163370008054,0.3764050602912903,0.2004709243774414
663,2.0936160882314048,2.5506827767477387,0.3705909252166748,0.2016814947128296
664,2.0803134676998782,2.549755428945739,0.37667399644851685,0.2030034065246582
665,2.0832102142985742,2.5511444707379294,0.3689754009246826,0.20111149549484253
666,2.079076443085918,2.553128719329834,0.36238157749176025,0.19959282875061035
667,2.089402979143101,2.5521041541593927,0.35886937379837036,0.20047426223754883
668,2.0967992330516005,2.5508179010754843,0.3706256151199341,0.19958746433258057
669,2.0976905698951964,2.550885403834059,0.35038912296295166,0.20383799076080322
670,2.127340390654265,2.552966691179818,0.36128175258636475,0.1981082558631897
671,2.142733230463025,2.5516261081631764,0.3519452214241028,0.20230764150619507
672,2.0785284323907978,2.550623238286047,0.3746236562728882,0.20092904567718506
673,2.096896215898907,2.5507486193475115,0.3585054874420166,0.20347696542739868
674,2.046832073873012,2.5511901849089655,0.3959575891494751,0.20475947856903076
675,2.0703151317896755,2.5515955921798246,0.3863036036491394,0.20169633626937866
676,2.114860849164838,2.5512532605774028,0.3362233638763428,0.20332306623458862
677,2.068010721574077,2.550911482361248,0.3812939524650574,0.20281821489334106
678,2.075005687860588,2.5511169250194845,0.3664427399635315,0.20458662509918213
679,2.063077200996616,2.552351257075434,0.385834276676178,0.20101821422576904
680,2.0597137158839547,2.5524848863033944,0.38609248399734497,0.20129603147506714
681,2.103817318352423,2.5511288690726492,0.3533654808998108,0.2023293375968933
682,2.1041169150590497,2.5515886541194344,0.3580062985420227,0.2001512050628662
683,2.096579101217452,2.5514033757723293,0.36284416913986206,0.20159131288528442
684,2.062502748003757,2.5513932920219906,0.3755074739456177,0.202043354511261
685,2.0888840950513803,2.5517654004304307,0.3633602261543274,0.2009604573249817
686,2.0963554110758666,2.5518314048996737,0.34769177436828613,0.2025246024131775
687,2.0554348232358746,2.5504181432883475,0.38291358947753906,0.20349812507629395
688,2.073212168324533,2.5532602067775154,0.3822322487831116,0.20072561502456665
689,2.09577155392773,2.5536936047085153,0.3598269820213318,0.19775021076202393
690,2.096688192693432,2.552139184945403,0.3562507629394531,0.2028193473815918
691,2.102343986182157,2.550996730160155,0.36285096406936646,0.2042110562324524
692,2.184627259795989,2.5508794696833377,0.31654369831085205,0.20189756155014038
693,2.0500448752487923,2.553402470107063,0.40140408277511597,0.19909518957138062
694,2.074660509075951,2.5507299054825188,0.3824661374092102,0.20126575231552124
695,2.0976886006455926,2.552327398472406,0.3589891195297241,0.20071172714233398
696,2.079468479108571,2.55071791837048,0.36106306314468384,0.2032065987586975
697,2.1124588816209853,2.5521682273584068,0.3515588641166687,0.20033884048461914
698,2.102477370394734,2.5522909012925266,0.36023592948913574,0.20120525360107422
699,2.063266068846736,2.552185210097195,0.3776952624320984,0.20147347450256348
700,2.1091856617024995,2.551349969213224,0.35748279094696045,0.20196086168289185
701,2.076320589886638,2.5515074873449013,0.3745676279067993,0.20043861865997314
702,2.097716302328573,2.551758067663697,0.34749191999435425,0.20157325267791748
703,2.1275219967217502,2.553301276969272,0.3559457063674927,0.2000293731689453
704,2.1362569276212247,2.5518864006501776,0.3400256633758545,0.202545166015625
705,2.0799448889503926,2.551803625546969,0.3635414242744446,0.20056992769241333
706,2.089576064641751,2.5510028612653546,0.35863763093948364,0.20233780145645142
707,2.0686516957466727,2.5512895942930394,0.3731305003166199,0.2029743194580078
708,2.0478101309819436,2.5505837525013697,0.3832241892814636,0.2040918469429016
709,2.06266890019428,2.550959088730573,0.3792639970779419,0.20511120557785034
710,2.080382129854493,2.5519814610879954,0.3700428605079651,0.2021666169166565
711,2.073108363391167,2.5510825823780685,0.3804197907447815,0.20398229360580444
712,2.070583718106575,2.5515654573472446,0.3799590468406677,0.20336562395095825
713,2.069672812968243,2.5529224386183316,0.38157153129577637,0.1980825662612915
714,2.1206891113389874,2.552313133226988,0.3628828525543213,0.2002827525138855
715,2.0887724570493202,2.5517745480489573,0.35550403594970703,0.20346611738204956
716,2.0819883743921914,2.5503651154878546,0.374053418636322,0.20365452766418457
717,2.062752486473352,2.5500398639053805,0.38318437337875366,0.2015584111213684
718,2.1237398591672556,2.5512809577992925,0.3650774359703064,0.20273244380950928
719,2.086221030808773,2.550865009078214,0.3763841986656189,0.20238953828811646
720,2.093325172437096,2.5516865492664453,0.3469920754432678,0.19933491945266724
721,2.07212170244661,2.5511459307527065,0.3640810251235962,0.20160621404647827
722,2.0955620031660325,2.5512895775479216,0.3642277717590332,0.20071744918823242
723,2.078365904202613,2.5528678742539523,0.3581322431564331,0.20114004611968994
724,2.063778153016939,2.5529619020761856,0.3683050274848938,0.20025622844696045
725,2.071241588049398,2.5525770482410954,0.37250691652297974,0.20077359676361084
726,2.059285771107953,2.55093549725204,0.37876182794570923,0.2015722393989563
727,2.102930717132798,2.551448340400007,0.37271004915237427,0.202775239944458
728,2.0578897634343285,2.5513937505192583,0.3779049515724182,0.20117884874343872
729,2.0938278646325346,2.5511660472206446,0.3560996651649475,0.20008611679077148
730,2.1316398655749245,2.55118235537041,0.35231536626815796,0.2018412947654724
731,2.122613892483352,2.552681595984111,0.34808558225631714,0.20068585872650146
732,2.1236379250409816,2.551265906330734,0.35356730222702026,0.2041623592376709
733,2.137573986596598,2.5517455526817603,0.3444477319717407,0.20427238941192627
734,2.075775526276785,2.551424468241408,0.3757208585739136,0.20452189445495605
735,2.0990485314348435,2.5505304934587767,0.3648945689201355,0.20289307832717896
736,2.0595944251247387,2.550610611669993,0.3802330493927002,0.20244896411895752
737,2.0821553135237703,2.5505310564136825,0.37540769577026367,0.2035144567489624
738,2.081503632080615,2.5507320687922346,0.3680877089500427,0.20203304290771484
739,2.0854733573332105,2.5509143776718193,0.36339855194091797,0.20344167947769165
740,2.0537013911721695,2.5508879921508076,0.3764572739601135,0.20450562238693237
741,2.099316779892249,2.5527515977521404,0.3459497094154358,0.20197069644927979
742,2.07516137119913,2.5526465301130927,0.36956000328063965,0.19988012313842773
743,2.0975474897940556,2.5511075142633954,0.37269139289855957,0.20255565643310547
744,2.0717881937921545,2.550901979905706,0.3764614462852478,0.20401209592819214
745,2.0278645931576165,2.5512700264270487,0.38710808753967285,0.20371657609939575
746,2.0690374576067008,2.551404290374705,0.3812798261642456,0.20210707187652588
747,2.0878985666949146,2.550294462255012,0.3771212100982666,0.20123696327209473
748,2.0808875928172714,2.55101659066701,0.3740178942680359,0.20169150829315186
749,2.0553870624433612,2.5513392387823917,0.37316590547561646,0.20307952165603638
750,2.065019279269118,2.551173954105696,0.38411808013916016,0.20086699724197388
751,2.0657987490770604,2.5519544296838768,0.37274646759033203,0.20252639055252075
752,2.0598291204602672,2.552700785888876,0.3706154227256775,0.20016801357269287
753,2.084163990052701,2.5518076124797298,0.3662499189376831,0.2028207778930664
754,2.0766560388370174,2.5518629981522576,0.3767002820968628,0.20268309116363525
755,2.089510920858463,2.550899812609057,0.3606122136116028,0.20294034481048584
756,2.044167174366451,2.55048371078976,0.3896937370300293,0.20335155725479126
757,2.09123648950203,2.550532982102206,0.3638775944709778,0.20434772968292236
758,2.087544765504361,2.550053427450633,0.3616015315055847,0.2042924165725708
759,2.086596876532588,2.550547164419423,0.37686610221862793,0.2025667428970337
760,2.0618319427547744,2.5515935381120665,0.3876630663871765,0.2002410888671875
761,2.07517352894922,2.552179250430104,0.3630686402320862,0.19984394311904907
762,2.079497256670366,2.5520848279015276,0.3767010569572449,0.20166677236557007
763,2.0839026713091724,2.5531008020292556,0.3789546489715576,0.20042091608047485
764,2.0913915708037076,2.552227194891327,0.3633959889411926,0.20189565420150757
765,2.080336501250914,2.550483534567332,0.3771856427192688,0.2032015323638916
766,2.133202147843251,2.5510412641990943,0.35482490062713623,0.2045154571533203
767,2.091155865883308,2.549438847347247,0.3770427703857422,0.2038503885269165
768,2.084749093207482,2.550056084342625,0.3646489977836609,0.20293354988098145
769,2.1037533401045168,2.5502234948518683,0.36822015047073364,0.20286285877227783
770,2.101077952776323,2.551460054805845,0.3621060848236084,0.201565682888031
771,2.041693342790332,2.551159374689976,0.37939876317977905,0.20241200923919678
772,2.132821007190238,2.5509342668845902,0.34638863801956177,0.2031114101409912
773,2.1223181731736838,2.5514212707213333,0.3598841428756714,0.2004622220993042
774,2.1220518284706613,2.5514047664144766,0.34281301498413086,0.19960111379623413
775,2.0862673714732005,2.5527392845090016,0.3702375888824463,0.2017509937286377
776,2.0981783583335942,2.5520030838191308,0.3688671588897705,0.20108675956726074
777,2.1370173542942834,2.550974467127618,0.3483569025993347,0.20425885915756226
778,2.0714347793828303,2.550987360868167,0.3770875930786133,0.20128107070922852
779,2.0789255624640126,2.5513779845923485,0.37234848737716675,0.20098328590393066
780,2.1263953972501772,2.551371017826042,0.3339717984199524,0.20158326625823975
781,2.086543198206916,2.5506709267861867,0.38224899768829346,0.2047099471092224
782,2.092447524893424,2.5528090972964184,0.35779857635498047,0.20174747705459595
783,2.087634216800607,2.551980859061149,0.36882662773132324,0.2023727297782898
784,2.106142939834339,2.5521627644631377,0.3568732738494873,0.2034815549850464
785,2.1062179162873695,2.5516930782675344,0.36374837160110474,0.203436017036438
786,2.086483038450206,2.551033244882539,0.3632020950317383,0.20261961221694946
787,2.110308498593431,2.551376097975766,0.3670192360877991,0.2010279893875122
788,2.128022772982292,2.5510641372323435,0.3466908931732178,0.20314395427703857
789,2.0776457203492846,2.5506849464365473,0.3661267161369324,0.2014642357826233
790,2.0626523702388235,2.5503468720809273,0.36318522691726685,0.20424610376358032
791,2.0757086300969725,2.550571597140768,0.378606379032135,0.20351272821426392
792,2.079937596217272,2.5515545961450177,0.3734837770462036,0.20207464694976807
793,2.1081775576625037,2.551035688074935,0.34210366010665894,0.20231729745864868
794,2.124147455895965,2.5508265295953656,0.3589508533477783,0.20001906156539917
795,2.0749565263090024,2.5515439940934197,0.37056654691696167,0.19881248474121094
796,2.0260424458201807,2.5506740629074964,0.4011317491531372,0.20208609104156494
797,2.0949147043116327,2.5504742729225285,0.36990994215011597,0.20237427949905396
798,2.072728121500319,2.5504725976133824,0.38470351696014404,0.20172685384750366
799,2.1184291378337536,2.5526393616079885,0.3558349609375,0.19898831844329834
800,2.041994933506951,2.55137899488111,0.38078492879867554,0.20116186141967773
